{
  "format_version": "1.10.0",
  "minecraft:client_entity": {
    "description": {
      "identifier": "xp_furniture:candle_holder",
      "materials": {
        "default": "entity_alphatest",

        "block_outline": "xp_furniture_boutline",
        "block_destruct_masked": "xp_furniture_bdestructmask"
      },
      "textures": {
        "big_gold": "textures/xp/fpack/entity/deco/candle_big_gold",
        "big_metal": "textures/xp/fpack/entity/deco/candle_big_metal",
        "small_iron": "textures/xp/fpack/entity/deco/candle_small_iron",
        "small_metal": "textures/xp/fpack/entity/deco/candle_small_metal",

        "block_outline": "textures/xp/fpack/entity/block_outline",

        "block_destruct.stage_1": "textures/xp/fpack/overlays/destroy_32/3",
        "block_destruct.stage_2": "textures/xp/fpack/overlays/destroy_32/6",
        "block_destruct.stage_3": "textures/xp/fpack/overlays/destroy_32/9"
      },
      "geometry": {
        "big": "geometry.xp_furniture.candle_holder_big",
        "small": "geometry.xp_furniture.candle_holder_small",

        "block_outline": "geometry.xp_furniture.block_outline"
      },
      "scripts": {
        "pre_animation": [
          /* Psuedo-block visual expression parameters */
          "v.horizontal_threshold = 35;",
          "v.vertical_threshold = q.variant > 1 ? 35 : 70;",
          "v.vertical_offset = 0;",

          "v.block_outline_size_x = q.variant > 1 ? 0.4 : 0.8;",
          "v.block_outline_size_y = q.variant > 1 ? 0.8 : 1.805;",
          "v.block_outline_size_z = q.variant > 1 ? 0.4 : 0.8;",
          "v.block_outline_offset_x = q.variant > 1 ? 0.0 : 0.0;",
          "v.block_outline_offset_y = q.variant > 1 ? -0.2 : 0.4;",
          "v.block_outline_offset_z = q.variant > 1 ? 0.0 : 0.0;",

          "v.camera_rot = -Math.atan2(-q.distance_from_camera * Math.sin(q.rotation_to_camera(0)) + v.vertical_offset, q.distance_from_camera * Math.cos(q.rotation_to_camera(0)));",
          "v.look_at_entity = Math.abs(Math.abs(q.rotation_to_camera(1) - q.camera_rotation(1)) - 180) < (v.horizontal_threshold / q.distance_from_camera) && Math.abs(v.camera_rot + q.camera_rotation(0)) < (v.vertical_threshold / q.distance_from_camera);"
        ],
        "animate": [
          "align",
          { "lit": "q.property('xp_furniture:is_interacted_with') && q.variant < 2" },
          { "lit_small": "q.property('xp_furniture:is_interacted_with') && q.variant > 1" },

          "block_outline"
        ]
      },
      "animations": {
        "align": "animation.xp_furniture.candle_holder.align",
        "lit": "animation.xp_furniture.candle_holder.lit",
        "lit_small": "animation.xp_furniture.candle_holder.lit_small",

        "block_outline": "animation.xp_furniture.block_outline.scale"
      },
      "particle_effects": {
        "bloom": "xp_furniture:candle.bloom",
        "flame": "xp_furniture:candle.flame",
        "smoke": "xp_furniture:candle.smoke"
      },
      "render_controllers": [
        "controller.render.xp_furniture.candle_holder",
        "controller.render.xp_furniture.candle_holder.block_destruct",

        "controller.render.xp_furniture.block_outline"
      ]
    }
  }
}
