{
  "format_version": "1.10.0",
  "minecraft:client_entity": {
    "description": {
      "identifier": "xp_furniture:globe",
      "materials": {
        "default": "entity_alphatest",

        "block_outline": "xp_furniture_boutline",
        "block_destruct_masked": "xp_furniture_bdestructmask"
      },
      "textures": {
        "default": "textures/xp/fpack/entity/deco/globe",
        "colored": "textures/xp/fpack/entity/deco/globe_colored",

        "block_outline": "textures/xp/fpack/entity/block_outline",

        "block_destruct.stage_1": "textures/xp/fpack/overlays/destroy_32/3",
        "block_destruct.stage_2": "textures/xp/fpack/overlays/destroy_32/6",
        "block_destruct.stage_3": "textures/xp/fpack/overlays/destroy_32/9"
      },
      "geometry": {
        "default": "geometry.xp_furniture.globe",

        "block_outline": "geometry.xp_furniture.block_outline"
      },
      "scripts": {
        "pre_animation": [
          /* Psuedo-block visual expression parameters */
          "v.horizontal_threshold = 35;",
          "v.vertical_threshold = 35;",
          "v.vertical_offset = 0;",

          "v.block_outline_size_x = 0.5;",
          "v.block_outline_size_y = 0.75;",
          "v.block_outline_size_z = 0.5;",
          "v.block_outline_offset_x = 0.0;",
          "v.block_outline_offset_y = -0.1;",
          "v.block_outline_offset_z = 0.0;",

          "v.camera_rot = -Math.atan2(-q.distance_from_camera * Math.sin(q.rotation_to_camera(0)) + v.vertical_offset, q.distance_from_camera * Math.cos(q.rotation_to_camera(0)));",
          "v.look_at_entity = Math.abs(Math.abs(q.rotation_to_camera(1) - q.camera_rotation(1)) - 180) < (v.horizontal_threshold / q.distance_from_camera) && Math.abs(v.camera_rot + q.camera_rotation(0)) < (v.vertical_threshold / q.distance_from_camera);"
        ],
        "animate": [ "root", "align", "block_outline" ]
      },
      "animations": {
        "root": "controller.animation.xp_furniture.globe",
        "align": "animation.xp_furniture.globe.align",

        "idle": "animation.xp_furniture.globe.idle",
        "spin": "animation.xp_furniture.globe.spin",
        "spin2": "animation.xp_furniture.globe.spin2",

        "block_outline": "animation.xp_furniture.block_outline.scale"
      },
      "sound_effects": {
        "spin": "xp_furniture:globe"
      },
      "render_controllers": [
        "controller.render.xp_furniture.globe",

        "controller.render.xp_furniture.block_outline",
        "controller.render.xp_furniture.block_destruct_masked"
      ],
      "spawn_egg": {
        "texture": "xp_furniture:globe",
        "texture_index": 0
      }
    }
  }
}
