{
  "format_version": "1.10.0",
  "minecraft:client_entity": {
    "description": {
      "identifier": "xp_furniture:grandfather_clock",
      "materials": {
        "default": "entity_alphatest",

        "block_outline": "xp_furniture_boutline",
        "block_destruct_masked": "xp_furniture_bdestructmask"
      },
      "textures": {
        "default": "textures/xp/fpack/entity/deco/grandfather_clock",
        "fancy": "textures/xp/fpack/entity/deco/grandfather_clock_fancy",
        "small": "textures/xp/fpack/entity/deco/grandfather_clock_small",
        "small_fancy": "textures/xp/fpack/entity/deco/grandfather_clock_small_fancy",

        "block_outline": "textures/xp/fpack/entity/block_outline",

        "block_destruct.stage_1": "textures/xp/fpack/overlays/destroy_96/3",
        "block_destruct.stage_2": "textures/xp/fpack/overlays/destroy_96/6",
        "block_destruct.stage_3": "textures/xp/fpack/overlays/destroy_96/9"
      },
      "geometry": {
        "default": "geometry.xp_furniture.grandfather_clock",
        "fancy": "geometry.xp_furniture.grandfather_clock_fancy",
        "small": "geometry.xp_furniture.grandfather_clock_small",
        "small_fancy": "geometry.xp_furniture.grandfather_clock_small_fancy",

        "block_outline": "geometry.xp_furniture.block_outline"
      },
      "scripts": {
        "pre_animation": [
          /* Psuedo-block visual expression parameters */
          "v.horizontal_threshold = 35;",
          "v.vertical_threshold = 50 + (q.variant < 2 * 20);",
          "v.vertical_offset = -1 + (q.variant > 1 * 1);",

          "v.block_outline_size_x = 0.8805;",
          "v.block_outline_size_y = q.variant < 2 ? 2.435 : 1.435;",
          "v.block_outline_size_z = 0.8805;",
          "v.block_outline_offset_x = 0.0;",
          "v.block_outline_offset_y = q.variant < 2 ? 0.725 : 0.2175;",
          "v.block_outline_offset_z = 0.0;",

          "v.camera_rot = -Math.atan2(-q.distance_from_camera * Math.sin(q.rotation_to_camera(0)) + v.vertical_offset, q.distance_from_camera * Math.cos(q.rotation_to_camera(0)));",
          "v.look_at_entity = Math.abs(Math.abs(q.rotation_to_camera(1) - q.camera_rotation(1)) - 180) < (v.horizontal_threshold / q.distance_from_camera) && Math.abs(v.camera_rot + q.camera_rotation(0)) < (v.vertical_threshold / q.distance_from_camera);"
        ],
        "animate": [
          "align",
          "clock_and_pendulum",
          "tick_sound",
          "duck",
          "block_outline"
        ],
        "should_update_bones_and_effects_offscreen": true
      },
      "animations": {
        "align": "animation.xp_furniture.grandfather_clock.align",
        "clock_and_pendulum": "animation.xp_furniture.grandfather_clock.clock_and_pendulum",
        "tick_sound": "animation.xp_furniture.grandfather_clock.tick_sound",

        "duck": "controller.animation.xp_furniture.grandfather_clock.duck",
        "duck_idle": "animation.xp_furniture.grandfather_clock.duck_idle",
        "duck_active": "animation.xp_furniture.grandfather_clock.duck_active",

        "block_outline": "animation.xp_furniture.block_outline.scale"
      },
      "sound_effects": {
        "cuckoo": "xp_furniture:clock",
        "tick_a": "xp_furniture:clock_tick_a",
        "tick_b": "xp_furniture:clock_tick_b"
      },
      "render_controllers": [
        "controller.render.xp_furniture.grandfather_clock",
        "controller.render.xp_furniture.grandfather_clock.block_destruct",

        "controller.render.xp_furniture.block_outline"
      ]
    }
  }
}
