{
  "format_version": "1.10.0",
  "minecraft:client_entity": {
    "description": {
      "identifier": "xp_furniture:instruments",
      "materials": {
        "default": "entity_alphatest",

        "block_outline": "xp_furniture_boutline",
        "block_destruct_masked": "xp_furniture_bdestructmask"
      },
      "textures": {
        "bongos": "textures/xp/fpack/entity/deco/bongos",
        "harp": "textures/xp/fpack/entity/deco/harp",
        "ukelele": "textures/xp/fpack/entity/deco/ukelele",

        "block_outline": "textures/xp/fpack/entity/block_outline",

        "block_destruct.stage_1": "textures/xp/fpack/overlays/destroy_32/3",
        "block_destruct.stage_2": "textures/xp/fpack/overlays/destroy_32/6",
        "block_destruct.stage_3": "textures/xp/fpack/overlays/destroy_32/9",

        "block_destruct.stage_1.alt": "textures/xp/fpack/overlays/destroy_64/3",
        "block_destruct.stage_2.alt": "textures/xp/fpack/overlays/destroy_64/6",
        "block_destruct.stage_3.alt": "textures/xp/fpack/overlays/destroy_64/9"
      },
      "geometry": {
        "bongos": "geometry.xp_furniture.instruments.bongos",
        "harp": "geometry.xp_furniture.instruments.harp",
        "ukelele": "geometry.xp_furniture.instruments.ukelele"
      },
      "scripts": {
        "pre_animation": [
          /* Psuedo-block visual expression parameters */
          "v.horizontal_threshold = 35;",
          "v.vertical_threshold = 35;",
          "v.vertical_offset = 0;",

          "v.camera_rot = -Math.atan2(-q.distance_from_camera * Math.sin(q.rotation_to_camera(0)) + v.vertical_offset, q.distance_from_camera * Math.cos(q.rotation_to_camera(0)));",
          "v.look_at_entity = Math.abs(Math.abs(q.rotation_to_camera(1) - q.camera_rotation(1)) - 180) < (v.horizontal_threshold / q.distance_from_camera) && Math.abs(v.camera_rot + q.camera_rotation(0)) < (v.vertical_threshold / q.distance_from_camera);"
        ],
        "animate": [
          "root",
          "align"
        ]
      },
      "animations": {
        "root": "controller.animation.xp_furniture.instruments",
        "align": "animation.xp_furniture.instrument.align",

        "bongos": "controller.animation.xp_furniture.instruments.bongos",
        "bongos.idle": "animation.xp_furniture.instrument.bongos.idle",
        "bongos.hit_combo": "animation.xp_furniture.instrument.bongos.hit_combo",
        "bongos.hit_big": "animation.xp_furniture.instrument.bongos.hit_big",
        "bongos.hit_thin": "animation.xp_furniture.instrument.bongos.hit_thin",
        "bongos.hit_tall": "animation.xp_furniture.instrument.bongos.hit_tall",

        "harp": "controller.animation.xp_furniture.instruments.harp",
        "harp.strum": "animation.xp_furniture.instrument.harp.strum",
        "harp.idle": "animation.xp_furniture.instrument.harp.idle",

        "ukelele": "controller.animation.xp_furniture.instruments.ukelele",
        "ukelele.strum": "animation.xp_furniture.instrument.ukelele.strum",
        "ukelele.strum_twice": "animation.xp_furniture.instrument.ukelele.strum_twice",
        "ukelele.idle": "animation.xp_furniture.instrument.ukelele.idle"
      },
      "particle_effects": {
        "note": "xp_furniture:note"
      },
      "sound_effects": {
        "bongo_1": "xp_furniture:instrument.bongo_1",
        "bongo_2": "xp_furniture:instrument.bongo_2",
        "bongo_3": "xp_furniture:instrument.bongo_3",
        "harp": "xp_furniture:instrument.harp",
        "ukelele": "xp_furniture:instrument.ukelele"
      },
      "render_controllers": [
        "controller.render.xp_furniture.instruments",
        "controller.render.xp_furniture.instruments.block_outline",
        "controller.render.xp_furniture.instruments.block_destruct"
      ]
    }
  }
}
