{
  "format_version": "1.10.0",
  "minecraft:client_entity": {
    "description": {
      "identifier": "xp_furniture:mob_plushie",
      "materials": {
        "default": "entity_alphatest",
        "block_outline": "xp_furniture_boutline",
        "block_destruct_masked": "xp_furniture_bdestructmask"
      },
      "textures": {
        "default": "textures/xp/fpack/entity/deco/mob_plushies",
        "block_outline": "textures/xp/fpack/entity/block_outline",
        "block_destruct.stage_1": "textures/xp/fpack/overlays/destroy_96/3",
        "block_destruct.stage_2": "textures/xp/fpack/overlays/destroy_96/6",
        "block_destruct.stage_3": "textures/xp/fpack/overlays/destroy_96/9"
      },
      "geometry": {
        "cow": "geometry.xp_furniture.mob_plushie.cow",
        "creeper": "geometry.xp_furniture.mob_plushie.creeper",
        "enderman": "geometry.xp_furniture.mob_plushie.enderman",
        "pig": "geometry.xp_furniture.mob_plushie.pig",
        "sheep": "geometry.xp_furniture.mob_plushie.sheep",
        "zombie": "geometry.xp_furniture.mob_plushie.zombie",
        "axolotl": "geometry.xp_furniture.mob_plushie.axolotl",
        "bee": "geometry.xp_furniture.mob_plushie.bee",
        "dragon": "geometry.xp_furniture.mob_plushie.dragon",
        "spider": "geometry.xp_furniture.mob_plushie.spider",
        "skeleton": "geometry.xp_furniture.mob_plushie.skeleton",
        "bat": "geometry.xp_furniture.mob_plushie.bat",
        "polar_bear": "geometry.xp_furniture.mob_plushie.polar_bear",
        "snow_golem": "geometry.xp_furniture.mob_plushie.snow_golem",
        "snow_golem_pumpkin": "geometry.xp_furniture.mob_plushie.snow_golem_pumpkin",
        "block_outline": "geometry.xp_furniture.block_outline"
      },
      "scripts": {
        "pre_animation": [
          "v.horizontal_threshold = 35;",
          "v.vertical_threshold = 35;",
          "v.vertical_offset = 0;",
          "v.camera_rot = -Math.atan2(-q.distance_from_camera * Math.sin(q.rotation_to_camera(0)) + v.vertical_offset, q.distance_from_camera * Math.cos(q.rotation_to_camera(0)));",
          "v.look_at_entity = Math.abs(Math.abs(q.rotation_to_camera(1) - q.camera_rotation(1)) - 180) < (v.horizontal_threshold / q.distance_from_camera) && Math.abs(v.camera_rot + q.camera_rotation(0)) < (v.vertical_threshold / q.distance_from_camera);"
        ],
        "animate": [
          "root",
          "block_outline"
        ]
      },
      "animations": {
        "root": "controller.animation.xp_furniture.mob_plushie",
        "plushie_cow.squish": "animation.xp_furniture.mob_plushie.plushie_cow.squish",
        "plushie_creeper.squish": "animation.xp_furniture.mob_plushie.plushie_creeper.squish",
        "plushie_enderman.squish": "animation.xp_furniture.mob_plushie.plushie_enderman.squish",
        "plushie_pig.squish": "animation.xp_furniture.mob_plushie.plushie_pig.squish",
        "plushie_sheep.squish": "animation.xp_furniture.mob_plushie.plushie_sheep.squish",
        "plushie_zombie.squish": "animation.xp_furniture.mob_plushie.plushie_zombie.squish",
        "plushie_axolotl.squish": "animation.xp_furniture.mob_plushie.plushie_axolotl.squish",
        "plushie_bee.squish": "animation.xp_furniture.mob_plushie.plushie_bee.squish",
        "plushie_dragon.squish": "animation.xp_furniture.mob_plushie.plushie_dragon.squish",
        "plushie_spider.squish": "animation.xp_furniture.mob_plushie.plushie_spider.squish",
        "plushie_skeleton.squish": "animation.xp_furniture.mob_plushie.plushie_skeleton.squish",
        "plushie_bat.squish": "animation.xp_furniture.mob_plushie.plushie_bat.squish",
        "plushie_polar_bear.squish": "animation.xp_furniture.mob_plushie.plushie_polar_bear.squish",
        "plushie_snow_golem.squish": "animation.xp_furniture.mob_plushie.plushie_snow_golem.squish",
        "plushie_snow_golem_pumpkin.squish": "animation.xp_furniture.mob_plushie.plushie_snow_golem_pumpkin.squish",
        "block_outline": "animation.xp_furniture.block_outline.scale"
      },
      "sound_effects": {
        "cow": "xp_furniture:mob_plushie.cow",
        "creeper": "xp_furniture:mob_plushie.creeper",
        "enderman": "xp_furniture:mob_plushie.enderman",
        "pig": "xp_furniture:mob_plushie.pig",
        "sheep": "xp_furniture:mob_plushie.sheep",
        "zombie": "xp_furniture:mob_plushie.zombie",
        "axolotl": "xp_furniture:mob_plushie.axolotl",
        "bee": "xp_furniture:mob_plushie.bee",
        "dragon": "xp_furniture:mob_plushie.dragon",
        "spider": "xp_furniture:mob_plushie.spider",
        "skeleton": "xp_furniture:mob_plushie.skeleton",
        "bat": "xp_furniture:mob_plushie.bat",
        "polar_bear": "xp_furniture:mob_plushie.polar_bear",
        "snow_golem": "xp_furniture:mob_plushie.snow_golem",
        "snow_golem_pumpkin": "xp_furniture:mob_plushie.snow_golem_pumpkin"
      },
      "render_controllers": [
        "controller.render.xp_furniture.mob_plushie",
        "controller.render.xp_furniture.mob_plushie.block_outline",
        "controller.render.xp_furniture.mob_plushie.block_destruct"
      ]
    }
  }
}