{
  "format_version": "1.10.0",
  "minecraft:client_entity": {
    "description": {
      "identifier": "xp_furniture:small_fountain",
      "materials": {
        "default": "entity_alphatest",
        "base": "xp_furniture_uvanim",
        "water": "xp_furniture_uvanimblend",

        "block_outline": "xp_furniture_boutline",
        "block_destruct_masked": "xp_furniture_bdestructmask"
      },
      "textures": {
        "metal": "textures/xp/fpack/entity/deco/small_fountain_metal",
        "diorite": "textures/xp/fpack/entity/deco/small_fountain_diorite",

        "block_outline": "textures/xp/fpack/entity/block_outline",

        "block_destruct.stage_1": "textures/xp/fpack/overlays/destroy_64/3",
        "block_destruct.stage_2": "textures/xp/fpack/overlays/destroy_64/6",
        "block_destruct.stage_3": "textures/xp/fpack/overlays/destroy_64/9"
      },
      "geometry": {
        "empty": "geometry.xp_furniture.small_fountain",
        "full": "geometry.xp_furniture.small_fountain_water",

        "block_outline": "geometry.xp_furniture.block_outline"
      },
      "scripts": {
        "pre_animation": [
          /* Psuedo-block visual expression parameters */
          "v.horizontal_threshold = 35;",
          "v.vertical_threshold = 35;",
          "v.vertical_offset = -1;",

          "v.block_outline_size_x = 0.805;",
          "v.block_outline_size_y = 1.005;",
          "v.block_outline_size_z = 0.805;",
          "v.block_outline_offset_x = 0.0;",
          "v.block_outline_offset_y = 0.0;",
          "v.block_outline_offset_z = 0.0;",

          "v.camera_rot = -Math.atan2(-q.distance_from_camera * Math.sin(q.rotation_to_camera(0)) + v.vertical_offset, q.distance_from_camera * Math.cos(q.rotation_to_camera(0)));",
          "v.look_at_entity = Math.abs(Math.abs(q.rotation_to_camera(1) - q.camera_rotation(1)) - 180) < (v.horizontal_threshold / q.distance_from_camera) && Math.abs(v.camera_rot + q.camera_rotation(0)) < (v.vertical_threshold / q.distance_from_camera);"
        ],
        "animate": [
          "align",
          { "fountain": "q.property('xp_furniture:is_interacted_with')" },

          "block_outline"
        ]
      },
      "animations": {
        "align": "animation.xp_furniture.small_fountain.align",
        "fountain": "animation.xp_furniture.small_fountain.fountain",

        "block_outline": "animation.xp_furniture.block_outline.scale"
      },
      "particle_effects": {
        "fountain": "xp_furniture:small_fountain"
      },
      "render_controllers": [
        "controller.render.xp_furniture.small_fountain.base",
        "controller.render.xp_furniture.small_fountain.water",
        "controller.render.xp_furniture.small_fountain.block_destruct",

        "controller.render.xp_furniture.block_outline"
      ]
    }
  }
}
