{
  "format_version": "1.10.0",
  "minecraft:client_entity": {
    "description": {
      "identifier": "xp_furniture:wind_chimes",
      "materials": {
        "default": "entity_alphatest",

        "block_outline": "xp_furniture_boutline",
        "block_destruct_masked": "xp_furniture_bdestructmask"
      },
      "textures": {
        "bamboo": "textures/xp/fpack/entity/deco/wind_chimes_bamboo",
        "copper": "textures/xp/fpack/entity/deco/wind_chimes_copper",
        "iron": "textures/xp/fpack/entity/deco/wind_chimes_iron",

        "block_outline": "textures/xp/fpack/entity/block_outline",

        "block_destruct.stage_1": "textures/xp/fpack/overlays/destroy_48/3",
        "block_destruct.stage_2": "textures/xp/fpack/overlays/destroy_48/6",
        "block_destruct.stage_3": "textures/xp/fpack/overlays/destroy_48/9"
      },
      "geometry": {
        "default": "geometry.xp_furniture.wind_chimes",
        "wall_mounted": "geometry.xp_furniture.wind_chimes_wall",

        "block_outline": "geometry.xp_furniture.block_outline"
      },
      "scripts": {
        "pre_animation": [
          /* Psuedo-block visual expression parameters */
          "v.horizontal_threshold = 25;",
          "v.vertical_threshold = 60;",
          "v.vertical_offset = 0;",

          "v.block_outline_size_x = 0.725;",
          "v.block_outline_size_y = 1.500;",
          "v.block_outline_size_z = 0.725;",
          "v.block_outline_offset_x = 0.0;",
          "v.block_outline_offset_y = -0.25;",
          "v.block_outline_offset_z = 0.0;",

          "v.camera_rot = -Math.atan2(-q.distance_from_camera * Math.sin(q.rotation_to_camera(0)) + v.vertical_offset, q.distance_from_camera * Math.cos(q.rotation_to_camera(0)));",
          "v.look_at_entity = Math.abs(Math.abs(q.rotation_to_camera(1) - q.camera_rotation(1)) - 180) < (v.horizontal_threshold / q.distance_from_camera) && Math.abs(v.camera_rot + q.camera_rotation(0)) < (v.vertical_threshold / q.distance_from_camera);"
        ],
        "animate": [
          "sounds",
          "idle",
          { "winds": "!q.variant" },
          { "winds_wall": "q.variant" },
          "align",

          "block_outline"
        ]
      },
      "animations": {
        "sounds": "controller.animation.xp_furniture.wind_chimes",
        "idle": "animation.xp_furniture.wind_chimes.idle",
        "winds": "animation.xp_furniture.wind_chimes.winds",
        "winds_wall": "animation.xp_furniture.wind_chimes.winds_wall",
        "align": "animation.xp_furniture.wind_chimes.align",

        "block_outline": "animation.xp_furniture.block_outline.scale"
      },
      "particle_effects": {
        "winds": "xp_furniture:small_wind"
      },
      "sound_effects": {
        "bamboo": "xp_furniture:wind_chimes.bamboo",
        "metal": "xp_furniture:wind_chimes.metal"
      },
      "render_controllers": [
        "controller.render.xp_furniture.wind_chimes",
        "controller.render.xp_furniture.wind_chimes.block_destruct",

        "controller.render.xp_furniture.block_outline"
      ]
    }
  }
}
