{
  "format_version": "1.10.0",
  "animations": {
    "animation.4ks_wp.headlight": {
      "animation_length": 0.01,
      "loop": true,
      "timeline": {
        "0.0": [
          "/execute as @a[tag=4kssglowstone] positioned as @s run function 4ks/wp/headlight/off",
          "/execute as @a[tag=4kssglowstone] positioned as @s run function 4ks/wp/headlight/on"
        ]
      }
    },
    "animation.4ks_wp.misc.invisible_hitter": {
      "loop": true,
      "animation_length": 0.05,
      "timeline": {
        "0.0": [
          "/execute unless entity @p[r=2.5] run event entity @s 4ks_wp:despawn",
          "/execute rotated as @p[r=2.5] positioned as @p[r=2.5] run tp @e[type=4ks_wp:invisible_hitter,r=2.5,c=1] ^^1.2^1"
        ]
      }
    }
  }
}