{
  "format_version": "1.12.0",
  "minecraft:recipe_shaped": {
    "description": {
      "identifier": "4ks_wp:demonic_cutlass"
    },
    "tags": [
      "crafting_table"
    ],
    "pattern": [
      "  #",
      "  #",
      " S "
    ],
    "key": {
      "A": {
        "item": "4ks_wp:demonic_axe"
      },
      "#": {
        "item": "4ks_wp:demonic_shard"
      },
      "S": {
        "item": "4ks_wp:platinum_stick"
      }
    },
    "result": {
      "item": "4ks_wp:demonic_cutlass",
      "count": 1
    }
  }
}