{
  "format_version": "1.8.0",
  "minecraft:client_entity": {
    "description": {
      "identifier": "pod_farm:coconut",
      "materials": {
        "default": "entity_alphatest"
      },
      "textures": {
        "default": "textures/podcrash/farm/entity/crops/coconut"
      },
      "geometry": {
        "default": "geometry.pod_farm.coconut"
      },
      "render_controllers": ["controller.render.agent"],
      "spawn_egg": {
        "texture": "pod_farm:coconut",
        "texture_index": 0
      }
    }
  }
}
