{
  "format_version": "1.20.60",
  "minecraft:client_entity": {
    "description": {
      "identifier": "pod_farm:orange_tree",
      "materials": {
        "default": "pod_farm_uv_anim"
      },
      "textures": {
        "default": "textures/podcrash/farm/entity/crops/orange_tree"
      },
      "geometry": {
        "default": "geometry.small_tree.pod_farm"
      },
      "animations": {
        "rotate": "animation.pod_farm.rotate",
        "effects": "controller.animation.pod_farm.effects"
      },
      "scripts": {
        "animate": ["effects", "rotate"]
      },
      "render_controllers": ["controller.render.5_growth_stages.pod_farm"],
      "spawn_egg": {
        "texture": "pod_farm:orange_tree_spawn_egg"
      },
      "particle_effects": {
        "crop_growth_emitter": "minecraft:crop_growth_emitter"
      },
      "sound_effects": {
        "bone_meal": "item.bone_meal.use",
        "break": "block.sweet_berry_bush.break",
        "place": "block.sweet_berry_bush.place"
      }
    }
  }
}
