{
  "format_version": "1.20.51",
  "minecraft:item": {
    "description": {
      "identifier": "4ks_wp:divine_hoe",
      "menu_category": {
        "category": "equipment",
        "group": "itemGroup.name.hoe"
      }
    },
    "components": {
      "minecraft:enchantable": {
        "value": 10,
        "slot": "hoe"
      },
      
      "minecraft:icon": {
        "texture": "4ks_wp:upgradium_hoe"
      },
      "minecraft:hand_equipped": true,
      "minecraft:display_name": {
        "value": "item.4ks_wp:divine_hoe.name"
      },
      "minecraft:max_stack_size": 1,
      "minecraft:durability": {
        "damage_chance": {
          "min": 100,
          "max": 100
        },
        "max_durability": 2600
      },
      "minecraft:repairable": {
        "repair_items": [
          {
            "items": [
              "4ks_wp:divine_shard"
            ],
            "repair_amount": "q.max_durability"
          }
        ]
      }
    }
  }
}