{
  "format_version": "1.20.51",
  "minecraft:item": {
    "description": {
      "identifier": "4ks_wp:4kswp_ruby_chestplate",
      "menu_category": {
        "category": "equipment",
        "group": "itemGroup.name.chestplate"
      }
    },
    "components": {
      "minecraft:tags": {
        "tags": [
          "minecraft:trimmable_armors"
        ]
      },
      "minecraft:enchantable": {
        "value": 10,
        "slot": "armor_torso"
      },
      "minecraft:wearable": {
        "dispensable": true,
        "slot": "slot.armor.chest",
        "protection": 8
      },
      "minecraft:icon": {
        "texture": "4kswp_ruby_chestplate"
      },
      "minecraft:display_name": {
        "value": "item.4ks_wp:ruby_chestplate.name"
      },
      "minecraft:max_stack_size": 1,
      "minecraft:durability": {
        "damage_chance": {
          "min": 100,
          "max": 100
        },
        "max_durability": 500
      },
      "minecraft:repairable": {
        "repair_items": [
          {
            "items": [
              "4ks_wp:ruby_ingot"
            ],
            "repair_amount": "q.max_durability"
          }
        ]
      }
    }
  }
}