{
	"format_version": "1.8.0",
	"minecraft:client_entity": {
		"description": {
			"identifier": "mbl_fish:nile_perch",
			"materials": {
				"default": "entity_alphatest"
			},
			"textures": {
				"default": "textures/mobblocks/fish/entity/nile_perch"
			},
			"geometry": {
				"default": "geometry.mbl_fish.brown_trout"
			},
			"scripts": {
				"pre_animation": [
					"variable.ZRot = !query.is_in_water ? Math.cos((query.time_stamp + query.frame_alpha) * 14.32) * 90 : 0.0;"
				]
			},
			"animations": {
				"flop": "animation.large_mouth_bass.flop",
				"swim": "animation.large_mouth_bass.swim2"
			},
			"animation_controllers": [
				{
					"general": "controller.animation.fish.general"
				}
			],
			"render_controllers": [ "controller.render.mbl_fish.bass" ],
			"spawn_egg": {
				"base_color": "#87f10f",
				"overlay_color": "#f195e7"
			}
		}
	}
}