{
  "format_version": "1.20.50",
  "minecraft:item": {
    "description": {
      "identifier": "4ks_wp:diamond_bow",
      "menu_category": {
        "category": "equipment"
      },
      "is_experimental": false
    },
    "components": {
      "minecraft:tags": {
        "tags": ["minecraft:transformable_items"]
      },
      "minecraft:hand_equipped": true,
      "minecraft:shooter": {
        "ammunition": [
          {
            "item": "minecraft:arrow:0",
            "search_inventory": true,
            "use_in_creative": false,
            "use_offhand": true
          }
        ],
        "max_draw_duration": 1,
        "scale_power_by_draw_duration": true,
        "charge_on_draw": false
      },
      "minecraft:use_modifiers": {
        "use_duration": 999999,
        "movement_modifier": 0.7
      },
      "minecraft:durability": {
        "damage_chance": {
          "min": 10,
          "max": 50
        },
        "max_durability": 300
      },
      "minecraft:enchantable": {
        "value": 10,
        "slot": "bow"
      },
      "minecraft:icon": {
        "texture": "4ks_wp:diamond_bow"
      },
      "minecraft:display_name": {
        "value": "item.4ks_wp:diamond_bow.name"
      },
      "minecraft:max_stack_size": 1
    }
  }
}