{
  "format_version": "1.20.51",
  "minecraft:item": {
    "description": {
      "identifier": "4ks_wp:guidebook"
    },
    "components": {
      "minecraft:icon": {
        "texture": "4ks_wp:guidebook"
      },
      "minecraft:use_modifiers": {
        "use_duration": 2e7,
        "movement_modifier": 1.0
      },
      "minecraft:shooter": {
        "max_draw_duration": 0.1,
        "scale_power_by_draw_duration": true,
        "charge_on_draw": false
      },
      "minecraft:use_animation": {
        "value": "bow"
      },
      "minecraft:display_name": {
        "value": "item.4ks_wp:guidebook.name"
      },
      "minecraft:max_stack_size": 1
    }
  }
}