{
	"format_version": "1.19.0",
	"minecraft:geometry": [
		{
			"description": {
				"identifier": "geometry.casting_net",
				"texture_width": 32,
				"texture_height": 32,
				"visible_bounds_width": 2,
				"visible_bounds_height": 3,
				"visible_bounds_offset": [0, 0.5, 0]
			},
			"bones": [
				{
					"name": "root_item",
					"pivot": [0, 0, 0],
					"binding": "q.item_slot_to_bone_name(c.item_slot)",
					"cubes": [
						{"origin": [3, -13, -6], "size": [0, 15, 12], "pivot": [3, 0, 0], "rotation": [0, 0, -22.5], "uv": [0, 0]},
						{"origin": [-3, -13, -6], "size": [0, 15, 12], "pivot": [-3, 0, 0], "rotation": [0, 0, 22.5], "uv": [0, 0], "mirror": true},
						{"origin": [-2.77164, -14.14805, -6], "size": [0, 15, 12], "pivot": [0, 0, 0], "rotation": [90, 67.5, 90], "uv": [0, 0], "mirror": true},
						{"origin": [2.77164, -14.14805, -6], "size": [0, 15, 12], "pivot": [0, 0, 0], "rotation": [-90, 67.5, -90], "uv": [0, 0]},
						{"origin": [-2.5, 2, -2.5], "size": [5, 5, 5], "uv": [0, 0]}
					]
				}
			]
		}
	]
}