{
  "format_version": "1.10.0",
  "particle_effect": {
    "description": {
      "identifier": "pod_farm:cooking_bubbles",
      "basic_render_parameters": {
        "material": "particles_alpha",
        "texture": "textures/podcrash/farm/particle/cooking_bubbles.png"
      }
    },
    "components": {
      "minecraft:emitter_rate_instant": {
        "num_particles": 3
      },
      "minecraft:emitter_lifetime_once": {
        "active_time": 1
      },
      "minecraft:emitter_shape_point": {
        "direction": [
          "Math.random(-0.1, 0.1)",
          "Math.random(0.1, 1.0)",
          "Math.random(-0.1, 0.1)"
        ]
      },
      "minecraft:particle_lifetime_expression": {
        "max_lifetime": "Math.random(0.5, 2.0)"
      },
      "minecraft:particle_initial_speed": "Math.random(2.5, 5.0)",
      "minecraft:particle_motion_dynamic": {
        "linear_acceleration": [
          "(variable.particle_random_1 * 5.0 - 2.5)",
          -15,
          "(variable.particle_random_2 * 5.0 - 2.5)"
        ]
      },
      "minecraft:particle_appearance_billboard": {
        "size": [
          "(variable.particle_random_3 * 0.15 + 0.025) * (1 - Math.pow((variable.particle_age + query.frame_alpha) / variable.particle_lifetime, 2))",
          "(variable.particle_random_3 * 0.15 + 0.025) * (1 - Math.pow((variable.particle_age + query.frame_alpha) / variable.particle_lifetime, 2))"
        ],
        "facing_camera_mode": "rotate_xyz",
        "uv": {
          "texture_width": 32,
          "texture_height": 8,
          "flipbook": {
            "base_UV": [0, 0],
            "size_UV": [8, 8],
            "step_UV": [8, 0],
            "frames_per_second": 8,
            "max_frame": 4
          }
        }
      },
      "minecraft:particle_motion_collision": {
        "collision_drag": 50,
        "coefficient_of_restitution": 0.1,
        "collision_radius": 0.1
      },
      "minecraft:particle_appearance_tinting": {
        "color": [
          "v.pod_farm_color.r",
          "v.pod_farm_color.g",
          "v.pod_farm_color.b",
          1
        ]
      }
    }
  }
}
