{
  "format_version": "1.10.0",
  "particle_effect": {
    "description": {
      "identifier": "pod_farm:water",
      "basic_render_parameters": {
        "material": "particles_blend",
        "texture": "textures/particle/particles"
      }
    },
    "events": {
      "splash": {
        "particle_effect": {
          "effect": "pod_farm:watersplash",
          "type": "emitter"
        }
      }
    },
    "components": {
      "minecraft:emitter_rate_instant": {
        "num_particles": 25
      },
      "minecraft:emitter_lifetime_once": {
        "active_time": 1
      },
      "minecraft:emitter_shape_disc": {
        "offset": [0, 0.5, 0],
        "radius": 2,
        "direction": [0, -1, 0]
      },
      "minecraft:particle_lifetime_expression": {
        "max_lifetime": 5
      },
      "minecraft:particle_lifetime_events": {
        "expiration_event": "splash"
      },
      "minecraft:particle_initial_speed": 0.1,
      "minecraft:particle_motion_dynamic": {
        "linear_acceleration": [0, "variable.particle_age*-50", 0]
      },
      "minecraft:particle_appearance_billboard": {
        "size": [0.2, 0.2],
        "facing_camera_mode": "rotate_y",
        "uv": {
          "texture_width": 128,
          "texture_height": 128,
          "uv": [47, 12],
          "uv_size": [8, 4]
        }
      },
      "minecraft:particle_motion_collision": {
        "collision_radius": 0.05,
        "expire_on_contact": true
      }
    }
  }
}
