{
	"format_version": "1.10.0",
	"particle_effect": {
		"description": {
			"identifier": "pod_farm:watersplash",
			"basic_render_parameters": {
				"material": "particles_alpha",
				"texture": "textures/particle/particles"
			}
		},
		"components": {
			"minecraft:emitter_rate_instant": {
				"num_particles": 1
			},
			"minecraft:emitter_lifetime_once": {
				"active_time": 1
			},
			"minecraft:emitter_shape_point": {
				"offset": [0, 0.1, 0]
			},
			"minecraft:particle_lifetime_expression": {
				"max_lifetime": 0.5
			},
			"minecraft:particle_initial_speed": 0.2,
			"minecraft:particle_motion_dynamic": {
				"linear_acceleration": [0, -1, 0]
			},
			"minecraft:particle_appearance_billboard": {
				"size": [0.2, 0.1],
				"facing_camera_mode": "rotate_xyz",
				"uv": {
					"texture_width": 128,
					"texture_height": 128,
					"flipbook": {
						"base_UV": [23, 12],
						"size_UV": [8, 4],
						"step_UV": [8, 0],
						"frames_per_second": 12,
						"max_frame": 3
					}
				}
			},
			"minecraft:particle_motion_collision": {
				"coefficient_of_restitution": 0.5,
				"collision_radius": 0.1
			}
		}
	}
}