{
  "format_version": "1.19.0",
  "minecraft:geometry": [
    {
      "description": {
        "identifier": "geometry.pod_farm.custom_wood",
        "texture_width": 64,
        "texture_height": 64,
        "visible_bounds_width": 2,
        "visible_bounds_height": 2.5,
        "visible_bounds_offset": [0, 0.75, 0]
      },
      "bones": [
        {
          "name": "root",
          "pivot": [0, 0, 0],
          "cubes": [
            {
              "origin": [-8, 0, -8],
              "size": [16, 16, 16],
              "uv": {
                "north": { "uv": [0, 32], "uv_size": [32, 32] },
                "east": { "uv": [0, 32], "uv_size": [32, 32] },
                "south": { "uv": [0, 32], "uv_size": [32, 32] },
                "west": { "uv": [0, 32], "uv_size": [32, 32] },
                "up": { "uv": [0, 32], "uv_size": [32, 32] },
                "down": { "uv": [0, 64], "uv_size": [32, -32] }
              }
            }
          ]
        }
      ]
    }
  ]
}
