{
	"format_version": "1.10.0",
	"animation_controllers": {
		"controller.animation.mbl_fish.book_close_animaton": {
			"initial_state": "default",
			"states": {
				"default": {
					"transitions": [
						{
							"cancel_animation": "!q.is_alive"
						}
					]
				},
				"cancel_animation": {
					"animations": ["close"],
					"transitions": [
						{
							"default": "q.is_alive && q.all_animations_finished"
						}
					]
				}
			}
		},
		"controller.animation.mbl_fish.book_page_animaton": {
            "states": {
                "default":{
					"animations": ["page"],
                    "transitions": [
                        {"page1": "query.variant == 0"},
						{"page2": "query.variant == 1"},
						{"page3": "query.variant == 2"},
						{"page4": "query.variant == 3"},
						{"page5": "query.variant == 4"},
						{"page6": "query.variant == 5"},
						{"page7": "query.variant == 6"},
						{"page8": "query.variant == 7"},
						{"page9": "query.variant == 8"}
                    ]
                },
                "page1":{
					"animations": ["page"],
                    "transitions": [
                        {"page2": "query.variant == 1"}
                    ]
                },
                "page2":{
					"animations": ["page"],
                    "transitions": [
                        {"page3": "query.variant == 2"},
                        {"page1": "query.variant == 0"}
                    ]
                },
                "page3":{
					"animations": ["page"],
                    "transitions": [
                        {"page4": "query.variant == 3"},
                        {"page1": "query.variant == 0"}
                    ]
                },
                "page4":{
					"animations": ["page"],
                    "transitions": [
                        {"page5": "query.variant == 4"},
                        {"page1": "query.variant == 0"}
                    ]
                },
                "page5":{
					"animations": ["page"],
                    "transitions": [
                        {"page6": "query.variant == 5"},
                        {"page1": "query.variant == 0"}
                    ]
                },
                "page6":{
					"animations": ["page"],
                    "transitions": [
                        {"page7": "query.variant == 6"},
                        {"page1": "query.variant == 0"}
                    ]
                },
                "page7":{
					"animations": ["page"],
                    "transitions": [
                        {"page8": "query.variant == 7"},
                        {"page1": "query.variant == 0"}
                    ]
                },
                "page8":{
					"animations": ["page"],
                    "transitions": [
                        {"page9": "query.variant == 8"},
                        {"page1": "query.variant == 0"}
                    ]
                },
                "page9":{
					"animations": ["page"],
                    "transitions": [
                        {"default": "query.variant == 9"}

                    ]
                }
            }
		}
	}
}