{
  "format_version": "1.16.0",
  "minecraft:geometry": [
    {
      "description": {
        "identifier": "geometry.xp_furniture.hammer_in_hand",
        "texture_width": 32,
        "texture_height": 32,
        "visible_bounds_width": 3,
        "visible_bounds_height": 2.5,
        "visible_bounds_offset": [
          0,
          0.75,
          0
        ]
      },
      "bones": [
        {
          "name": "hammer",
          "pivot": [
            -0.06372,
            16.7903,
            2.87973
          ],
          "binding": "q.item_slot_to_bone_name(c.item_slot)",
          "cubes": [
            {
              "origin": [
                -0.79323,
                27.53277,
                -0.12522
              ],
              "size": [
                6,
                6,
                10
              ],
              "uv": {
                "north": {
                  "uv": [
                    0,
                    0
                  ],
                  "uv_size": [
                    6,
                    6
                  ]
                },
                "east": {
                  "uv": [
                    16,
                    0
                  ],
                  "uv_size": [
                    -10,
                    6
                  ]
                },
                "south": {
                  "uv": [
                    0,
                    0
                  ],
                  "uv_size": [
                    6,
                    6
                  ]
                },
                "west": {
                  "uv": [
                    6,
                    0
                  ],
                  "uv_size": [
                    10,
                    6
                  ]
                },
                "up": {
                  "uv": [
                    22,
                    10
                  ],
                  "uv_size": [
                    -6,
                    -10
                  ]
                },
                "down": {
                  "uv": [
                    28,
                    10
                  ],
                  "uv_size": [
                    -6,
                    -10
                  ]
                }
              }
            },
            {
              "origin": [
                -0.79323,
                27.53277,
                3.87478
              ],
              "size": [
                6,
                6,
                2
              ],
              "inflate": 0.1,
              "uv": {
                "east": {
                  "uv": [
                    12,
                    0
                  ],
                  "uv_size": [
                    -2,
                    6
                  ]
                },
                "west": {
                  "uv": [
                    10,
                    0
                  ],
                  "uv_size": [
                    2,
                    6
                  ]
                },
                "up": {
                  "uv": [
                    22,
                    6
                  ],
                  "uv_size": [
                    -6,
                    -2
                  ]
                },
                "down": {
                  "uv": [
                    28,
                    6
                  ],
                  "uv_size": [
                    -6,
                    -2
                  ]
                }
              }
            },
            {
              "origin": [
                1.20677,
                19.53277,
                3.87478
              ],
              "size": [
                2,
                8,
                2
              ],
              "uv": {
                "north": {
                  "uv": [
                    0,
                    6
                  ],
                  "uv_size": [
                    2,
                    8
                  ]
                },
                "east": {
                  "uv": [
                    2,
                    6
                  ],
                  "uv_size": [
                    -2,
                    8
                  ]
                },
                "south": {
                  "uv": [
                    0,
                    6
                  ],
                  "uv_size": [
                    2,
                    8
                  ]
                },
                "west": {
                  "uv": [
                    2,
                    6
                  ],
                  "uv_size": [
                    -2,
                    8
                  ]
                }
              }
            },
            {
              "origin": [
                0.70677,
                17.53277,
                3.37478
              ],
              "size": [
                3,
                2,
                3
              ],
              "uv": {
                "north": {
                  "uv": [
                    4,
                    6
                  ],
                  "uv_size": [
                    3,
                    2
                  ]
                },
                "east": {
                  "uv": [
                    4,
                    6
                  ],
                  "uv_size": [
                    3,
                    2
                  ]
                },
                "south": {
                  "uv": [
                    4,
                    6
                  ],
                  "uv_size": [
                    3,
                    2
                  ]
                },
                "west": {
                  "uv": [
                    4,
                    6
                  ],
                  "uv_size": [
                    3,
                    2
                  ]
                },
                "up": {
                  "uv": [
                    7,
                    11
                  ],
                  "uv_size": [
                    -3,
                    -3
                  ]
                },
                "down": {
                  "uv": [
                    10,
                    11
                  ],
                  "uv_size": [
                    -3,
                    -3
                  ]
                }
              }
            }
          ]
        }
      ]
    },
    {
      "description": {
        "identifier": "geometry.xp_furniture.wood_mug_in_hand",
        "texture_width": 32,
        "texture_height": 32,
        "visible_bounds_width": 5,
        "visible_bounds_height": 6,
        "visible_bounds_offset": [
          0,
          1,
          0
        ]
      },
      "bones": [
        {
          "name": "wood_mug",
          "pivot": [
            -0.05218,
            2.22984,
            -12.40359
          ],
          "binding": "q.item_slot_to_bone_name(c.item_slot)",
          "cubes": [
            {
              "origin": [
                -3.66227,
                -0.8765,
                -11.03219
              ],
              "size": [
                6,
                8,
                6
              ],
              "uv": [
                0,
                0
              ]
            },
            {
              "origin": [
                -2.66227,
                0.1235,
                -10.03219
              ],
              "size": [
                4,
                7,
                4
              ],
              "uv": [
                0,
                14
              ]
            },
            {
              "origin": [
                -0.66227,
                0.1235,
                -14.03219
              ],
              "size": [
                0,
                5,
                3
              ],
              "uv": [
                0,
                -3
              ]
            }
          ]
        }
      ]
    },
    {
      "description": {
        "identifier": "geometry.xp_furniture.wood_mug_full_in_hand",
        "texture_width": 32,
        "texture_height": 32,
        "visible_bounds_width": 5,
        "visible_bounds_height": 6,
        "visible_bounds_offset": [
          0,
          1,
          0
        ]
      },
      "bones": [
        {
          "name": "wood_mug",
          "pivot": [
            -0.05218,
            2.22984,
            -12.40359
          ],
          "binding": "q.item_slot_to_bone_name(c.item_slot)",
          "cubes": [
            {
              "origin": [
                -3.66227,
                -0.8765,
                -11.03219
              ],
              "size": [
                6,
                8,
                6
              ],
              "uv": [
                0,
                0
              ]
            },
            {
              "origin": [
                -2.66227,
                0.1235,
                -10.03219
              ],
              "size": [
                4,
                7,
                4
              ],
              "uv": [
                0,
                14
              ]
            },
            {
              "origin": [
                -0.66227,
                0.1235,
                -14.03219
              ],
              "size": [
                0,
                5,
                3
              ],
              "uv": [
                0,
                -3
              ]
            }
          ]
        },
        {
          "name": "water",
          "parent": "wood_mug",
          "pivot": [
            -0.8637,
            6.21472,
            -8
          ],
          "cubes": [
            {
              "origin": [
                -2.8637,
                6.21472,
                -10
              ],
              "size": [
                4,
                0,
                4
              ],
              "uv": [
                15,
                1
              ]
            }
          ]
        }
      ]
    }
  ]
}