{
	"format_version": "1.10.0",
	"particle_effect": {
		"description": {
			"identifier": "xp_furniture:water_mill.drip_after",
			"basic_render_parameters": {
				"material": "particles_blend",
				"texture": "textures/particle/particles"
			}
		},
		"curves": {
			"variable.fall": {
				"type": "bezier_chain",
				"input": "v.particle_age",
				"nodes": {
					"0.0": {
						"value": -2,
						"slope": 0
					},
					"0.2": {
						"value": 0,
						"slope": 0
					},
					"0.35": {
						"value": 0,
						"slope": 0
					},
					"0.5": {
						"value": -6,
						"slope": 0
					}
				}
			},
			"variable.fall2": {
				"type": "bezier_chain",
				"input": "v.particle_age",
				"nodes": {
					"1.0": {
						"value": 0,
						"slope": 0
					},
					"0.0": {
						"value": 0,
						"slope": 0
					},
					"0.2": {
						"value": 0,
						"slope": 0
					},
					"0.3": {
						"value": -0.5,
						"slope": 0
					},
					"0.6": {
						"value": -1.25,
						"slope": 0
					},
					"0.8": {
						"value": 0,
						"slope": 0
					},
					"1.5": {
						"value": -3.5,
						"slope": 0
					}
				}
			},
			"variable.size": {
				"type": "bezier_chain",
				"input": "v.particle_age",
				"nodes": {
					"0.0": {
						"value": 0.05,
						"slope": 0
					},
					"0.3": {
						"value": 0.05,
						"slope": 0
					},
					"0.45": {
						"value": 0,
						"slope": 0
					}
				}
			},
			"variable.size2": {
				"type": "bezier_chain",
				"input": "v.particle_age",
				"nodes": {
					"0.0": {
						"value": 0.15,
						"slope": 0
					},
					"0.3": {
						"value": 0.15,
						"slope": 0
					},
					"0.45": {
						"value": 0,
						"slope": 0
					}
				}
			}
		},
		"components": {
			"minecraft:emitter_rate_steady": {
				"spawn_rate": "50-v.emitter_age*12",
				"max_particles": 500
			},
			"minecraft:emitter_lifetime_once": {
				"active_time": 2.5
			},
			"minecraft:emitter_shape_box": {
				"offset": [0, -0.6, 0],
				"half_dimensions": [0, 0.6, 0.65],
				"direction": "outwards"
			},
			"minecraft:particle_lifetime_expression": {
				"max_lifetime": 1.9
			},
			"minecraft:particle_expire_if_not_in_blocks": ["minecraft:air"],
			"minecraft:particle_initial_speed": 0,
			"minecraft:particle_motion_dynamic": {
				"linear_acceleration": [0, -1, 0],
				"linear_drag_coefficient": 0.75
			},
			"minecraft:particle_appearance_billboard": {
				"size": ["v.particle_random_2*0.15", "v.particle_random_2*0.15"],
				"facing_camera_mode": "lookat_y",
				"uv": {
					"texture_width": 128,
					"texture_height": 128,
					"uv": [8, 56],
					"uv_size": [8, 8]
				}
			},
			"minecraft:particle_motion_collision": {
				"collision_drag": 1,
				"collision_radius": 0.001,
				"expire_on_contact": true
			},
			"minecraft:particle_appearance_tinting": {
				"color": {
					"interpolant": "v.particle_age/v.particle_lifetime",
					"gradient": {
						"0.0": "#00007FFF",
						"0.26": "#8044B8FF",
						"0.42": "#801980BF",
						"0.55": "#8044B8FF",
						"0.7": "#80009FFF",
						"0.83": "#8044B8FF",
						"1.0": "#00AFE7FF"
					}
				}
			}
		}
	}
}