{
	"format_version": "1.10.0",
	"particle_effect": {
		"description": {
			"identifier": "xp_furniture:water_mill.pour.edge.1",
			"basic_render_parameters": {
				"material": "particles_blend",
				"texture": "textures/particle/particles"
			}
		},
		"curves": {
			"variable.fall": {
				"type": "bezier_chain",
				"input": "v.particle_age",
				"nodes": {
					"0.0": {
						"value": -1,
						"slope": 0
					},
					"0.5": {
						"value": -1,
						"slope": 0
					},
					"1.45": {
						"value": -0.25,
						"slope": 0
					}
				}
			},
			"variable.fall2": {
				"type": "bezier_chain",
				"input": "v.particle_age",
				"nodes": {
					"2.0": {
						"value": -4,
						"slope": 0
					},
					"0.0": {
						"value": 0,
						"slope": 0
					},
					"1.85": {
						"value": 0,
						"slope": 0
					}
				}
			},
			"variable.size": {
				"type": "bezier_chain",
				"input": "v.particle_age",
				"nodes": {
					"0.0": {
						"value": 0.05,
						"slope": 0
					},
					"0.3": {
						"value": 0.05,
						"slope": 0
					},
					"0.45": {
						"value": 0,
						"slope": 0
					}
				}
			},
			"variable.size2": {
				"type": "bezier_chain",
				"input": "v.particle_age",
				"nodes": {
					"0.0": {
						"value": 0.25,
						"slope": 0
					},
					"0.45": {
						"value": 0.025,
						"slope": 0
					}
				}
			}
		},
		"components": {
			"minecraft:emitter_rate_steady": {
				"spawn_rate": 120,
				"max_particles": 500
			},
			"minecraft:emitter_lifetime_once": {
				"active_time": 0.75
			},
			"minecraft:emitter_shape_box": {
				"offset": [-0.35, 0, 0],
				"half_dimensions": [-0.025, 0, 0.65],
				"direction": "outwards"
			},
			"minecraft:particle_lifetime_expression": {
				"max_lifetime": 0.5
			},
			"minecraft:particle_initial_speed": "math.random(0,0.5)",
			"minecraft:particle_motion_dynamic": {
				"linear_acceleration": ["variable.fall2", "variable.fall-3", 0],
				"linear_drag_coefficient": 0.75
			},
			"minecraft:particle_appearance_billboard": {
				"size": ["v.particle_random_2*0.2", "v.particle_random_2*0.2+variable.size2"],
				"facing_camera_mode": "lookat_y",
				"uv": {
					"texture_width": 128,
					"texture_height": 128,
					"uv": [8, 56],
					"uv_size": [8, 8]
				}
			},
			"minecraft:particle_motion_collision": {
				"collision_drag": 1,
				"collision_radius": 0.001,
				"expire_on_contact": true
			},
			"minecraft:particle_appearance_tinting": {
				"color": {
					"interpolant": "v.particle_age/v.particle_lifetime",
					"gradient": {
						"0.0": "#6956ABFF",
						"0.12": "#8044B8FF",
						"0.23": "#801980BF",
						"0.36": "#8044B8FF",
						"0.66": "#80009FFF",
						"0.81": "#80FFFFFF",
						"1.0": "#00AFE7FF"
					}
				}
			}
		}
	}
}