{
  "format_version": "1.10.0",
  "minecraft:attachable": {
    "description": {
      "identifier": "pod_farm:watering_can",
      "render_controllers": ["controller.render.item_default"],
      "materials": {
        "default": "entity_alphatest",
        "enchanted": "entity_alphatest_glint"
      },
      "textures": {
        "default": "textures/podcrash/farm/entity/watering_can",
        "enchanted": "textures/misc/enchanted_item_glint"
      },
      "geometry": {
        "default": "geometry.pod_farm.watering_can_attachable"
      },
      "animations": {
        "first_person_hold": "animation.pod_farm.watering_can.first_person_hold",
        "third_person_hold": "animation.pod_farm.watering_can.third_person_hold"
      },
      "scripts": {
        "animate": [
          {
            "first_person_hold": "c.is_first_person"
          },
          {
            "third_person_hold": "!c.is_first_person"
          }
        ]
      }
    }
  }
}
