{
  "format_version": "1.20.50",
  "minecraft:block": {
    "description": {
      "identifier": "xp_furniture:dark_oak_windowframe",
      "menu_category": {
        "category": "construction"
      },
      "traits": {
        "minecraft:placement_direction": {
          "y_rotation_offset": 180,
          "enabled_states": ["minecraft:cardinal_direction"]
        }
      }
    },
    "components": {
      "minecraft:map_color": "#4E3118",
      "minecraft:destructible_by_mining": {
        "seconds_to_destroy": 0.4
      },
      "minecraft:geometry": "geometry.xp_furniture.dark_oak_windowframe",
      "minecraft:collision_box": {
        "origin": [-8, 0, 5],
        "size": [16, 16, 3]
      },
      "minecraft:selection_box": {
        "origin": [-8, 0, 5],
        "size": [16, 16, 3]
      },
      "minecraft:material_instances": {
        "*": {
          "texture": "xp_furniture:windowframes",
          "render_method": "alpha_test",
          "ambient_occlusion": false
        },
        "down": {
          "texture": "dark_oak_planks",
          "render_method": "alpha_test"
        }
      }
    },
    "permutations": [
      {
        "condition": "q.block_state('minecraft:cardinal_direction') == 'north'",
        "components": {
          "minecraft:destructible_by_mining": {
            "seconds_to_destroy": 0.4
          },
          "minecraft:transformation": {
            "rotation": [0, 0, 0]
          }
        }
      },
      {
        "condition": "q.block_state('minecraft:cardinal_direction') == 'east'",
        "components": {
          "minecraft:destructible_by_mining": {
            "seconds_to_destroy": 0.4
          },
          "minecraft:transformation": {
            "rotation": [0, 270, 0]
          }
        }
      },
      {
        "condition": "q.block_state('minecraft:cardinal_direction') == 'south'",
        "components": {
          "minecraft:destructible_by_mining": {
            "seconds_to_destroy": 0.4
          },
          "minecraft:transformation": {
            "rotation": [0, 180, 0]
          }
        }
      },
      {
        "condition": "q.block_state('minecraft:cardinal_direction') == 'west'",
        "components": {
          "minecraft:destructible_by_mining": {
            "seconds_to_destroy": 0.4
          },
          "minecraft:transformation": {
            "rotation": [0, 90, 0]
          }
        }
      }
    ]
  }
}
