{
  "format_version": "1.10.0",
  "minecraft:client_entity": {
    "description": {
      "identifier": "xp_furniture:scarecrow",
      "materials": {
        "default": "entity_alphatest",

        "block_outline": "xp_furniture_boutline",
        "block_destruct_masked": "xp_furniture_bdestructmask"
      },
      "textures": {
        "default": "textures/xp/fpack/entity/func/scarecrow",
        "halloween": "textures/xp/fpack/entity/func/scarecrow_halloween",

        "block_outline": "textures/xp/fpack/entity/block_outline",

        "block_destruct.stage_1": "textures/xp/fpack/overlays/destroy_96/3",
        "block_destruct.stage_2": "textures/xp/fpack/overlays/destroy_96/6",
        "block_destruct.stage_3": "textures/xp/fpack/overlays/destroy_96/9"
      },
      "geometry": {
        "default": "geometry.xp_furniture.scarecrow",
        "halloween": "geometry.xp_furniture.scarecrow_halloween"
      },
      "scripts": {
        "pre_animation": [
          /* Psuedo-block visual expression parameters */
          "v.horizontal_threshold = 40;",
          "v.vertical_threshold = 60;",
          "v.vertical_offset = -1;",

          "v.camera_rot = -Math.atan2(-q.distance_from_camera * Math.sin(q.rotation_to_camera(0)) + v.vertical_offset, q.distance_from_camera * Math.cos(q.rotation_to_camera(0)));",
          "v.look_at_entity = Math.abs(Math.abs(q.rotation_to_camera(1) - q.camera_rotation(1)) - 180) < (v.horizontal_threshold / q.distance_from_camera) && Math.abs(v.camera_rot + q.camera_rotation(0)) < (v.vertical_threshold / q.distance_from_camera);"
        ],
        "animate": [ "root", "align" ]
      },
      "animations": {
        "root": "controller.animation.xp_furniture.scarecrow",
        "align": "animation.xp_furniture.scarecrow.align",

        "hit": "animation.xp_furniture.scarecrow.hit",
        "idle": "animation.xp_furniture.scarecrow.idle"
      },
      "particle_effects": {
        "hit_1": "xp_furniture:scarecrow_hit_1",
        "hit_2": "xp_furniture:scarecrow_hit_2"
      },
      "sound_effects": {
        "hit": "xp_furniture:scarecrow"
      },
      "render_controllers": [
        "controller.render.xp_furniture.scarecrow",
        "controller.render.xp_furniture.scarecrow.block_outline",

        "controller.render.xp_furniture.block_destruct_masked"
      ],
      "spawn_egg": {
        "texture": "xp_furniture:scarecrow",
        "texture_index": 0
      }
    }
  }
}
