{
  "format_version": "1.10.0",
  "minecraft:client_entity": {
    "description": {
      "identifier": "xp_furniture:telescope",
      "materials": {
        "default": "entity_alphatest",
        "glass": "entity_alphablend_nocolor",

        "block_outline": "xp_furniture_boutline",
        "block_destruct_masked": "xp_furniture_bdestructmask"
      },
      "textures": {
        "default": "textures/xp/fpack/entity/func/telescope",

        "block_outline": "textures/xp/fpack/entity/block_outline",

        "block_destruct.stage_1": "textures/xp/fpack/overlays/destroy_64/3",
        "block_destruct.stage_2": "textures/xp/fpack/overlays/destroy_64/6",
        "block_destruct.stage_3": "textures/xp/fpack/overlays/destroy_64/9"
      },
      "geometry": {
        "default": "geometry.xp_furniture.telescope",

        "block_outline": "geometry.xp_furniture.block_outline"
      },
      "scripts": {
        "initialize": [
          /* Telescope */
          "v.x_rotation = 0.0;",
          "v.y_rotation = 0.0;",

          "v.y_original_rotation = 0.0;"
        ],
        "pre_animation": [
          /* Psuedo-block visual expression parameters */
          "v.horizontal_threshold = 35;",
          "v.vertical_threshold = 35;",
          "v.vertical_offset = -1;",

          "v.block_outline_size_x = 0.37505;",
          "v.block_outline_size_y = 1.1255;",
          "v.block_outline_size_z = 0.37505;",
          "v.block_outline_offset_x = 0.0;",
          "v.block_outline_offset_y = 0.0625;",
          "v.block_outline_offset_z = 0.0;",

          "v.camera_rot = -Math.atan2(-q.distance_from_camera * Math.sin(q.rotation_to_camera(0)) + v.vertical_offset, q.distance_from_camera * Math.cos(q.rotation_to_camera(0)));",
          "v.look_at_entity = Math.abs(Math.abs(q.rotation_to_camera(1) - q.camera_rotation(1)) - 180) < (v.horizontal_threshold / q.distance_from_camera) && Math.abs(v.camera_rot + q.camera_rotation(0)) < (v.vertical_threshold / q.distance_from_camera);",

          /* Telescope */
          "v.x_rotation = q.property('xp_furniture:x_target_rotation');",
          "v.y_rotation = q.property('xp_furniture:y_target_rotation');",

          "v.y_original_rotation = q.property('xp_furniture:y_original_rotation');"
        ],
        "animate": [
          "root",
          "align",

          "block_outline"
        ]
      },
      "animations": {
        "root": "controller.animation.xp_furniture.telescope",
        "align": "animation.xp_furniture.telescope.align",

        "rotate": "animation.xp_furniture.telescope.rotate",
        "rotate_to_target": "animation.xp_furniture.telescope.rotate_to_target",

        "block_outline": "animation.xp_furniture.block_outline.scale"
      },
      "sound_effects": {
        "zoom_in": "item.spyglass.use"
      },
      "render_controllers": [
        "controller.render.xp_furniture.telescope",

        "controller.render.xp_furniture.block_outline",
        "controller.render.xp_furniture.block_destruct_masked"
      ],
      "spawn_egg": {
        "texture": "xp_furniture:telescope",
        "texture_index": 0
      }
    }
  }
}
