{
  "format_version": "1.20.70",
  "minecraft:item": {
    "description": {
      "identifier": "pod_farm:tin_can",
      "menu_category": {
        "category": "equipment"
      }
    },
    "components": {
      "minecraft:max_stack_size": 64,
      "minecraft:tags": {
        "tags": ["pod_farm:tin_can_block"]
      },
      "minecraft:interact_button": true,
      "minecraft:icon": {
        "textures": {
          "default": "pod_farm:tin_can"
        }
      }
    }
  }
}
