{
	"format_version": "1.10.0",
	"particle_effect": {
		"description": {
			"identifier": "xp_furniture:grow_lamp.lightray.1",
			"basic_render_parameters": {
				"material": "particles_add",
				"texture": "textures/xp/fpack/particle/lightrays"
			}
		},
		"components": {
			"minecraft:emitter_rate_instant": {
				"num_particles": 1
			},
			"minecraft:emitter_lifetime_expression": {
				"activation_expression": "q.is_alive",
				"expiration_expression": "!q.is_alive"
			},
			"minecraft:emitter_shape_point": {
				"offset": [0, -0.25, 0]
			},
			"minecraft:particle_lifetime_expression": {
				"max_lifetime": 999999,
				"expiration_expression": "!q.is_alive"
			},
			"minecraft:particle_initial_spin": {
				"rotation": -90
			},
			"minecraft:particle_initial_speed": 0.1,
			"minecraft:particle_appearance_billboard": {
				"size": [7, 5],
				"facing_camera_mode": "lookat_direction",
				"direction": {
					"mode": "custom",
					"custom_direction": [0, -1, 0]
				},
				"uv": {
					"texture_width": 1024,
					"texture_height": 1024,
					"uv": [0, 0],
					"uv_size": [1024, 1024]
				}
			},
			"minecraft:particle_appearance_tinting": {
				"color": {
					"interpolant": "1+math.sin(v.particle_age*5)",
					"gradient": {
						"0.0": "#70FCB83B",
						"0.46": "#ABFFA600",
						"1.0": "#70FCB83B"
					}
				}
			}
		}
	}
}