{
  "format_version": "1.20.50",
  "minecraft:block": {
    "description": {
      "identifier": "xp_furniture:crimson_gate",
      "menu_category": {
        "category": "construction"
      },
      "states": {
        "xp_furniture:is_open": [false, true],
        "xp_furniture:direction": [9, 0, 1, 2, 3]
      },
      "traits": {
        "minecraft:placement_direction": {
          "y_rotation_offset": 180,
          "enabled_states": ["minecraft:cardinal_direction"]
        }
      }
    },
    "permutations": [
      {
        "condition": "query.block_state('xp_furniture:direction') == 9 ? query.block_state('minecraft:cardinal_direction') == 'north' : query.block_state('xp_furniture:direction') == 2",
        "components": {
          "minecraft:destructible_by_mining": {
            "seconds_to_destroy": 0.4
          },
          "minecraft:transformation": {
            "rotation": [0, 180, 0]
          }
        }
      },
      {
        "condition": "query.block_state('xp_furniture:direction') == 9 ? query.block_state('minecraft:cardinal_direction') == 'east' : query.block_state('xp_furniture:direction') == 3",
        "components": {
          "minecraft:destructible_by_mining": {
            "seconds_to_destroy": 0.4
          },
          "minecraft:transformation": {
            "rotation": [0, 90, 0]
          }
        }
      },
      {
        "condition": "query.block_state('xp_furniture:direction') == 9 ? query.block_state('minecraft:cardinal_direction') == 'south' : query.block_state('xp_furniture:direction') == 0",
        "components": {
          "minecraft:destructible_by_mining": {
            "seconds_to_destroy": 0.4
          },
          "minecraft:transformation": {
            "rotation": [0, 0, 0]
          }
        }
      },
      {
        "condition": "query.block_state('xp_furniture:direction') == 9 ? query.block_state('minecraft:cardinal_direction') == 'west' : query.block_state('xp_furniture:direction') == 1",
        "components": {
          "minecraft:destructible_by_mining": {
            "seconds_to_destroy": 0.4
          },
          "minecraft:transformation": {
            "rotation": [0, 270, 0]
          }
        }
      },
      {
        "condition": "query.block_state('xp_furniture:is_open')",
        "components": {
          "minecraft:destructible_by_mining": {
            "seconds_to_destroy": 0.4
          },
          "minecraft:geometry": {
            "identifier": "geometry.xp_furniture.crimson_fence_gate_open"
          },
          "minecraft:collision_box": false
        }
      },
      {
        "condition": "!query.block_state('xp_furniture:is_open')",
        "components": {
          "minecraft:destructible_by_mining": {
            "seconds_to_destroy": 0.4
          },
          "minecraft:geometry": {
            "identifier": "geometry.xp_furniture.crimson_fence_gate"
          },
          "minecraft:collision_box": {
            "origin": [-8, 0, -1.5],
            "size": [16, 16, 3]
          }
        }
      }
    ],
    "components": {
      "minecraft:map_color": "#7D3955",
      "minecraft:destructible_by_mining": {
        "seconds_to_destroy": 0.5
      },
      "minecraft:destructible_by_explosion": {
        "explosion_resistance": 0
      },
      "minecraft:flammable": false,
      "minecraft:light_dampening": 1,
      "minecraft:collision_box": {
        "origin": [-8, 0, -1.5],
        "size": [16, 16, 3]
      },
      "minecraft:selection_box": {
        "origin": [-8, 0, -1.5],
        "size": [16, 16, 3]
      },
      "minecraft:material_instances": {
        "*": {
          "texture": "xp_furniture:fences",
          "render_method": "alpha_test",
          "ambient_occlusion": false
        },
        "down": {
          "texture": "crimson_planks",
          "render_method": "alpha_test"
        }
      }
    }
  }
}
