{
  "format_version": "1.20.20",
  "sound_definitions": {
    "xp_furniture:barred_door.close": {
      "category": "block",
      "max_distance": 16,
      "sounds": [
        "sounds/xp/furniturepack/barred_door/close"
      ]
    },
    "xp_furniture:barred_door.lock": {
      "category": "block",
      "max_distance": 16,
      "sounds": [
        "sounds/xp/furniturepack/barred_door/lock"
      ]
    },
    "xp_furniture:barred_door.locked": {
      "category": "block",
      "max_distance": 16,
      "sounds": [
        "sounds/xp/furniturepack/barred_door/locked"
      ]
    },
    "xp_furniture:barred_door.open": {
      "category": "block",
      "max_distance": 16,
      "sounds": [
        "sounds/xp/furniturepack/barred_door/open"
      ]
    },
    "xp_furniture:barred_door.unlock": {
      "category": "block",
      "max_distance": 16,
      "sounds": [
        "sounds/xp/furniturepack/barred_door/unlock"
      ]
    },
    "xp_furniture:big_chest.open": {
      "category": "block",
      "max_distance": 16,
      "sounds": [
        {
          "name": "sounds/xp/furniturepack/big_chest/open",
          "volume": 0.75
        }
      ]
    },
    "xp_furniture:big_chest.close": {
      "category": "block",
      "max_distance": 16,
      "sounds": [
        {
          "name": "sounds/xp/furniturepack/big_chest/close",
          "volume": 0.75
        }
      ]
    },
    "xp_furniture:wind_chimes.bamboo": {
      "category": "block",
      "max_distance": 16,
      "sounds": [
        "sounds/xp/furniturepack/chimes/bamboo_1",
        "sounds/xp/furniturepack/chimes/bamboo_2",
        "sounds/xp/furniturepack/chimes/bamboo_3"
      ]
    },
    "xp_furniture:wind_chimes.metal": {
      "category": "block",
      "max_distance": 16,
      "sounds": [
        "sounds/xp/furniturepack/chimes/metal_1",
        "sounds/xp/furniturepack/chimes/metal_2",
        "sounds/xp/furniturepack/chimes/metal_3"
      ]
    },
    "xp_furniture:blinds.open": {
      "category": "block",
      "max_distance": 16,
      "sounds": [
        "sounds/xp/furniturepack/blinds/open"
      ]
    },
    "xp_furniture:blinds.close": {
      "category": "block",
      "max_distance": 16,
      "sounds": [
        "sounds/xp/furniturepack/blinds/close"
      ]
    },
    "xp_furniture:counter.open": {
      "category": "block",
      "max_distance": 16,
      "sounds": [
        "sounds/xp/furniturepack/counter/open"
      ]
    },
    "xp_furniture:counter.close": {
      "category": "block",
      "max_distance": 16,
      "sounds": [
        "sounds/xp/furniturepack/counter/close"
      ]
    },
    "xp_furniture:display_case.open": {
      "category": "block",
      "max_distance": 16,
      "sounds": [
        "sounds/xp/furniturepack/display_case/open"
      ]
    },
    "xp_furniture:display_case.close": {
      "category": "block",
      "max_distance": 16,
      "sounds": [
        "sounds/xp/furniturepack/display_case/close"
      ]
    },
    "xp_furniture:curtains.open": {
      "category": "block",
      "max_distance": 16,
      "sounds": [
        "sounds/xp/furniturepack/curtains/open"
      ]
    },
    "xp_furniture:curtains.close": {
      "category": "block",
      "max_distance": 16,
      "sounds": [
        "sounds/xp/furniturepack/curtains/close"
      ]
    },
    "xp_furniture:instrument.bongo_1": {
      "category": "block",
      "max_distance": 16,
      "sounds": [
        "sounds/xp/furniturepack/instrument/bongo_1"
      ]
    },
    "xp_furniture:instrument.bongo_2": {
      "category": "block",
      "max_distance": 16,
      "sounds": [
        "sounds/xp/furniturepack/instrument/bongo_2"
      ]
    },
    "xp_furniture:instrument.bongo_3": {
      "category": "block",
      "max_distance": 16,
      "sounds": [
        "sounds/xp/furniturepack/instrument/bongo_3"
      ]
    },
    "xp_furniture:instrument.harp": {
      "category": "block",
      "max_distance": 16,
      "sounds": [
        "sounds/xp/furniturepack/instrument/harp_1",
        "sounds/xp/furniturepack/instrument/harp_2",
        "sounds/xp/furniturepack/instrument/harp_3",
        "sounds/xp/furniturepack/instrument/harp_4",
        "sounds/xp/furniturepack/instrument/harp_5"
      ]
    },
    "xp_furniture:instrument.ukelele": {
      "category": "block",
      "max_distance": 16,
      "sounds": [
        "sounds/xp/furniturepack/instrument/ukulele_1",
        "sounds/xp/furniturepack/instrument/ukulele_2",
        "sounds/xp/furniturepack/instrument/ukulele_3",
        "sounds/xp/furniturepack/instrument/ukulele_4",
        "sounds/xp/furniturepack/instrument/ukulele_5"
      ]
    },
    "xp_furniture:lamp.on": {
      "category": "block",
      "max_distance": 16,
      "sounds": [
        "sounds/xp/furniturepack/lamp/on"
      ]
    },
    "xp_furniture:lamp.off": {
      "category": "block",
      "max_distance": 16,
      "sounds": [
        "sounds/xp/furniturepack/lamp/off"
      ]
    },
    "xp_furniture:placement.heavy": {
      "category": "block",
      "max_distance": 16,
      "sounds": [
        "sounds/xp/furniturepack/placement/heavy"
      ]
    },
    "xp_furniture:placement.medium": {
      "category": "block",
      "max_distance": 16,
      "sounds": [
        "sounds/xp/furniturepack/placement/medium"
      ]
    },
    "xp_furniture:mob_plushie.cow": {
      "category": "block",
      "max_distance": 16,
      "sounds": [
        "sounds/xp/furniturepack/plushie/cow"
      ]
    },
    "xp_furniture:mob_plushie.creeper": {
      "category": "block",
      "max_distance": 16,
      "sounds": [
        "sounds/xp/furniturepack/plushie/creeper"
      ]
    },
    "xp_furniture:mob_plushie.enderman": {
      "category": "block",
      "max_distance": 16,
      "sounds": [
        "sounds/xp/furniturepack/plushie/enderman"
      ]
    },
    "xp_furniture:mob_plushie.pig": {
      "category": "block",
      "max_distance": 16,
      "sounds": [
        "sounds/xp/furniturepack/plushie/pig"
      ]
    },
    "xp_furniture:mob_plushie.sheep": {
      "category": "block",
      "max_distance": 16,
      "sounds": [
        "sounds/xp/furniturepack/plushie/sheep"
      ]
    },
    "xp_furniture:mob_plushie.zombie": {
      "category": "block",
      "max_distance": 16,
      "sounds": [
        "sounds/xp/furniturepack/plushie/zombie"
      ]
    },
    "xp_furniture:mob_plushie.axolotl": {
      "category": "block",
      "max_distance": 16,
      "sounds": [
        "sounds/xp/furniturepack/plushie/axolotl"
      ]
    },
    "xp_furniture:mob_plushie.bee": {
      "category": "block",
      "max_distance": 16,
      "sounds": [
        "sounds/xp/furniturepack/plushie/bee"
      ]
    },
    "xp_furniture:mob_plushie.dragon": {
      "category": "block",
      "max_distance": 16,
      "sounds": [
        "sounds/xp/furniturepack/plushie/dragon"
      ]
    },
    "xp_furniture:mob_plushie.spider": {
      "category": "block",
      "max_distance": 16,
      "sounds": [
        "sounds/xp/furniturepack/plushie/spider"
      ]
    },
    "xp_furniture:mob_plushie.skeleton": {
      "category": "block",
      "max_distance": 16,
      "sounds": [
        "sounds/xp/furniturepack/plushie/skeleton"
      ]
    },
    "xp_furniture:mob_plushie.bat": {
      "category": "block",
      "max_distance": 16,
      "sounds": [
        "sounds/xp/furniturepack/plushie/bat"
      ]
    },
    "xp_furniture:mob_plushie.polar_bear": {
      "category": "block",
      "max_distance": 16,
      "sounds": [
        "sounds/xp/furniturepack/plushie/polar_bear"
      ]
    },
    "xp_furniture:mob_plushie.snow_golem": {
      "category": "block",
      "max_distance": 16,
      "sounds": [
        "sounds/xp/furniturepack/plushie/snow_golem"
      ]
    },
    "xp_furniture:mob_plushie.snow_golem_pumpkin": {
      "category": "block",
      "max_distance": 16,
      "sounds": [
        "sounds/xp/furniturepack/plushie/snow_golem_pumpkin"
      ]
    },
    "xp_furniture:sideboard.open": {
      "category": "block",
      "max_distance": 16,
      "sounds": [
        "sounds/xp/furniturepack/sideboard/open"
      ]
    },
    "xp_furniture:sideboard.close": {
      "category": "block",
      "max_distance": 16,
      "sounds": [
        "sounds/xp/furniturepack/sideboard/close"
      ]
    },
    "xp_furniture:wardrobe.open": {
      "category": "block",
      "max_distance": 16,
      "sounds": [
        "sounds/xp/furniturepack/wardrobe/open"
      ]
    },
    "xp_furniture:wardrobe.close": {
      "category": "block",
      "max_distance": 16,
      "sounds": [
        "sounds/xp/furniturepack/wardrobe/close"
      ]
    },
    "xp_furniture:camera": {
      "category": "block",
      "max_distance": 16,
      "sounds": [
        "sounds/xp/furniturepack/camera"
      ]
    },
    "xp_furniture:clock": {
      "category": "block",
      "max_distance": 16,
      "sounds": [
        "sounds/xp/furniturepack/clock"
      ]
    },
    "xp_furniture:globe": {
      "category": "block",
      "max_distance": 16,
      "sounds": [
        "sounds/xp/furniturepack/globe"
      ]
    },
    "xp_furniture:rocking": {
      "category": "block",
      "max_distance": 16,
      "sounds": [
        "sounds/xp/furniturepack/rocking"
      ]
    },
    "xp_furniture:scarecrow": {
      "category": "block",
      "max_distance": 16,
      "sounds": [
        "sounds/xp/furniturepack/scarecrow"
      ]
    },
    "xp_furniture:sprinkler": {
      "category": "block",
      "max_distance": 16,
      "sounds": [
        "sounds/xp/furniturepack/sprinkler"
      ]
    },
    "xp_furniture:water_mill": {
      "category": "block",
      "max_distance": 16,
      "sounds": [
        "sounds/xp/furniturepack/water_mill"
      ]
    },
    "xp_furniture:wind_mill": {
      "category": "block",
      "max_distance": 16,
      "sounds": [
        "sounds/xp/furniturepack/wind_mill"
      ]
    },
    "xp_furniture:gnome": {
      "category": "block",
      "max_distance": 16,
      "sounds": [
        "sounds/xp/furniturepack/gnome"
      ]
    },
    "xp_furniture:clock_tick_a": {
      "category": "block",
      "max_distance": 16,
      "sounds": [
        {
          "name": "sounds/xp/furniturepack/clock/tick_1",
          "volume": 0.25
        },
        {
          "name": "sounds/xp/furniturepack/clock/tick_3",
          "volume": 0.25
        }
      ]
    },
    "xp_furniture:clock_tick_b": {
      "category": "block",
      "max_distance": 16,
      "sounds": [
        {
          "name": "sounds/xp/furniturepack/clock/tick_2",
          "volume": 0.25
        }
      ]
    },
    "xp_furniture:cauldron": {
      "category": "block",
      "max_distance": 16,
      "sounds": [
        {
          "name": "sounds/xp/furniturepack/cauldron",
          "volume": 0.25
        }
      ]
    },
    "xp_furniture:wardrobe_brine": {
      "category": "block",
      "max_distance": 16,
      "sounds": [
        {
          "name": "sounds/xp/furniturepack/wardrobe_brine",
          "volume": 0.25
        }
      ]
    },
    "xp_furniture:merchant.idle": {
      "category": "neutral",
      "max_distance": 16,
      "sounds": [
        "sounds/xp/furniturepack/merchant/idle_1",
        "sounds/xp/furniturepack/merchant/idle_2",
        "sounds/xp/furniturepack/merchant/idle_3",
        "sounds/xp/furniturepack/merchant/idle_4",
        "sounds/xp/furniturepack/merchant/idle_5",
        "sounds/xp/furniturepack/merchant/idle_6"
      ]
    },
    "xp_furniture:merchant.death": {
      "category": "neutral",
      "max_distance": 16,
      "sounds": [
        "sounds/xp/furniturepack/merchant/die_1",
        "sounds/xp/furniturepack/merchant/die_2",
        "sounds/xp/furniturepack/merchant/die_3",
        "sounds/xp/furniturepack/merchant/die_4",
        "sounds/xp/furniturepack/merchant/die_5",
        "sounds/xp/furniturepack/merchant/die_6"
      ]
    },
    "xp_furniture:merchant.hurt": {
      "category": "neutral",
      "max_distance": 16,
      "sounds": [
        "sounds/xp/furniturepack/merchant/hurt_1",
        "sounds/xp/furniturepack/merchant/hurt_2",
        "sounds/xp/furniturepack/merchant/hurt_3",
        "sounds/xp/furniturepack/merchant/hurt_4"
      ]
    },
    "xp_furniture:merchant.trade": {
      "category": "neutral",
      "max_distance": 16,
      "sounds": [
        "sounds/xp/furniturepack/merchant/trade_1",
        "sounds/xp/furniturepack/merchant/trade_2",
        "sounds/xp/furniturepack/merchant/trade_3",
        "sounds/xp/furniturepack/merchant/trade_4"
      ]
    }
  }
}