{
  "format_version": "1.10.0",
  "animation_controllers": {
    "controller.animation.xp_furniture.butterfly.general": {
      "initial_state": "default",
      "states": {
        "default": {
          "animations": [
            "fly",
            "fly_effects"
          ],
          "transitions": [
            {
              "stationary": "q.is_on_ground"
            }
          ],
          "blend_transition": 0.1,
          "blend_via_shortest_path": true
        },
        "stationary": {
          "transitions": [
            {
              "default": "!q.is_on_ground"
            }
          ],
          "blend_transition": 0.1,
          "blend_via_shortest_path": true
        }
      }
    },
    "controller.animation.xp_furniture.butterfly.hurt": {
      "initial_state": "init",
      "states": {
        "init": {
          "transitions": [
            {
              "default": "1"
            }
          ]
        },
        "default": {
          "transitions": [
            {
              "random_selection": "q.health < v.current_health"
            }
          ],
          "on_entry": [
            "v.current_health = q.health;"
          ]
        },
        "random_selection": {
          "transitions": [
            {
              "hurt_front": "v.random == 1"
            },
            {
              "hurt_left": "v.random == 2"
            },
            {
              "hurt_right": "v.random == 3"
            }
          ],
          "on_entry": [
            "v.random = math.random_integer(1, 3);"
          ]
        },
        "hurt_front": {
          "animations": [
            "hurt_front"
          ],
          "transitions": [
            {
              "default": "q.all_animations_finished"
            }
          ]
        },
        "hurt_left": {
          "animations": [
            "hurt_left"
          ],
          "transitions": [
            {
              "default": "q.all_animations_finished"
            }
          ]
        },
        "hurt_right": {
          "animations": [
            "hurt_right"
          ],
          "transitions": [
            {
              "default": "q.all_animations_finished"
            }
          ]
        }
      }
    },
    "controller.animation.xp_furniture.containers": {
      "initial_state": "closed",
      "states": {
        "closed": {
          "animations": [
            "closed_state"
          ],
          "transitions": [
            {
              "open": "q.property('xp_furniture:is_interacted_with') && v.look_at_entity"
            }
          ],
          "blend_via_shortest_path": true,
          "blend_transition": 0.25
        },
        "close": {
          "animations": [
            "close"
          ],
          "transitions": [
            {
              "closed": "q.all_animations_finished"
            }
          ],
          "blend_via_shortest_path": true,
          "blend_transition": 0.25
        },
        "open": {
          "animations": [
            "open"
          ],
          "transitions": [
            {
              "opened": "q.all_animations_finished"
            }
          ],
          "blend_via_shortest_path": true,
          "blend_transition": 0.25
        },
        "opened": {
          "animations": [
            "open_state"
          ],
          "transitions": [
            {
              "close": "!q.property('xp_furniture:is_interacted_with') || !v.look_at_entity"
            }
          ],
          "blend_via_shortest_path": true,
          "blend_transition": 0.25
        }
      }
    },
    "controller.animation.xp_furniture.lamp": {
      "initial_state": "off",
      "states": {
        "off": {
          "transitions": [
            {
              "on": "q.property('xp_furniture:is_interacted_with')"
            }
          ],
          "sound_effects": [
            {
              "effect": "off"
            }
          ]
        },
        "on": {
          "transitions": [
            {
              "off": "!q.property('xp_furniture:is_interacted_with')"
            }
          ],
          "sound_effects": [
            {
              "effect": "on"
            }
          ]
        }
      }
    },
    "controller.animation.xp_furniture.pillow": {
      "initial_state": "idle",
      "states": {
        "idle": {
          "animations": [
            "normal_state"
          ],
          "transitions": [
            {
              "on_sit": "q.has_rider"
            },
            {
              "on_interact": "q.property('xp_furniture:is_interacted_with')"
            }
          ],
          "blend_via_shortest_path": true,
          "blend_transition": 0.1
        },
        "on_sit": {
          "animations": [
            "compress"
          ],
          "transitions": [
            {
              "on_sit.stay": "q.all_animations_finished"
            }
          ],
          "blend_via_shortest_path": true,
          "blend_transition": 0.1
        },
        "on_sit.stay": {
          "animations": [
            "compressed_state"
          ],
          "transitions": [
            {
              "on_sit.leave": "!q.has_rider"
            }
          ],
          "blend_via_shortest_path": true,
          "blend_transition": 0.1
        },
        "on_sit.leave": {
          "animations": [
            "decompress"
          ],
          "transitions": [
            {
              "idle": "q.all_animations_finished"
            }
          ],
          "blend_via_shortest_path": true,
          "blend_transition": 0.1
        },
        "on_interact": {
          "animations": [
            "jumped_on"
          ],
          "transitions": [
            {
              "idle": "q.all_animations_finished"
            }
          ],
          "blend_via_shortest_path": true,
          "blend_transition": 0.1
        }
      }
    },
    "controller.animation.xp_furniture.blinds": {
      "initial_state": "closed",
      "states": {
        "closed": {
          "transitions": [
            {
              "open": "q.property('xp_furniture:is_interacted_with')"
            }
          ],
          "sound_effects": [
            {
              "effect": "closed"
            }
          ]
        },
        "open": {
          "transitions": [
            {
              "closed": "!q.property('xp_furniture:is_interacted_with')"
            }
          ],
          "sound_effects": [
            {
              "effect": "open"
            }
          ]
        }
      }
    },
    "controller.animation.xp_furniture.christmas_tree.candles": {
      "initial_state": "default",
      "states": {
        "default": {
          "transitions": [
            {
              "vfx": "q.property('xp_furniture:candles') && q.property('xp_furniture:is_lit')"
            }
          ]
        },
        "vfx": {
          "animations": [
            "candles"
          ],
          "transitions": [
            {
              "default": "!q.property('xp_furniture:candles') || !q.property('xp_furniture:is_lit')"
            }
          ]
        }
      }
    },
    "controller.animation.xp_furniture.curtains": {
      "initial_state": "closed",
      "states": {
        "closed": {
          "transitions": [
            {
              "open": "q.property('xp_furniture:is_interacted_with')"
            }
          ],
          "sound_effects": [
            {
              "effect": "closed"
            }
          ]
        },
        "open": {
          "transitions": [
            {
              "closed": "!q.property('xp_furniture:is_interacted_with')"
            }
          ],
          "sound_effects": [
            {
              "effect": "open"
            }
          ]
        }
      }
    },
    "controller.animation.xp_furniture.grandfather_clock.duck": {
      "initial_state": "idle",
      "states": {
        "idle": {
          "animations": [
            "duck_idle"
          ],
          "transitions": [
            {
              "active": "q.any(q.time_of_day, 0.0, 0.25, 0.5, 0.75)"
            }
          ],
          "blend_via_shortest_path": true,
          "blend_transition": 0
        },
        "active": {
          "animations": [
            "duck_active"
          ],
          "transitions": [
            {
              "idle": "q.all_animations_finished"
            }
          ],
          "blend_via_shortest_path": true,
          "blend_transition": 0
        }
      }
    },
    "controller.animation.xp_furniture.globe": {
      "initial_state": "idle",
      "states": {
        "idle": {
          "animations": [
            "idle"
          ],
          "transitions": [
            {
              "spin": "q.property('xp_furniture:is_interacted_with')"
            }
          ],
          "blend_via_shortest_path": true,
          "blend_transition": 0.1
        },
        "spin": {
          "animations": [
            {
              "spin": "!v.random_spin"
            },
            {
              "spin2": "v.random_spin"
            }
          ],
          "transitions": [
            {
              "idle": "!q.property('xp_furniture:is_interacted_with') && q.any_animation_finished"
            }
          ],
          "on_entry": [
            "v.random_spin = Math.random_integer(0, 1);"
          ],
          "sound_effects": [
            {
              "effect": "spin"
            }
          ],
          "blend_via_shortest_path": true,
          "blend_transition": 0.1
        }
      }
    },
    "controller.animation.xp_furniture.instruments": {
      "states": {
        "default": {
          "animations": [
            {
              "bongos": "q.variant == 0"
            },
            {
              "harp": "q.variant == 1"
            },
            {
              "ukelele": "q.variant == 2"
            }
          ]
        }
      }
    },
    "controller.animation.xp_furniture.instruments.bongos": {
      "initial_state": "idle",
      "states": {
        "idle": {
          "animations": [
            "bongos.idle"
          ],
          "transitions": [
            {
              "hit": "q.property('xp_furniture:is_interacted_with')"
            }
          ],
          "blend_via_shortest_path": true,
          "blend_transition": 0.1
        },
        "hit": {
          "transitions": [
            {
              "hit.random": "v.hit_count < 4"
            },
            {
              "hit.combo": "1"
            }
          ],
          "on_entry": [
            "v.hit_count = (v.hit_count ?? 0) + 1;"
          ],
          "blend_via_shortest_path": true,
          "blend_transition": 0.1
        },
        "hit.random": {
          "animations": [
            {
              "bongos.hit_big": "v.hit_count == 1"
            },
            {
              "bongos.hit_thin": "v.hit_count == 2"
            },
            {
              "bongos.hit_tall": "v.hit_count == 3"
            }
          ],
          "transitions": [
            {
              "idle": "!q.property('xp_furniture:is_interacted_with') && q.any_animation_finished"
            }
          ],
          "blend_via_shortest_path": true,
          "blend_transition": 0.1
        },
        "hit.combo": {
          "animations": [
            "bongos.hit_combo"
          ],
          "transitions": [
            {
              "idle": "!q.property('xp_furniture:is_interacted_with') && q.all_animations_finished"
            }
          ],
          "on_entry": [
            "v.hit_count = 0;"
          ],
          "blend_via_shortest_path": true,
          "blend_transition": 0.1
        }
      }
    },
    "controller.animation.xp_furniture.instruments.harp": {
      "initial_state": "idle",
      "states": {
        "idle": {
          "animations": [
            "harp.idle"
          ],
          "transitions": [
            {
              "strum": "q.property('xp_furniture:is_interacted_with')"
            }
          ],
          "blend_via_shortest_path": true,
          "blend_transition": 0.1
        },
        "strum": {
          "animations": [
            "harp.strum"
          ],
          "transitions": [
            {
              "idle": "!q.property('xp_furniture:is_interacted_with')"
            }
          ],
          "blend_via_shortest_path": true,
          "blend_transition": 0.1
        }
      }
    },
    "controller.animation.xp_furniture.instruments.ukelele": {
      "initial_state": "idle",
      "states": {
        "idle": {
          "animations": [
            "ukelele.idle"
          ],
          "transitions": [
            {
              "strum": "q.property('xp_furniture:is_interacted_with')"
            }
          ],
          "blend_via_shortest_path": true,
          "blend_transition": 0.1
        },
        "strum": {
          "transitions": [
            {
              "strum.twice": "(v.hit_count ?? false)"
            },
            {
              "strum.once": "1"
            }
          ],
          "blend_via_shortest_path": true,
          "blend_transition": 0.1
        },
        "strum.once": {
          "animations": [
            "ukelele.strum"
          ],
          "transitions": [
            {
              "idle": "!q.property('xp_furniture:is_interacted_with') && q.any_animation_finished"
            }
          ],
          "on_entry": [
            "v.hit_count = true;"
          ],
          "blend_via_shortest_path": true,
          "blend_transition": 0.1
        },
        "strum.twice": {
          "animations": [
            "ukelele.strum_twice"
          ],
          "transitions": [
            {
              "idle": "!q.property('xp_furniture:is_interacted_with') && q.all_animations_finished"
            }
          ],
          "on_entry": [
            "v.hit_count = false;"
          ],
          "blend_via_shortest_path": true,
          "blend_transition": 0.1
        }
      }
    },
    "controller.animation.metal_pump": {
      "initial_state": "idle",
      "states": {
        "idle": {
          "animations": [
            "idle"
          ],
          "transitions": [
            {
              "open": "q.property('xp_furniture:is_interacted_with')"
            }
          ],
          "blend_via_shortest_path": true,
          "blend_transition": 0.75
        },
        "open": {
          "animations": [
            "open"
          ],
          "transitions": [
            {
              "pumping": "q.all_animations_finished"
            }
          ],
          "blend_via_shortest_path": true,
          "blend_transition": 0.75
        },
        "pumping": {
          "animations": [
            "pumping"
          ],
          "transitions": [
            {
              "close": "!q.property('xp_furniture:is_interacted_with')"
            }
          ],
          "blend_via_shortest_path": true,
          "blend_transition": 0.75
        },
        "close": {
          "animations": [
            "close"
          ],
          "transitions": [
            {
              "idle": "q.all_animations_finished"
            }
          ],
          "blend_via_shortest_path": true,
          "blend_transition": 0.75
        }
      }
    },
    "controller.animation.xp_furniture.mob_plushie": {
      "states": {
        "default": {
          "transitions": [
            {
              "squish": "q.property('xp_furniture:is_interacted_with')"
            }
          ],
          "blend_via_shortest_path": true,
          "blend_transition": 0.1
        },
        "squish": {
          "animations": [
            {
              "plushie_cow.squish": "q.variant == 0"
            },
            {
              "plushie_creeper.squish": "q.variant == 1"
            },
            {
              "plushie_enderman.squish": "q.variant == 2"
            },
            {
              "plushie_pig.squish": "q.variant == 3"
            },
            {
              "plushie_sheep.squish": "q.variant == 4"
            },
            {
              "plushie_zombie.squish": "q.variant == 5"
            },
            {
              "plushie_axolotl.squish": "q.variant == 6"
            },
            {
              "plushie_bee.squish": "q.variant == 7"
            },
            {
              "plushie_dragon.squish": "q.variant == 8"
            },
            {
              "plushie_spider.squish": "q.variant == 9"
            },
            {
              "plushie_skeleton.squish": "q.variant == 10"
            },
            {
              "plushie_bat.squish": "q.variant == 11"
            },
            {
              "plushie_polar_bear.squish": "q.variant == 12"
            },
            {
              "plushie_snow_golem.squish": "q.variant == 13"
            },
            {
              "plushie_snow_golem_pumpkin.squish": "q.variant == 14"
            }
          ],
          "transitions": [
            {
              "default": "!q.property('xp_furniture:is_interacted_with') && q.any_animation_finished"
            }
          ],
          "blend_via_shortest_path": true,
          "blend_transition": 0.1
        }
      }
    },
    "controller.animation.xp_furniture.wind_chimes": {
      "initial_state": "init",
      "states": {
        "init": {
          "transitions": [
            {
              "idle": "1"
            }
          ]
        },
        "idle": {
          "transitions": [
            {
              "ambience": "q.life_time - v.state_time > v.random_state_time"
            }
          ],
          "on_entry": [
            "v.state_time = q.life_time;",
            "v.random_state_time = !q.mark_variant ? Math.random(4, 5) : Math.random(6, 7) + Math.random(1, 3);"
          ]
        },
        "ambience": {
          "transitions": [
            {
              "ambience.bamboo": "!q.mark_variant"
            },
            {
              "ambience.metal": "q.mark_variant"
            }
          ]
        },
        "ambience.bamboo": {
          "transitions": [
            {
              "idle": "1"
            }
          ],
          "sound_effects": [
            {
              "effect": "bamboo"
            }
          ]
        },
        "ambience.metal": {
          "transitions": [
            {
              "idle": "1"
            }
          ],
          "sound_effects": [
            {
              "effect": "metal"
            }
          ]
        }
      }
    },
    "controller.animation.xp_furniture.aquarium": {
      "initial_state": "empty",
      "states": {
        "empty": {
          "animations": [
            "fish.empty"
          ],
          "transitions": [
            {
              "full": "q.variant == 1"
            }
          ],
          "blend_via_shortest_path": true,
          "blend_transition": 1
        },
        "full": {
          "animations": [
            {
              "fish.empty": "q.property('xp_furniture:fish_type') == 'empty'"
            },
            {
              "fish.salmon": "q.property('xp_furniture:fish_type') == 'salmon'"
            },
            {
              "fish.cod": "q.property('xp_furniture:fish_type') == 'cod'"
            },
            {
              "fish.pufferfish": "q.property('xp_furniture:fish_type') == 'pufferfish'"
            },
            {
              "fish.tropical_a1_a2": "q.property('xp_furniture:fish_type') == 'tropical_a1_a2'"
            },
            {
              "fish.tropical_b1_b2": "q.property('xp_furniture:fish_type') == 'tropical_b1_b2'"
            },
            {
              "fish.tropical_a1_b2": "q.property('xp_furniture:fish_type') == 'tropical_a1_b2'"
            },
            {
              "fish.tropical_b1_a2": "q.property('xp_furniture:fish_type') == 'tropical_b1_a2'"
            }
          ],
          "transitions": [
            {
              "empty": "!q.variant"
            }
          ],
          "blend_via_shortest_path": true,
          "blend_transition": 1
        }
      }
    },
    "controller.animation.xp_furniture.barred_door.open_and_close": {
      "initial_state": "closed",
      "states": {
        "closed": {
          "animations": [
            "closed_state"
          ],
          "transitions": [
            {
              "shake": "q.property('xp_furniture:is_opened') == 'shake'"
            },
            {
              "open": "q.property('xp_furniture:is_opened') != 'false'"
            }
          ]
        },
        "close": {
          "animations": [
            {
              "close_reversed": "v.direction == 'front'"
            },
            {
              "close": "v.direction == 'back'"
            }
          ],
          "transitions": [
            {
              "closed": "q.any_animation_finished"
            }
          ]
        },
        "opened": {
          "animations": [
            {
              "open_state_reversed": "q.property('xp_furniture:is_opened') == 'front'"
            },
            {
              "open_state": "q.property('xp_furniture:is_opened') == 'back'"
            }
          ],
          "transitions": [
            {
              "close": "q.property('xp_furniture:is_opened') == 'false'"
            }
          ]
        },
        "open": {
          "animations": [
            {
              "open_reversed": "q.property('xp_furniture:is_opened') == 'front'"
            },
            {
              "open": "q.property('xp_furniture:is_opened') == 'back'"
            }
          ],
          "transitions": [
            {
              "opened": "q.any_animation_finished"
            }
          ],
          "on_entry": [
            "v.direction = q.property('xp_furniture:is_opened');"
          ]
        },
        "shake": {
          "animations": [
            "shake"
          ],
          "transitions": [
            {
              "closed": "q.any_animation_finished && q.property('xp_furniture:is_opened') != 'shake'"
            }
          ]
        }
      }
    },
    "controller.animation.xp_furniture.barred_door.barred_front": {
      "initial_state": "unlocked",
      "states": {
        "unlocked": {
          "animations": [
            "unlocked_state"
          ],
          "transitions": [
            {
              "lock": "q.property('xp_furniture:is_barred_front')"
            }
          ]
        },
        "unlock": {
          "animations": [
            "unlock"
          ],
          "transitions": [
            {
              "unlocked": "q.all_animations_finished"
            }
          ]
        },
        "locked": {
          "animations": [
            "locked_state"
          ],
          "transitions": [
            {
              "unlock": "!q.property('xp_furniture:is_barred_front')"
            }
          ]
        },
        "lock": {
          "animations": [
            "lock"
          ],
          "transitions": [
            {
              "locked": "q.all_animations_finished"
            }
          ]
        }
      }
    },
    "controller.animation.xp_furniture.barred_door.barred_back": {
      "initial_state": "unlocked",
      "states": {
        "unlocked": {
          "animations": [
            "unlocked_state_reversed"
          ],
          "transitions": [
            {
              "lock": "q.property('xp_furniture:is_barred_back')"
            }
          ]
        },
        "unlock": {
          "animations": [
            "unlock_reversed"
          ],
          "transitions": [
            {
              "unlocked": "q.all_animations_finished"
            }
          ]
        },
        "locked": {
          "animations": [
            "locked_state_reversed"
          ],
          "transitions": [
            {
              "unlock": "!q.property('xp_furniture:is_barred_back')"
            }
          ]
        },
        "lock": {
          "animations": [
            "lock_reversed"
          ],
          "transitions": [
            {
              "locked": "q.all_animations_finished"
            }
          ]
        }
      }
    },
    "controller.animation.xp_furniture.big_cauldron.fullness": {
      "initial_state": "default",
      "states": {
        "default": {
          "animations": [
            {
              "empty": "q.property('xp_furniture:potion_fullness') == 0"
            },
            {
              "twenty": "q.property('xp_furniture:potion_fullness') == 1"
            },
            {
              "fourty": "q.property('xp_furniture:potion_fullness') == 2"
            },
            {
              "sixty": "q.property('xp_furniture:potion_fullness') == 3"
            },
            {
              "eighty": "q.property('xp_furniture:potion_fullness') == 4"
            },
            {
              "full": "q.property('xp_furniture:potion_fullness') == 5"
            }
          ]
        }
      }
    },
    "controller.animation.xp_furniture.big_cauldron.progress": {
      "initial_state": "not_brewing",
      "states": {
        "not_brewing": {
          "transitions": [
            {
              "brewing": "q.property('xp_furniture:has_already_brewed') && q.distance_from_camera < 6 && q.property('xp_furniture:potion_fullness') > 0"
            }
          ],
          "blend_via_shortest_path": true,
          "blend_transition": 1
        },
        "brewing": {
          "animations": [
            {
              "stir_1": "!v.stir_type"
            },
            {
              "stir_2": "v.stir_type"
            }
          ],
          "on_entry": [
            "v.stir_type = q.property('xp_furniture:potion_fullness') == 1 ? 1 : (q.property('xp_furniture:potion_fullness') == 3 ? 0 : Math.random_integer(0, 1));"
          ],
          "transitions": [
            {
              "not_brewing": "!q.property('xp_furniture:has_already_brewed') || q.distance_from_camera >= 6 || q.property('xp_furniture:potion_fullness') == 0"
            }
          ],
          "blend_via_shortest_path": true,
          "blend_transition": 1
        }
      }
    },
    "controller.animation.xp_furniture.camera": {
      "states": {
        "default": {
          "transitions": [
            {
              "on_interact": "q.property('xp_furniture:is_interacted_with')"
            }
          ]
        },
        "on_interact": {
          "animations": [
            "print"
          ],
          "transitions": [
            {
              "default": "q.all_animations_finished"
            }
          ]
        }
      }
    },
    "controller.animation.xp_furniture.rocking_chair": {
      "initial_state": "idle",
      "states": {
        "idle": {
          "transitions": [
            {
              "enter": "q.has_rider"
            }
          ],
          "blend_via_shortest_path": true,
          "blend_transition": 0.1
        },
        "enter": {
          "animations": [
            "idle"
          ],
          "transitions": [
            {
              "exit": "!q.has_rider"
            }
          ],
          "blend_via_shortest_path": true,
          "blend_transition": 0.25
        },
        "exit": {
          "animations": [
            "exit"
          ],
          "transitions": [
            {
              "enter": "q.has_rider"
            },
            {
              "idle": "q.all_animations_finished"
            }
          ],
          "blend_via_shortest_path": true,
          "blend_transition": 0.25
        }
      }
    },
    "controller.animation.xp_furniture.scarecrow": {
      "initial_state": "idle",
      "states": {
        "idle": {
          "animations": [
            "idle"
          ],
          "transitions": [
            {
              "on_hit": "q.property('xp_furniture:is_interacted_with')"
            }
          ],
          "blend_via_shortest_path": true,
          "blend_transition": 0.1
        },
        "on_hit": {
          "animations": [
            "hit"
          ],
          "transitions": [
            {
              "idle": "q.all_animations_finished && !q.property('xp_furniture:is_interacted_with')"
            }
          ],
          "blend_via_shortest_path": true,
          "blend_transition": 0.1
        }
      }
    },
    "controller.animation.xp_furniture.sprinkler": {
      "initial_state": "off",
      "states": {
        "off": {
          "animations": [
            "off"
          ],
          "transitions": [
            {
              "on": "q.property('xp_furniture:is_interacted_with')"
            }
          ]
        },
        "on": {
          "animations": [
            {
              "on": "!v.use_random"
            },
            {
              "on2": "v.use_random"
            }
          ],
          "transitions": [
            {
              "cooldown": "q.any_animation_finished"
            }
          ],
          "on_entry": [
            "v.use_random = Math.random_integer(0, 1);"
          ]
        },
        "cooldown": {
          "transitions": [
            {
              "off": "!q.property('xp_furniture:is_interacted_with')"
            }
          ]
        }
      }
    },
    "controller.animation.xp_furniture.sprinkler.water": {
      "initial_state": "empty",
      "states": {
        "empty": {
          "animations": [
            "water_empty"
          ],
          "transitions": [
            {
              "full": "q.property('xp_furniture:has_water')"
            }
          ]
        },
        "full": {
          "animations": [
            "water_full"
          ],
          "transitions": [
            {
              "empty": "!q.property('xp_furniture:has_water')"
            }
          ]
        }
      }
    },
    "controller.animation.xp_furniture.telescope": {
      "initial_state": "idle",
      "states": {
        "idle": {
          "animations": [
            "rotate"
          ],
          "transitions": [
            {
              "rotate": "q.property('xp_furniture:has_target')"
            }
          ],
          "blend_via_shortest_path": true,
          "blend_transition": 0.5
        },
        "rotate": {
          "animations": [
            "rotate_to_target"
          ],
          "transitions": [
            {
              "idle": "!q.property('xp_furniture:has_target')"
            }
          ],
          "sound_effects": [
            {
              "effect": "zoom_in"
            }
          ],
          "blend_via_shortest_path": true,
          "blend_transition": 0.5
        }
      }
    },
    "controller.animation.xp_furniture.water_mill": {
      "initial_state": "default",
      "states": {
        "default": {
          "transitions": [
            {
              "spin_start": "v.is_animating"
            }
          ]
        },
        "spin_stop": {
          "animations": [
            "spin_stop"
          ],
          "transitions": [
            {
              "default": "q.all_animations_finished"
            }
          ]
        },
        "spin_start": {
          "animations": [
            {
              "spin0": "v.height == 1"
            },
            {
              "drips": "v.height == 1"
            },
            {
              "drips2": "v.height == 1"
            },
            {
              "flaps_ripple": "v.height == 1"
            },
            {
              "flaps_ripple2": "v.height == 1"
            },
            {
              "pour_edge": "v.height == 1"
            },
            {
              "drip_edge": "v.height == 1"
            },
            {
              "splashes": "v.height == 1"
            },
            {
              "edge_enter": "v.height == 1"
            },
            {
              "spin": "v.height == 2"
            },
            {
              "up_2.pour": "v.height == 2"
            },
            {
              "up_2.pour.edge": "v.height == 2"
            },
            {
              "up_2.wake": "v.height == 2"
            },
            {
              "up_2.edge_enter": "v.height == 2"
            },
            {
              "splashes2": "v.height == 2"
            },
            {
              "splashes3": "v.height == 2"
            },
            {
              "drips": "v.height == 2"
            },
            {
              "drips2": "v.height == 2"
            },
            {
              "flaps_ripple3": "v.height == 2"
            },
            {
              "flaps_ripple4": "v.height == 2"
            },
            "spin_sfx"
          ],
          "transitions": [
            {
              "spin_stop": "!v.is_animating"
            }
          ]
        }
      }
    },
    "controller.animation.xp_furniture.wood_mug": {
      "initial_state": "idle",
      "states": {
        "idle": {
          "transitions": [
            {
              "drinking": "q.is_using_item && (q.item_remaining_use_duration > 0.67)"
            }
          ],
          "blend_via_shortest_path": true,
          "blend_transition": 0.1
        },
        "drinking": {
          "animations": [
            "drink"
          ],
          "transitions": [
            {
              "idle": "!q.is_using_item || q.item_remaining_use_duration < 0.1"
            }
          ],
          "blend_via_shortest_path": true,
          "blend_transition": 0.1
        }
      }
    }
  }
}