{
    "format_version": "1.10.0",
    "render_controllers": {

		"controller.render.mbl_fish.multi4": {
            "arrays": {
                "textures": {
                    "Array.skins": [
                        "Texture.default",
                        "Texture.net_02",
                        "Texture.net_03",
                        "Texture.net_04"
                    ]
                }
            },
            "materials": [
                {"*": "Material.default"}
            ],
			"geometry": "geometry.default",
            "textures": ["Array.skins[query.variant]"]
        }
    }
}