{
  "entity_sounds": {
    "entities": {
      "pod_farm:fridge": {
        "events": {
          "ambient": "",
          "death": "",
          "hurt": "",
          "step": "",
          "fall.big": "",
          "fall.small": ""
        }
      },
      "pod_farm:crow": {
        "events": {
          "ambient": "pod_farm.crow.ambient",
          "attack": {
            "pitch": [0.9, 1.05],
            "sound": "pod_farm.crow.eat"
          },
          "death": {
            "pitch": [0.9, 1.05],
            "sound": "pod_farm.crow.death"
          },
          "flap": {
            "pitch": [0.55, 0.7],
            "sound": "mob.parrot.fly"
          },
          "hurt": {
            "pitch": [0.9, 1.05],
            "sound": "pod_farm.crow.hurt"
          },
          "swoop": {
            "pitch": [0.95, 1.05],
            "sound": "pod_farm.crow.ambient"
          }
        },
        "pitch": [0.8, 1.2],
        "volume": 10
      },
      "pod_farm:turkey": {
        "events": {
          "ambient": {
            "pitch": [0.8, 1.2],
            "sound": "pod_farm.turkey.ambient"
          },
          "death": "pod_farm.bird.hurt1",
          "eat": "",
          "hurt": "pod_farm.bird.hurt1",
          "step": {
            "pitch": 1.0,
            "sound": "mob.chicken.step",
            "volume": 0.25
          }
        },
        "pitch": [0.8, 1.2],
        "volume": 1.0
      },
      "pod_farm:duck": {
        "events": {
          "ambient": "pod_farm.duck.ambient",
          "death": {
            "pitch": 1.4,
            "volume": 3,
            "sound": "pod_farm.duck.ambient"
          },
          "eat": "",
          "hurt": {
            "pitch": 1.5,
            "volume": 2,
            "sound": "pod_farm.duck.ambient"
          },
          "step": {
            "pitch": 1.0,
            "sound": "mob.chicken.step",
            "volume": 0.25
          }
        },
        "pitch": [0.8, 1.2],
        "volume": 1.0
      },
      "pod_farm:quail": {
        "events": {
          "ambient": "pod_farm.quail.ambient",
          "death": "pod_farm.bird.hurt1",
          "eat": "",
          "hurt": "pod_farm.bird.hurt1",
          "plop": {
            "sound": "mob.chicken.plop",
            "pitch": 1.2
          },
          "step": {
            "pitch": 1.0,
            "sound": "mob.chicken.step",
            "volume": 0.25
          }
        },
        "pitch": [0.8, 1.2],
        "volume": 1.0
      },
      "pod_farm:goose": {
        "events": {
          "ambient": "pod_farm.goose.ambient",
          "death": "pod_farm.bird.hurt2",
          "eat": "",
          "hurt": "pod_farm.bird.hurt2",
          "step": {
            "pitch": 1.0,
            "sound": "mob.chicken.step",
            "volume": 0.25
          }
        },
        "pitch": [0.8, 1.2],
        "volume": 1.0
      },
      "pod_farm:peacock": {
        "events": {
          "ambient": {
            "pitch": [0.8, 1.2],
            "sound": "pod_farm.peacock.ambient"
          },
          "death": "pod_farm.bird.hurt2",
          "eat": "",
          "hurt": "pod_farm.bird.hurt2",
          "step": {
            "pitch": 1.0,
            "sound": "mob.chicken.step",
            "volume": 0.25
          }
        },
        "pitch": [0.8, 1.2],
        "volume": 1.0
      },
      "pod_farm:bison": {
        "events": {
          "ambient": "pod_farm.bison.ambient",
          "attack.strong": "pod_farm.bison.attack",
          "death": "mob.camel.death",
          "hurt": "mob.camel.hurt",
          "roar": "mob.ravager.roar",
          "step": "mob.panda.step"
        },
        "pitch": [0.8, 1.2],
        "volume": 1.0
      },
      "pod_farm:yak": {
        "events": {
          "ambient": "pod_farm.bison.ambient",
          "attack.strong": "pod_farm.bison.attack",
          "death": "mob.camel.death",
          "hurt": "mob.camel.hurt",
          "roar": "mob.ravager.roar",
          "step": "mob.panda.step"
        },
        "pitch": [0.8, 1.2],
        "volume": 1.0
      },
      "pod_farm:deer": {
        "events": {
          "ambient": "",
          "breathe": {
            "pitch": [1.8, 2],
            "sound": "mob.horse.breathe",
            "volume": 1.5
          },
          "death": {
            "sound": "mob.horse.donkey.hit",
            "pitch": [0.65, 0.85]
          },
          "eat": {
            "pitch": [1.8, 2],
            "sound": "mob.horse.eat",
            "volume": [0.75, 1.5]
          },
          "hurt": "mob.horse.donkey.hit",
          "jump": {
            "pitch": 1.0,
            "sound": "mob.horse.jump",
            "volume": 0.4
          },
          "land": {
            "pitch": 1.0,
            "sound": "mob.horse.land",
            "volume": 0.4
          },
          "mad": {
            "pitch": [1.8, 2],
            "sound": "mob.horse.breathe",
            "volume": 1.5
          }
        },
        "pitch": [0.8, 1.2],
        "volume": 0.8
      }
    }
  }
}
