{
  "format_version": "1.12.0",
  "minecraft:geometry": [
    {
      "description": {
        "identifier": "geometry.pod_farm.crop_3_layer",
        "texture_width": 32,
        "texture_height": 32,
        "visible_bounds_width": 2,
        "visible_bounds_height": 2.5,
        "visible_bounds_offset": [0, 0.75, 0]
      },
      "bones": [
        {
          "name": "layer_0",
          "pivot": [0, 0, 0],
          "cubes": [
            {
              "origin": [-8, -1, -4],
              "size": [16, 16, 0],
              "uv": {
                "north": { "uv": [0, 0], "uv_size": [0, 0] },
                "east": { "uv": [0, 0], "uv_size": [0, 0] },
                "south": { "uv": [0, 0], "uv_size": [16, 16] },
                "west": { "uv": [0, 0], "uv_size": [0, 0] },
                "up": { "uv": [0, 0], "uv_size": [0, 0] },
                "down": { "uv": [0, 0], "uv_size": [0, 0] }
              }
            },
            {
              "origin": [-8, -1, 4],
              "size": [16, 16, 0],
              "uv": {
                "north": { "uv": [0, 0], "uv_size": [16, 16] },
                "east": { "uv": [0, 0], "uv_size": [0, 8] },
                "south": { "uv": [0, 0], "uv_size": [0, 0] },
                "west": { "uv": [0, 0], "uv_size": [0, 8] },
                "up": { "uv": [0, 0], "uv_size": [8, 0] },
                "down": { "uv": [0, 0], "uv_size": [8, 0] }
              }
            },
            {
              "origin": [-8, -1, -4],
              "size": [16, 16, 0],
              "pivot": [0, 0, 0],
              "rotation": [0, -90, 0],
              "uv": {
                "north": { "uv": [0, 0], "uv_size": [0, 0] },
                "east": { "uv": [0, 0], "uv_size": [0, 8] },
                "south": { "uv": [0, 0], "uv_size": [16, 16] },
                "west": { "uv": [0, 0], "uv_size": [0, 8] },
                "up": { "uv": [0, 0], "uv_size": [8, 0] },
                "down": { "uv": [0, 0], "uv_size": [8, 0] }
              }
            },
            {
              "origin": [-8, -1, 4],
              "size": [16, 16, 0],
              "pivot": [0, 0, 0],
              "rotation": [0, -90, 0],
              "uv": {
                "north": { "uv": [0, 0], "uv_size": [16, 16] },
                "east": { "uv": [0, 0], "uv_size": [0, 8] },
                "south": { "uv": [0, 0], "uv_size": [0, 0] },
                "west": { "uv": [0, 0], "uv_size": [0, 8] },
                "up": { "uv": [0, 0], "uv_size": [8, 0] },
                "down": { "uv": [0, 0], "uv_size": [8, 0] }
              }
            }
          ]
        },
        {
          "name": "layer_1",
          "pivot": [0, 0, 0],
          "cubes": [
            {
              "origin": [-8, -1, -4],
              "size": [16, 16, 0],
              "uv": {
                "north": { "uv": [0, 0], "uv_size": [0, 0] },
                "east": { "uv": [0, 0], "uv_size": [0, 8] },
                "south": { "uv": [16, 0], "uv_size": [16, 16] },
                "west": { "uv": [0, 0], "uv_size": [0, 8] },
                "up": { "uv": [0, 0], "uv_size": [8, 0] },
                "down": { "uv": [0, 0], "uv_size": [8, 0] }
              }
            },
            {
              "origin": [-8, -1, 4],
              "size": [16, 16, 0],
              "uv": {
                "north": { "uv": [16, 0], "uv_size": [16, 16] },
                "east": { "uv": [0, 0], "uv_size": [0, 8] },
                "south": { "uv": [0, 0], "uv_size": [0, 0] },
                "west": { "uv": [0, 0], "uv_size": [0, 8] },
                "up": { "uv": [0, 0], "uv_size": [8, 0] },
                "down": { "uv": [0, 0], "uv_size": [8, 0] }
              }
            },
            {
              "origin": [-8, -1, -4],
              "size": [16, 16, 0],
              "pivot": [0, 0, 0],
              "rotation": [0, -90, 0],
              "uv": {
                "north": { "uv": [0, 0], "uv_size": [0, 0] },
                "east": { "uv": [0, 0], "uv_size": [0, 8] },
                "south": { "uv": [16, 0], "uv_size": [16, 16] },
                "west": { "uv": [0, 0], "uv_size": [0, 8] },
                "up": { "uv": [0, 0], "uv_size": [8, 0] },
                "down": { "uv": [0, 0], "uv_size": [8, 0] }
              }
            },
            {
              "origin": [-8, -1, 4],
              "size": [16, 16, 0],
              "pivot": [0, 0, 0],
              "rotation": [0, -90, 0],
              "uv": {
                "north": { "uv": [16, 0], "uv_size": [16, 16] },
                "east": { "uv": [0, 0], "uv_size": [0, 8] },
                "south": { "uv": [0, 0], "uv_size": [0, 0] },
                "west": { "uv": [0, 0], "uv_size": [0, 8] },
                "up": { "uv": [0, 0], "uv_size": [8, 0] },
                "down": { "uv": [0, 0], "uv_size": [8, 0] }
              }
            }
          ]
        },
        {
          "name": "layer_2",
          "pivot": [0, 0, 0],
          "cubes": [
            {
              "origin": [-8, -1, -4],
              "size": [16, 16, 0],
              "uv": {
                "north": { "uv": [0, 0], "uv_size": [0, 0] },
                "east": { "uv": [0, 0], "uv_size": [0, 8] },
                "south": { "uv": [0, 16], "uv_size": [16, 16] },
                "west": { "uv": [0, 0], "uv_size": [0, 8] },
                "up": { "uv": [0, 0], "uv_size": [8, 0] },
                "down": { "uv": [0, 0], "uv_size": [8, 0] }
              }
            },
            {
              "origin": [-8, -1, 4],
              "size": [16, 16, 0],
              "uv": {
                "north": { "uv": [0, 16], "uv_size": [16, 16] },
                "east": { "uv": [0, 0], "uv_size": [0, 8] },
                "south": { "uv": [0, 0], "uv_size": [0, 0] },
                "west": { "uv": [0, 0], "uv_size": [0, 8] },
                "up": { "uv": [0, 0], "uv_size": [8, 0] },
                "down": { "uv": [0, 0], "uv_size": [8, 0] }
              }
            },
            {
              "origin": [-8, -1, -4],
              "size": [16, 16, 0],
              "pivot": [0, 0, 0],
              "rotation": [0, -90, 0],
              "uv": {
                "north": { "uv": [0, 0], "uv_size": [0, 0] },
                "east": { "uv": [0, 0], "uv_size": [0, 8] },
                "south": { "uv": [0, 16], "uv_size": [16, 16] },
                "west": { "uv": [0, 0], "uv_size": [0, 8] },
                "up": { "uv": [0, 0], "uv_size": [8, 0] },
                "down": { "uv": [0, 0], "uv_size": [8, 0] }
              }
            },
            {
              "origin": [-8, -1, 4],
              "size": [16, 16, 0],
              "pivot": [0, 0, 0],
              "rotation": [0, -90, 0],
              "uv": {
                "north": { "uv": [0, 16], "uv_size": [16, 16] },
                "east": { "uv": [0, 0], "uv_size": [0, 8] },
                "south": { "uv": [0, 0], "uv_size": [0, 0] },
                "west": { "uv": [0, 0], "uv_size": [0, 8] },
                "up": { "uv": [0, 0], "uv_size": [8, 0] },
                "down": { "uv": [0, 0], "uv_size": [8, 0] }
              }
            }
          ]
        }
      ]
    }
  ]
}
