{
  "format_version": "1.20.50",
  "minecraft:block": {
    "description": {
      "identifier": "xp_furniture:carpet_black",
      "menu_category": { "category": "construction" },
      "traits": {
        "minecraft:placement_direction": {
          "y_rotation_offset": 180,
          "enabled_states": ["minecraft:cardinal_direction"]
        }
      }
    },
    "components": {
      "minecraft:map_color": "#1D1D21",
      "minecraft:destructible_by_mining": {
        "seconds_to_destroy": 0.4
      },
      "minecraft:flammable": true,
      "minecraft:geometry": "geometry.xp_furniture.carpet",
      "minecraft:material_instances": {
        "*": {
          "texture": "xp_furniture:carpet_black",
          "render_method": "alpha_test",
          "ambient_occlusion": false
        }
      },
      "minecraft:collision_box": {
        "origin": [-8, 0, -8],
        "size": [16, 2, 16]
      },
      "minecraft:selection_box": {
        "origin": [-8, 0, -8],
        "size": [16, 2, 16]
      }
    },

    "permutations": [
      {
        "condition": "q.block_state('minecraft:cardinal_direction') == 'north'",
        "components": { "minecraft:transformation": { "rotation": [0, 0, 0] } }
      },
      {
        "condition": "q.block_state('minecraft:cardinal_direction') == 'east'",
        "components": {
          "minecraft:transformation": { "rotation": [0, 270, 0] }
        }
      },
      {
        "condition": "q.block_state('minecraft:cardinal_direction') == 'south'",
        "components": {
          "minecraft:transformation": { "rotation": [0, 180, 0] }
        }
      },
      {
        "condition": "q.block_state('minecraft:cardinal_direction') == 'west'",
        "components": { "minecraft:transformation": { "rotation": [0, 90, 0] } }
      }
    ]
  }
}
