{
  "format_version": "1.20.60",
  "minecraft:client_entity": {
    "description": {
      "identifier": "pod_farm:oat",
      "materials": {
        "default": "pod_farm_uv_anim"
      },
      "textures": {
        "default": "textures/podcrash/farm/entity/crops/farmland/oat"
      },
      "geometry": {
        "default": "geometry.pod_farm.crop"
      },
      "animations": {
        "rotate": "animation.pod_farm.rotate",
        "effects": "controller.animation.pod_farm.effects"
      },
      "scripts": {
        "animate": ["effects", "rotate"]
      },
      "render_controllers": ["controller.render.7_growth_stages.pod_farm"],
      "spawn_egg": {
        "texture": "pod_farm:oat_spawn_egg"
      },
      "particle_effects": {
        "crop_growth_emitter": "minecraft:crop_growth_emitter"
      },
      "sound_effects": {
        "bone_meal": "item.bone_meal.use",
        "break": "dig.grass",
        "place": "dig.grass"
      }
    }
  }
}
