{
  "format_version": "1.20.70",
  "minecraft:item": {
    "description": {
      "identifier": "pod_farm:cup_of_hot_chocolate",
      "menu_category": {
        "category": "equipment"
      }
    },
    "components": {
      "minecraft:max_stack_size": 64,
      "minecraft:icon": {
        "textures": {
          "default": "pod_farm:cup_of_hot_chocolate"
        }
      },
      "minecraft:tags": {
        "tags": ["minecraft:is_food"]
      },
      "minecraft:food": {
        "nutrition": 3,
        "saturation_modifier": 0.6,
        "using_converts_to": "glass_bottle",
        "can_always_eat": true
      },

      "minecraft:block_placer": {
        "block": "pod_farm:cup_of_hot_chocolate_block"
      },
      "minecraft:use_animation": "drink",
      "minecraft:use_modifiers": {
        "use_duration": 1.6,
        "movement_modifier": 0.5
      }
    }
  }
}
