{
  "format_version": "1.20.70",
  "minecraft:item": {
    "description": {
      "identifier": "pod_farm:oat_milk",
      "menu_category": {
        "category": "equipment"
      }
    },
    "components": {
      "minecraft:max_stack_size": 1,
      "minecraft:icon": {
        "textures": {
          "default": "pod_farm:oat_milk"
        }
      },
      "minecraft:tags": {
        "tags": ["minecraft:is_food"]
      },
      "minecraft:food": {
        "nutrition": 4,
        "saturation_modifier": 0.6,
        "using_converts_to": "bucket",
        "can_always_eat": true
      },
      "minecraft:use_animation": "drink",
      "minecraft:use_modifiers": {
        "use_duration": 1.6,
        "movement_modifier": 0.5
      }
    }
  }
}
