{
  "format_version": "1.20.50",
  "minecraft:block": {
    "description": {
      "identifier": "xp_furniture:golden_chain_leaves_hanging_bottom",
      "menu_category": { "category": "none" }
    },
    "components": {
      "minecraft:map_color": "#F2EC70",
      "minecraft:destructible_by_mining": {
        "seconds_to_destroy": 0.4
      },
      "minecraft:loot": "loot_tables/xp/fpack/blocks/icon/hanging_g_chain_vines.json",
      "minecraft:geometry": "geometry.xp_furniture.hanging_leaves",
      "minecraft:collision_box": false,
      "minecraft:material_instances": {
        "*": {
          "texture": "xp_furniture:golden_chain_leaves_hanging_bottom",
          "ambient_occlusion": false,
          "face_dimming": true,
          "render_method": "alpha_test"
        }
      }
    }
  }
}
