{
  "format_version": "1.20.50",
  "minecraft:block": {
    "description": {
      "identifier": "xp_furniture:leaf_pile",
      "menu_category": {
        "category": "nature",
        "group": "itemGroup.name.leaves"
      },
      "traits": {
        "minecraft:placement_direction": {
          "y_rotation_offset": 180,
          "enabled_states": ["minecraft:cardinal_direction"]
        }
      }
    },
    "components": {
      "minecraft:map_color": "#A06D3F",
      "minecraft:destructible_by_mining": {
        "seconds_to_destroy": 0.4
      },
      "minecraft:geometry": "geometry.xp_furniture.leaf_pile",
      "minecraft:material_instances": {
        "*": {
          "texture": "xp_furniture:leaf_pile",
          "render_method": "alpha_test",
          "ambient_occlusion": false
        }
      },
      "minecraft:collision_box": false,
      "minecraft:selection_box": {
        "origin": [-8, 0, -8],
        "size": [16, 2, 16]
      }
    },
    "permutations": [
      {
        "condition": "query.block_state('minecraft:cardinal_direction') == 'north'",
        "components": {
          "minecraft:destructible_by_mining": {
            "seconds_to_destroy": 0.4
          },
          "minecraft:transformation": { "rotation": [0, 0, 0] }
        }
      },
      {
        "condition": "query.block_state('minecraft:cardinal_direction') == 'east'",
        "components": {
          "minecraft:destructible_by_mining": {
            "seconds_to_destroy": 0.4
          },
          "minecraft:transformation": { "rotation": [0, 270, 0] }
        }
      },
      {
        "condition": "query.block_state('minecraft:cardinal_direction') == 'south'",
        "components": {
          "minecraft:destructible_by_mining": {
            "seconds_to_destroy": 0.4
          },
          "minecraft:transformation": { "rotation": [0, 180, 0] }
        }
      },
      {
        "condition": "query.block_state('minecraft:cardinal_direction') == 'west'",
        "components": {
          "minecraft:destructible_by_mining": {
            "seconds_to_destroy": 0.4
          },
          "minecraft:transformation": { "rotation": [0, 90, 0] }
        }
      }
    ]
  }
}
