{
  "format_version": "1.20.50",
  "minecraft:block": {
    "description": {
      "identifier": "xp_furniture:wisteria_leaves_hanging_top",
      "menu_category": { "category": "none" }
    },
    "components": {
      "minecraft:map_color": "#AE92E2",
      "minecraft:destructible_by_mining": {
        "seconds_to_destroy": 0.4
      },
      "minecraft:loot": "loot_tables/xp/fpack/blocks/icon/hanging_wisteria_leaves.json",
      "minecraft:geometry": "geometry.xp_furniture.hanging_leaves_top",
      "minecraft:collision_box": false,
      "minecraft:material_instances": {
        "*": {
          "texture": "xp_furniture:wisteria_leaves_hanging_top",
          "ambient_occlusion": false,
          "face_dimming": true,
          "render_method": "alpha_test"
        }
      }
    }
  }
}
