{
  "format_version": "1.16.0",
  "minecraft:entity": {
    "description": {
      "identifier": "pod_farm:cooking_pan_fill",
      "is_spawnable": false,
      "is_summonable": true,
      "is_experimental": false,
      "properties": {
        "pod_farm:no_cook": {
          "client_sync": true,
          "default": false,
          "type": "bool"
        }
      }
    },
    "component_groups": {
      "pod_farm:despawn": {
        "minecraft:instant_despawn": {}
      }
    },
    "components": {
      "minecraft:timer": {
        "time": 15,
        "looping": true,
        "time_down_event": {
          "event": "pod_farm:update",
          "target": "self"
        }
      },
      "minecraft:type_family": {
        "family": ["pod_farm_cooking_pan"]
      },
      "minecraft:persistent": {},
      "minecraft:collision_box": {
        "width": 0,
        "height": 0
      },
      "minecraft:custom_hit_test": {
        "hitboxes": [
          {
            "width": 0,
            "height": 0,
            "pivot": [0, 0, 0]
          }
        ]
      },
      "minecraft:physics": {
        "has_gravity": false,
        "has_collision": false
      },
      "minecraft:equippable": {
        "slots": [{ "slot": 0 }]
      },
      "minecraft:equip_item": {},
      "minecraft:equipment": {
        "slot_drop_chance": []
      },
      "minecraft:behavior.equip_item": {
        "priority": 0
      },
      "minecraft:damage_sensor": {
        "triggers": [
          {
            "on_damage": {
              "filters": [
                {
                  "test": "is_family",
                  "subject": "other",
                  "value": "player"
                },
                {
                  "test": "distance_to_nearest_player",
                  "subject": "self",
                  "operator": "<",
                  "value": 4
                }
              ],
              "event": "pod_farm:handlePunch"
            },
            "deals_damage": false
          },
          {
            "deals_damage": false
          }
        ]
      },
      "minecraft:interact": {
        "interactions": [
          {
            "swing": true,
            "on_interact": {
              "filters": [],
              "target": "self",
              "event": "pod_farm:handleInteract"
            }
          }
        ]
      },
      "minecraft:health": {
        "min": 1,
        "max": 1,
        "value": 1
      },
      "minecraft:knockback_resistance": {
        "value": 1,
        "max": 1
      }
    },
    "events": {
      "pod_farm:update": {},
      "pod_farm:handlePunch": {},
      "pod_farm:handleInteract": {},
      "pod_farm:no_cook": {
        "set_property": {
          "pod_farm:no_cook": true
        }
      },
      "pod_farm:despawn": {
        "add": {
          "component_groups": ["pod_farm:despawn"]
        }
      }
    }
  }
}
