{
  "format_version": "1.20.50",
  "minecraft:entity": {
    "description": {
      "identifier": "pod_farm:fridge",
      "is_spawnable": false,
      "is_summonable": true,
      "is_experimental": false,
      "properties": {
        "pod_farm:connect": {
          "client_sync": true,
          "default": "single",
          "values": ["single", "up", "down"],
          "type": "enum"
        },
        "pod_farm:open": {
          "client_sync": true,
          "default": false,
          "type": "bool"
        }
      }
    },
    "component_groups": {
      "pod_farm:open_sensor": {
        "minecraft:entity_sensor": {
          "require_all": false,
          "sensor_range": 6,
          "event_filters": {
            "any_of": [
              {
                "all_of": [
                  {
                    "test": "is_family",
                    "subject": "other",
                    "operator": "==",
                    "value": "player"
                  },
                  {
                    "test": "has_container_open",
                    "subject": "other",
                    "operator": "==",
                    "value": true
                  }
                ]
              }
            ]
          },
          "event": "pod_farm:open"
        }
      },
      "pod_farm:close_sensor": {
        "minecraft:entity_sensor": {
          "require_all": true,
          "sensor_range": 6,
          "event_filters": {
            "any_of": [
              {
                "test": "is_family",
                "subject": "other",
                "operator": "!=",
                "value": "player"
              },
              {
                "all_of": [
                  {
                    "test": "is_family",
                    "subject": "other",
                    "operator": "==",
                    "value": "player"
                  },
                  {
                    "test": "has_container_open",
                    "subject": "other",
                    "operator": "==",
                    "value": false
                  }
                ]
              }
            ]
          },
          "event": "pod_farm:close"
        }
      },
      "pod_farm:despawn": {
        "minecraft:instant_despawn": {}
      }
    },
    "components": {
      "minecraft:type_family": {
        "family": ["pod_farm", "fridge", "container"]
      },
      "minecraft:inventory": {
        "container_type": "container",
        "inventory_size": 27,
        "can_be_siphoned_from": true,
        "private": false,
        "restrict_to_owner": false
      },
      "minecraft:nameable": {
        "allow_name_tag_renaming": false,
        "always_show": false
      },
      "minecraft:persistent": {},
      "minecraft:collision_box": {
        "width": 0,
        "height": 0
      },
      "minecraft:custom_hit_test": {
        "hitboxes": [
          {
            "width": 1,
            "height": 1,
            "pivot": [0, 0.5, 0]
          }
        ]
      },
      "minecraft:physics": {
        "has_gravity": false,
        "has_collision": false,
        "push_towards_closest_space": false
      },
      "minecraft:knockback_resistance": {
        "value": 1,
        "max": 1
      },
      "minecraft:health": {
        "min": 1,
        "max": 1,
        "value": 1
      },
      "minecraft:damage_sensor": {
        "triggers": [
          {
            "cause": "all",
            "deals_damage": false
          }
        ]
      },
      "minecraft:conditional_bandwidth_optimization": {}
    },
    "events": {
      "minecraft:entity_spawned": {
        "add": {
          "component_groups": ["pod_farm:open_sensor"]
        }
      },
      "pod_farm:close": {
        "remove": {
          "component_groups": ["pod_farm:close_sensor"]
        },
        "add": {
          "component_groups": ["pod_farm:open_sensor"]
        }
      },
      "pod_farm:open": {
        "add": {
          "component_groups": ["pod_farm:close_sensor"]
        },
        "remove": {
          "component_groups": ["pod_farm:open_sensor"]
        }
      },
      "pod_farm:despawn": {
        "add": {
          "component_groups": ["pod_farm:despawn"]
        }
      }
    }
  }
}
