{
  "format_version": "1.20.50",
  "minecraft:entity": {
    "description": {
      "identifier": "pod_farm:scarecrow",
      "is_spawnable": true,
      "is_summonable": true,
      "is_experimental": false
    },
    "component_groups": {
      "pod_farm:despawn": {
        "minecraft:spawn_entity": {
          "entities": [
            {
              "single_use": true,
              "min_wait_time": 0,
              "max_wait_time": 0,
              "spawn_item": "carved_pumpkin"
            },
            {
              "single_use": true,
              "min_wait_time": 0,
              "max_wait_time": 0,
              "num_to_spawn": 5,
              "spawn_item": "wheat"
            },
            {
              "single_use": true,
              "min_wait_time": 0,
              "max_wait_time": 0,
              "num_to_spawn": 2,
              "spawn_item": "stick"
            }
          ]
        },
        "minecraft:instant_despawn": {}
      }
    },
    "components": {
      "minecraft:type_family": {
        "family": ["pod_farm_scarecrow"]
      },
      "minecraft:persistent": {},
      "minecraft:collision_box": {
        "width": 0,
        "height": 0
      },
      "minecraft:custom_hit_test": {
        "hitboxes": [
          {
            "width": 0.7,
            "height": 2,
            "pivot": [0, 1, 0]
          }
        ]
      },
      "minecraft:physics": {
        "has_gravity": true,
        "has_collision": true,
        "push_towards_closest_space": false
      },
      "minecraft:health": {
        "min": 1,
        "max": 2,
        "value": 2
      },
      "minecraft:damage_sensor": {
        "triggers": [
          {
            "on_damage": {
              "filters": {
                "all_of": [
                  {
                    "test": "has_damage",
                    "value": "attack"
                  },
                  {
                    "test": "has_damage",
                    "operator": "!=",
                    "value": "projectile"
                  },
                  {
                    "test": "is_family",
                    "subject": "other",
                    "value": "player"
                  }
                ]
              },
              "target": "self",
              "event": "pod_farm:despawn"
            },
            "deals_damage": false
          },
          {
            "cause": "all",
            "deals_damage": false
          }
        ]
      }
    },
    "events": {
      "pod_farm:despawn": {
        "add": {
          "component_groups": ["pod_farm:despawn"]
        }
      }
    }
  }
}
