{
  "format_version": "1.16.0",
  "minecraft:entity": {
    "description": {
      "identifier": "pod_farm:watering_can_placed",
      "is_spawnable": false,
      "is_summonable": true,
      "is_experimental": false,
      "properties": {
        "pod_farm:fill_level": {
          "client_sync": true,
          "default": 0,
          "range": [0, 5],
          "type": "int"
        }
      }
    },
    "component_groups": {
      "pod_farm:despawn": {
        "minecraft:instant_despawn": {}
      }
    },
    "components": {
      "minecraft:type_family": {
        "family": ["pod_farm_watering_can"]
      },
      "minecraft:persistent": {},
      "minecraft:collision_box": {
        "width": 0,
        "height": 0
      },
      "minecraft:custom_hit_test": {
        "hitboxes": [
          {
            "width": 1,
            "height": 0.8,
            "pivot": [0, 0.4, 0]
          }
        ]
      },
      "minecraft:knockback_resistance": {
        "value": 1,
        "max": 1
      },
      "minecraft:physics": {
        "has_gravity": false,
        "has_collision": false
      },
      "minecraft:damage_sensor": {
        "triggers": [
          {
            "on_damage": {
              "filters": [
                {
                  "test": "is_family",
                  "subject": "other",
                  "value": "player"
                },
                {
                  "test": "distance_to_nearest_player",
                  "subject": "self",
                  "operator": "<",
                  "value": 4
                }
              ],
              "event": "pod_farm:handlePunch"
            },
            "deals_damage": false
          },
          {
            "deals_damage": false
          }
        ]
      },
      "minecraft:interact": {
        "interactions": [
          {
            "swing": true,
            "on_interact": {
              "filters": [],
              "target": "self",
              "event": "pod_farm:handleInteract"
            }
          }
        ]
      }
    },
    "events": {
      "pod_farm:handlePunch": {},
      "pod_farm:handleInteract": {},
      "pod_farm:despawn": {
        "add": {
          "component_groups": ["pod_farm:despawn"]
        }
      }
    }
  }
}
