{
  "format_version": "1.20.50",
  "minecraft:client_entity": {
    "description": {
      "identifier": "pod_farm:blender_fill",
      "materials": {
        "default": "entity_alphatest"
      },
      "textures": {
        "default": "textures/podcrash/farm/entity/blender_fill"
      },
      "geometry": {
        "default": "geometry.pod_farm.blender_fill"
      },
      "render_controllers": ["controller.render.pod_farm.mix_color"],
      "animations": {
        "rotate": "animation.pod_farm.rotate",
        "blend": "animation.pod_farm.blender_fill.blend"
      },
      "scripts": {
        "animate": ["rotate"]
      }
    }
  }
}
