{
  "format_version": "1.20.10",
  "minecraft:client_entity": {
    "description": {
      "identifier": "pod_farm:cooking_pan_fill",
      "materials": {
        "default": "entity_alphatest"
      },
      "textures": {
        "default": ""
      },
      "geometry": {
        "default": "geometry.pod_farm.cooking_pan_fill"
      },
      "render_controllers": ["controller.render.default"],
      "animations": {
        "rotate": "animation.pod_farm.rotate",
        "on_stove": "animation.pod_farm.cooking_pan_fill.on_stove"
      },
      "scripts": {
        "animate": [
          "rotate",
          {
            "on_stove": "!q.property('pod_farm:no_cook')"
          }
        ]
      }
    }
  }
}
