{
  "format_version": "1.20.70",
  "minecraft:client_entity": {
    "description": {
      "identifier": "pod_farm:cooking_pot_fill",
      "materials": {
        "default": "entity_alphatest"
      },
      "textures": {
        "default": "textures/podcrash/farm/entity/cooking_pot_fill"
      },
      "geometry": {
        "default": "geometry.pod_farm.cooking_pot_colored_fill",
        "fillings": "geometry.pod_farm.cooking_pot_3d_fill"
      },
      "render_controllers": [
        "controller.render.pod_farm.mix_color",
        "controller.render.pod_farm.cooking_pot"
      ],
      "animations": {
        "rotate": "animation.pod_farm.rotate",
        "fillings": "animation.pod_farm.cooking_pot_3d_fill.fillings",
        "on_stove": "animation.pod_farm.cooking_pot_fill.on_stove"
      },
      "scripts": {
        "animate": [
          "rotate",
          "fillings",
          { "on_stove": "q.property('pod_farm:on_stove')" }
        ]
      }
    }
  }
}
