{
  "format_version": "1.20.50",
  "minecraft:client_entity": {
    "description": {
      "identifier": "pod_farm:fridge",
      "materials": {
        "default": "entity_alphatest"
      },
      "textures": {
        "default": "textures/podcrash/farm/entity/fridge"
      },
      "geometry": {
        "default": "geometry.pod_farm.fridge"
      },
      "render_controllers": ["controller.render.pod_farm.default_no_color"],
      "animations": {
        "rotate": "animation.pod_farm.rotate",
        "connect_control": "controller.animation.pod_farm.fridge.connect",
        "door_control": "controller.animation.pod_farm.fridge.door",
        "single": "animation.pod_farm.fridge.single",
        "connect_up": "animation.pod_farm.fridge.connect_up",
        "connect_down": "animation.pod_farm.fridge.connect_down",
        "open": "animation.pod_farm.fridge.open",
        "close": "animation.pod_farm.fridge.close"
      },
      "scripts": {
        "animate": ["rotate", "connect_control", "door_control"]
      }
    }
  }
}
