{
  "format_version": "1.20.10",
  "minecraft:client_entity": {
    "description": {
      "identifier": "pod_farm:oven_controller",
      "materials": {
        "default": "entity_alphatest"
      },
      "textures": {
        "default": ""
      },
      "geometry": {
        "default": "geometry.pod_farm.oven_controller"
      },
      "render_controllers": ["controller.render.default"],
      "animations": {
        "rotate": "animation.pod_farm.rotate"
      },
      "scripts": {
        "animate": ["rotate"]
      }
    }
  }
}
