{
  "format_version": "1.20.70",
  "minecraft:client_entity": {
    "description": {
      "identifier": "pod_farm:watering_can_placed",
      "materials": {
        "default": "entity_alphatest"
      },
      "textures": {
        "default": "textures/podcrash/farm/entity/watering_can"
      },
      "geometry": {
        "default": "geometry.pod_farm.watering_can"
      },
      "render_controllers": ["controller.render.default"],
      "animations": {
        "fill_level": "animation.pod_farm.watering_can.fill_level"
      },
      "scripts": {
        "animate": ["fill_level"]
      }
    }
  }
}
