{
  "format_version": "1.10.0",
  "minecraft:client_entity": {
    "description": {
      "identifier": "pod_farm:bison",
      "textures": {
        "default": "textures/podcrash/farm/entity/animals/bison"
      },
      "materials": {
        "default": "ravager"
      },
      "geometry": {
        "default": "geometry.pod_farm.bison"
      },
      "render_controllers": ["controller.render.default"],
      "spawn_egg": {
        "base_color": "#3a251c",
        "overlay_color": "#6a564f"
      },
      "animations": {
        "walk": "animation.pod_farm.bison.walk",
        "look_at_target": "animation.common.look_at_target",
        "idle_mouth": "animation.pod_farm.bison.idle_mouth",
        "stunned": "animation.pod_farm.bison.stunned",
        "roaring": "animation.pod_farm.bison.roaing",
        "move": "controller.animation.ravager.move"
      },
      "scripts": {
        "pre_animation": [
          "variable.roar_length = 1.0;",
          "variable.bite_anim_duration = 0.75f;",
          "variable.bite_neck_length = 10;"
        ],
        "animate": ["move"]
      },
      "particle_effects": {
        "stun_particles": "minecraft:stunned_emitter"
      }
    }
  }
}
