{
  "format_version": "1.10.0",
  "minecraft:client_entity": {
    "description": {
      "identifier": "pod_farm:crow",
      "materials": {
        "default": "parrot"
      },
      "textures": {
        "default": "textures/podcrash/farm/entity/animals/crow"
      },
      "geometry": {
        "default": "geometry.pod_farm.crow"
      },
      "animations": {
        "look_at_target": "animation.pod_farm.crow.look_at_target",
        "fly": "animation.pod_farm.crow.flying",
        "move": "animation.pod_farm.crow.moving",
        "main": "controller.animation.pod_farm.crow",
        "walk": "animation.pod_farm.crow.walk"
      },
      "scripts": {
        "pre_animation": [
          "variable.wing_flap = query.is_on_ground ? 0 : (math.sin(query.time_stamp * 50) + 1)/2 * 100 + 0;"
        ],
        "animate": ["main", "move"]
      },
      "render_controllers": ["controller.render.agent"],
      "spawn_egg": {
        "base_color": "#090909",
        "overlay_color": "#626262"
      }
    }
  }
}
