{
  "format_version": "1.10.0",
  "minecraft:client_entity": {
    "description": {
      "identifier": "pod_farm:yak",
      "textures": {
        "default": "textures/podcrash/farm/entity/animals/yak"
      },
      "materials": {
        "default": "pod_farm_uv_anim"
      },
      "geometry": {
        "default": "geometry.pod_farm.yak"
      },
      "render_controllers": ["controller.render.pod_farm.2_variant_entity"],
      "spawn_egg": {
        "base_color": "#5d4933",
        "overlay_color": "#858585"
      },
      "animations": {
        "walk": "animation.pod_farm.yak.walk",
        "look_at_target": "animation.common.look_at_target",
        "idle_mouth": "animation.pod_farm.yak.idle_mouth",
        "stunned": "animation.pod_farm.yak.stunned",
        "roaring": "animation.pod_farm.yak.roaring",
        "move": "controller.animation.ravager.move"
      },
      "scripts": {
        "pre_animation": [
          "variable.roar_length = 1.0;",
          "variable.bite_anim_duration = 0.75f;",
          "variable.bite_neck_length = 10;"
        ],
        "animate": ["move"]
      },
      "particle_effects": {
        "stun_particles": "minecraft:stunned_emitter"
      }
    }
  }
}
