{
	"format_version": "1.8.0",
	"animations": {
		"animation.pod_farm.watering_can.first_person_hold": {
			"loop": true,
			"bones": {
				"root_item": {
					"rotation": [146.86995, 65.08344, -56.02743],
					"position": [-0.45994, 19.46359, 4.72298],
					"scale": 1.3
				}
			}
		},
		"animation.pod_farm.watering_can.third_person_hold": {
			"loop": true,
			"bones": {
				"root_item": {
					"rotation": [97.5, 0, 0],
					"position": [0.5, 22.5, -0.5],
					"scale": 0.8
				}
			}
		}
	}
}