{
  "format_version": "1.20.70",
  "minecraft:item": {
    "description": {
      "identifier": "pod_farm:unhealthy_milkshake",
      "menu_category": {
        "category": "equipment",
        "group": "itemGroup.name.potion"
      }
    },
    "components": {
      "minecraft:max_stack_size": 64,
      "minecraft:icon": {
        "textures": {
          "default": "pod_farm:unhealthy_milkshake"
        }
      },
      "minecraft:tags": {
        "tags": ["minecraft:is_food", "pod_farm:unhealthy"]
      },
      "minecraft:block_placer": {
        "block": "pod_farm:unhealthy_milkshake_glass"
      },
      "minecraft:food": {
        "nutrition": 0,
        "saturation_modifier": 0.4,
        "using_converts_to": "glass_bottle"
      },
      "minecraft:use_animation": "drink",
      "minecraft:use_modifiers": {
        "use_duration": 1.6,
        "movement_modifier": 0.5
      }
    }
  }
}
