{
  "format_version": "1.20.50",

  "minecraft:block": {
    "description": {
      "identifier": "xp_furniture:cherry_double_doorframe",
      "menu_category": {
        "category": "construction",
        "group": "itemGroup.name.door",
        "is_hidden_in_commands": false
      },
      "states": {
        "xp_furniture:is_placed": [0, 1],
        "xp_furniture:direction": [0, 1, 2, 3],
        "xp_furniture:multiblock_part": [0, 1, 2, 3]
      }
    },

    "components": {
      "minecraft:map_color": "#E4C0B9",
      "minecraft:destructible_by_mining": {
        "seconds_to_destroy": 0.4
      },
      "minecraft:destructible_by_explosion": { "explosion_resistance": 10 },
      "minecraft:collision_box": false
    },
    "permutations": [
      // Inventory Model
      {
        "condition": "!query.block_state('xp_furniture:is_placed')",
        "components": {
          "minecraft:geometry": "geometry.xp_furniture.double_doorframe_icon",
          "minecraft:placement_filter": {
            "conditions": [
              { "allowed_faces": ["all"], "block_filter": ["air"] }
            ]
          },
          "minecraft:material_instances": {
            "*": {
              "render_method": "alpha_test",
              "texture": "xp_furniture:cherry_double_doorframe"
            }
          }
        }
      },
      // Parts //
      {
        "condition": "query.block_state('xp_furniture:multiblock_part') == 0 && query.block_state('xp_furniture:is_placed')",
        "components": {
          "minecraft:geometry": "geometry.xp_furniture.double_doorframe_top_left",
          "minecraft:material_instances": {
            "*": {
              "render_method": "alpha_test",
              "texture": "xp_furniture:cherry_double_doorframe"
            }
          },
          "minecraft:selection_box": {
            "origin": [-8, 10, 4],
            "size": [16, 6, 4]
          }
        }
      },
      {
        "condition": "query.block_state('xp_furniture:multiblock_part') == 1 && query.block_state('xp_furniture:is_placed')",
        "components": {
          "minecraft:geometry": "geometry.xp_furniture.double_doorframe_bottom_left",
          "minecraft:material_instances": {
            "*": {
              "render_method": "alpha_test",
              "texture": "xp_furniture:cherry_double_doorframe"
            }
          },
          "minecraft:selection_box": {
            "origin": [-8, 0, 4],
            "size": [16, 6, 4]
          }
        }
      },
      {
        "condition": "query.block_state('xp_furniture:multiblock_part') == 2 && query.block_state('xp_furniture:is_placed')",
        "components": {
          "minecraft:geometry": "geometry.xp_furniture.double_doorframe_top_right",
          "minecraft:material_instances": {
            "*": {
              "render_method": "alpha_test",
              "texture": "xp_furniture:cherry_double_doorframe"
            }
          },
          "minecraft:selection_box": {
            "origin": [-8, 10, 4],
            "size": [16, 6, 4]
          }
        }
      },
      {
        "condition": "query.block_state('xp_furniture:multiblock_part') == 3 && query.block_state('xp_furniture:is_placed')",
        "components": {
          "minecraft:geometry": "geometry.xp_furniture.double_doorframe_bottom_right",
          "minecraft:material_instances": {
            "*": {
              "render_method": "alpha_test",
              "texture": "xp_furniture:cherry_double_doorframe"
            }
          },
          "minecraft:selection_box": {
            "origin": [-8, 0, 4],
            "size": [16, 6, 4]
          }
        }
      },
      // Directions //
      {
        "condition": "query.block_state('xp_furniture:direction') == 1",
        "components": {
          "minecraft:transformation": {
            "rotation": [0, 270, 0]
          }
        }
      },
      {
        "condition": "query.block_state('xp_furniture:direction') == 2",
        "components": {
          "minecraft:transformation": {
            "rotation": [0, 180, 0]
          }
        }
      },
      {
        "condition": "query.block_state('xp_furniture:direction') == 3",
        "components": {
          "minecraft:transformation": {
            "rotation": [0, 90, 0]
          }
        }
      }
    ]
  }
}
