{
	"format_version": "1.10.0",
	"particle_effect": {
		"description": {
			"identifier": "xp_furniture:juice_barrel.drip",
			"basic_render_parameters": {
				"material": "particles_blend",
				"texture": "textures/particle/particles"
			}
		},
		"curves": {
			"variable.fall": {
				"type": "bezier_chain",
				"input": "v.particle_age",
				"nodes": {
					"1.0": {
						"value": -4,
						"slope": 0
					},
					"0.0": {
						"value": -1.5,
						"slope": 0
					},
					"0.1": {
						"value": 0,
						"slope": 0
					},
					"0.75": {
						"value": 0,
						"slope": 0
					}
				}
			},
			"variable.fall2": {
				"type": "bezier_chain",
				"input": "v.particle_age",
				"nodes": {
					"1.0": {
						"value": 0,
						"slope": 0
					},
					"0.0": {
						"value": 0,
						"slope": 0
					},
					"0.2": {
						"value": 0,
						"slope": 0
					},
					"0.3": {
						"value": -0.5,
						"slope": 0
					},
					"0.6": {
						"value": -1.25,
						"slope": 0
					},
					"0.8": {
						"value": 0,
						"slope": 0
					},
					"1.5": {
						"value": -3.5,
						"slope": 0
					}
				}
			},
			"variable.size": {
				"type": "bezier_chain",
				"input": "v.particle_age",
				"nodes": {
					"0.0": {
						"value": 0.15,
						"slope": 0
					},
					"0.65": {
						"value": 0.1,
						"slope": 0
					},
					"0.8": {
						"value": 0,
						"slope": 0
					}
				}
			},
			"variable.size2": {
				"type": "bezier_chain",
				"input": "v.particle_age",
				"nodes": {
					"0.0": {
						"value": 0.1,
						"slope": 0
					},
					"0.65": {
						"value": 0.1,
						"slope": 0
					},
					"0.8": {
						"value": 0,
						"slope": 0
					}
				}
			}
		},
		"events": {
			"hit_ground": {
				"particle_effect": {
					"effect": "xp_furniture:juice_barrel.droplets",
					"type": "emitter"
				},
				"sound_effect": {
					"event_name": "block.beehive.drip"
				}
			}
		},
		"components": {
			"minecraft:emitter_rate_instant": {
				"num_particles": 1
			},
			"minecraft:emitter_lifetime_once": {
				"active_time": 1
			},
			"minecraft:emitter_shape_point": {},
			"minecraft:particle_lifetime_expression": {
				"max_lifetime": 2.5
			},
			"minecraft:particle_lifetime_events": {
				"expiration_event": "hit_ground"
			},
			"minecraft:particle_initial_speed": 0,
			"minecraft:particle_motion_dynamic": {
				"linear_acceleration": [0, "variable.fall", 0],
				"linear_drag_coefficient": 0.25
			},
			"minecraft:particle_appearance_billboard": {
				"size": ["0.065+variable.size", "0.1+variable.size2"],
				"facing_camera_mode": "lookat_y",
				"uv": {
					"texture_width": 128,
					"texture_height": 128,
					"uv": [8, 56],
					"uv_size": [8, 8]
				}
			},
			"minecraft:particle_motion_collision": {
				"collision_radius": 0.001,
				"expire_on_contact": true
			},
			"minecraft:particle_appearance_lighting": {},
			"minecraft:particle_appearance_tinting": {
				"color": {
					"interpolant": "v.particle_random_3+v.particle_age",
					"gradient": {
						"0.0": "#FFFF6A00",
						"2.5": "#B5FF8900",
						"5.0": "#6EFF8600",
						"6.9": "#85FF8700",
						"10.0": "#82FF8200"
					}
				}
			}
		}
	}
}