{
  "format_version": "1.10.0",
  "particle_effect": {
    "description": {
      "identifier": "xp_furniture:juice_barrel.droplets",
      "basic_render_parameters": {
        "material": "particles_alpha",
        "texture": "textures/xp/fpack/particle/xp_sprite"
      }
    },
    "components": {
      "minecraft:emitter_rate_instant": {
        "num_particles": "math.random(2,5)"
      },
      "minecraft:emitter_lifetime_once": {
        "active_time": 1
      },
      "minecraft:emitter_shape_point": {
        "offset": [0, 0.02, 0]
      },
      "minecraft:particle_lifetime_expression": {
        "max_lifetime": "Math.Random(0.19, 0.21)"
      },
      "minecraft:particle_initial_speed": -3,
      "minecraft:particle_motion_dynamic": {
        "linear_acceleration": [
          0,
          "30.0 + variable.particle_random_2*20.0 - variable.particle_age*500.0",
          0
        ],
        "linear_drag_coefficient": 20
      },
      "minecraft:particle_appearance_billboard": {
        "size": [0.05, 0.05],
        "facing_camera_mode": "lookat_xyz",
        "uv": {
          "texture_width": 256,
          "texture_height": 256,
          "uv": ["32+Math.Round(variable.particle_random_1*3.0)*8", 57],
          "uv_size": [8, 8]
        }
      },
      "minecraft:particle_motion_collision": {
        "collision_drag": 10,
        "coefficient_of_restitution": 0.1,
        "collision_radius": 0.001
      },
      "minecraft:particle_appearance_lighting": {},
      "minecraft:particle_appearance_tinting": {
        "color": [1, 0.55294, 0, 1]
      }
    }
  }
}