{
	"format_version": "1.12.0",
	"minecraft:geometry": [
		{
			"description": {
				"identifier": "geometry.small_tree.pod_farm",
				"texture_width": 20,
				"texture_height": 24,
				"visible_bounds_width": 2,
				"visible_bounds_height": 2.5,
				"visible_bounds_offset": [0, 0.75, 0]
			},
			"bones": [
				{
					"name": "main",
					"pivot": [0, 0, 0],
					"cubes": [
						{
							"origin": [-10, 0, 0],
							"size": [20, 24, 0],
							"pivot": [0, 0, 0],
							"rotation": [0, 135, 0],
							"uv": {
								"south": {"uv": [0, 0], "uv_size": [20, 24]}
							}
						},
						{
							"origin": [-10, 0, 0],
							"size": [20, 24, 0],
							"pivot": [0, 0, 0],
							"rotation": [0, 45, 0],
							"uv": {
								"south": {"uv": [0, 0], "uv_size": [20, 24]}
							}
						}
					]
				}
			]
		}
	]
}