{
  "format_version": "1.20.81",
  "juicer": {
    "sound": "glass"
  },
  "blender": {
    "sound": "glass"
  },
  "tin_can_block": {
    "sound": "lantern"
  },
  "jar": {
    "sound": "decorated_pot"
  },
  "grill": {
    "sound": "netherite"
  },
  "iron_pot": {
    "sound": "copper"
  },
  "iron_pan": {
    "sound": "copper"
  },
  "iron_kettle": {
    "sound": "copper"
  },
  "copper_pot": {
    "sound": "copper"
  },
  "copper_pan": {
    "sound": "copper"
  },
  "copper_kettle": {
    "sound": "copper"
  },
  "stove_top": {
    "sound": "copper"
  },
  "toaster": {
    "sound": "copper"
  },
  "oven": {
    "sound": "nether_brick"
  },
  "cup_of_coffee_block": {
    "sound": "decorated_pot"
  },
  "cup_of_tea_block": {
    "sound": "decorated_pot"
  },
  "cup_of_ginger_tea_block": {
    "sound": "decorated_pot"
  },
  "cup_of_hot_chocolate_block": {
    "sound": "decorated_pot"
  },
  "apple_juice_glass": {
    "sound": "decorated_pot"
  },
  "blackberry_juice_glass": {
    "sound": "decorated_pot"
  },
  "blueberry_juice_glass": {
    "sound": "decorated_pot"
  },
  "carrot_juice_glass": {
    "sound": "decorated_pot"
  },
  "cranberry_juice_glass": {
    "sound": "decorated_pot"
  },
  "golden_apple_juice_glass": {
    "sound": "decorated_pot"
  },
  "grape_juice_glass": {
    "sound": "decorated_pot"
  },
  "lemonade_glass": {
    "sound": "decorated_pot"
  },
  "orange_juice_glass": {
    "sound": "decorated_pot"
  },
  "pear_juice_glass": {
    "sound": "decorated_pot"
  },
  "pineapple_juice_glass": {
    "sound": "decorated_pot"
  },
  "raspberry_juice_glass": {
    "sound": "decorated_pot"
  },
  "strawberry_juice_glass": {
    "sound": "decorated_pot"
  },
  "tomato_juice_glass": {
    "sound": "decorated_pot"
  },
  "peanut_butter_banana_milkshake_glass": {
    "sound": "decorated_pot"
  },
  "berry_banana_milkshake_glass": {
    "sound": "decorated_pot"
  },
  "berry_coconut_milkshake_glass": {
    "sound": "decorated_pot"
  },
  "berry_ginger_milkshake_glass": {
    "sound": "decorated_pot"
  },
  "berry_milkshake_glass": {
    "sound": "decorated_pot"
  },
  "berry_rhubarb_milkshake_glass": {
    "sound": "decorated_pot"
  },
  "chocolate_banana_milkshake_glass": {
    "sound": "decorated_pot"
  },
  "chocolate_cookie_milkshake_glass": {
    "sound": "decorated_pot"
  },
  "chocolate_milkshake_glass": {
    "sound": "decorated_pot"
  },
  "chocolate_peanut_milkshake_glass": {
    "sound": "decorated_pot"
  },
  "citrus_milkshake_glass": {
    "sound": "decorated_pot"
  },
  "coffee_banana_milkshake_glass": {
    "sound": "decorated_pot"
  },
  "coffee_vanilla_milkshake_glass": {
    "sound": "decorated_pot"
  },
  "ginger_peach_milkshake_glass": {
    "sound": "decorated_pot"
  },
  "healthy_milkshake_glass": {
    "sound": "decorated_pot"
  },
  "peach_honey_milkshake_glass": {
    "sound": "decorated_pot"
  },
  "peach_melon_milkshake_glass": {
    "sound": "decorated_pot"
  },
  "pineapple_coconut_milkshake_glass": {
    "sound": "decorated_pot"
  },
  "pineapple_ginger_milkshake_glass": {
    "sound": "decorated_pot"
  },
  "suspicious_milkshake_glass": {
    "sound": "decorated_pot"
  },
  "tropical_milkshake_glass": {
    "sound": "decorated_pot"
  },
  "unhealthy_milkshake_glass": {
    "sound": "glass"
  },
  "vanilla_berry_milkshake_glass": {
    "sound": "decorated_pot"
  },
  "vanilla_milkshake_glass": {
    "sound": "decorated_pot"
  },
  "apple_banana_smoothie_glass": {
    "sound": "decorated_pot"
  },
  "avocado_peach_smoothie_glass": {
    "sound": "decorated_pot"
  },
  "berry_banana_smoothie_glass": {
    "sound": "decorated_pot"
  },
  "berry_beet_smoothie_glass": {
    "sound": "decorated_pot"
  },
  "berry_citrus_smoothie_glass": {
    "sound": "decorated_pot"
  },
  "berry_smoothie_glass": {
    "sound": "decorated_pot"
  },
  "blueberry_ginger_smoothie_glass": {
    "sound": "decorated_pot"
  },
  "carrot_ginger_smoothie_glass": {
    "sound": "decorated_pot"
  },
  "green_detox_smoothie_glass": {
    "sound": "decorated_pot"
  },
  "healthy_smoothie_glass": {
    "sound": "decorated_pot"
  },
  "peachy_green_smoothie_glass": {
    "sound": "decorated_pot"
  },
  "peanut_butter_banana_smoothie_glass": {
    "sound": "decorated_pot"
  },
  "pineapple_coconut_smoothie_glass": {
    "sound": "decorated_pot"
  },
  "suspicious_smoothie_glass": {
    "sound": "decorated_pot"
  },
  "tropical_carrot_smoothie_glass": {
    "sound": "decorated_pot"
  },
  "tropical_green_smoothie_glass": {
    "sound": "decorated_pot"
  },
  "tropical_smoothie_glass": {
    "sound": "decorated_pot"
  },
  "unhealthy_smoothie_glass": {
    "sound": "decorated_pot"
  },
  "pod_farm:broccoli_plant": {
    "sound": "grass"
  },
  "pod_farm:cauliflower_plant": {
    "sound": "grass"
  },
  "pod_farm:cotton_plant": {
    "sound": "grass"
  },
  "pod_farm:ginger_plant": {
    "sound": "grass"
  },
  "pod_farm:kohlrabi_plant": {
    "sound": "grass"
  },
  "pod_farm:lettuce_plant": {
    "sound": "grass"
  },
  "pod_farm:oat_plant": {
    "sound": "grass"
  },
  "pod_farm:onion_plant": {
    "sound": "grass"
  },
  "pod_farm:pea_plant": {
    "sound": "grass"
  },
  "pod_farm:peanut_plant": {
    "sound": "grass"
  },
  "pod_farm:rhubarb_plant": {
    "sound": "grass"
  },
  "pod_farm:rice_plant": {
    "sound": "grass"
  },
  "pod_farm:spinach_plant": {
    "sound": "grass"
  },
  "pod_farm:sweet_potato_plant": {
    "sound": "grass"
  },
  "pod_farm:bean_plant": {
    "sound": "grass"
  },
  "pod_farm:bell_pepper_plant": {
    "sound": "grass"
  },
  "pod_farm:chili_plant": {
    "sound": "grass"
  },
  "pod_farm:cucumber_plant": {
    "sound": "grass"
  },
  "pod_farm:tomato_plant": {
    "sound": "grass"
  },
  "pod_farm:vanilla_plant": {
    "sound": "grass"
  },
  "pod_farm:blackberry_bush": {
    "sound": "grass"
  },
  "pod_farm:blueberry_bush": {
    "sound": "grass"
  },
  "pod_farm:coffee_plant": {
    "sound": "grass"
  },
  "pod_farm:cranberry_bush": {
    "sound": "grass"
  },
  "pod_farm:raspberry_bush": {
    "sound": "grass"
  },
  "pod_farm:strawberry_bush": {
    "sound": "grass"
  },
  "pod_farm:grape_vine": {
    "sound": "grass"
  },
  "pod_farm:pineapple_plant": {
    "sound": "grass"
  },
  "pod_farm:tea_plant": {
    "sound": "grass"
  },
  "pod_farm:corn_plant": {
    "sound": "grass"
  },
  "pod_farm:apple_tree_sapling": {
    "sound": "grass"
  },
  "pod_farm:pear_tree_sapling": {
    "sound": "grass"
  },
  "pod_farm:peach_tree_sapling": {
    "sound": "grass"
  },
  "pod_farm:avocado_tree_sapling": {
    "sound": "grass"
  },
  "pod_farm:lemon_tree_sapling": {
    "sound": "grass"
  },
  "pod_farm:orange_tree_sapling": {
    "sound": "grass"
  },
  "pod_farm:banana_tree_sapling": {
    "sound": "grass"
  },
  "pod_farm:peach_leaves": {
    "sound": "grass"
  },
  "pod_farm:peach_log": {
    "sound": "wood"
  },
  "pod_farm:stripped_peach_log": {
    "sound": "wood"
  },
  "pod_farm:peach_wood": {
    "sound": "wood"
  },
  "pod_farm:stripped_peach_wood": {
    "sound": "wood"
  },
  "pod_farm:lemon_leaves": {
    "sound": "grass"
  },
  "pod_farm:lemon_log": {
    "sound": "wood"
  },
  "pod_farm:stripped_lemon_log": {
    "sound": "wood"
  },
  "pod_farm:lemon_wood": {
    "sound": "wood"
  },
  "pod_farm:stripped_lemon_wood": {
    "sound": "wood"
  },
  "pod_farm:orange_leaves": {
    "sound": "grass"
  },
  "pod_farm:orange_log": {
    "sound": "wood"
  },
  "pod_farm:stripped_orange_log": {
    "sound": "wood"
  },
  "pod_farm:orange_wood": {
    "sound": "wood"
  },
  "pod_farm:stripped_orange_wood": {
    "sound": "wood"
  },
  "pod_farm:apple_leaves": {
    "sound": "grass"
  },
  "pod_farm:apple_log": {
    "sound": "wood"
  },
  "pod_farm:stripped_apple_log": {
    "sound": "wood"
  },
  "pod_farm:apple_wood": {
    "sound": "wood"
  },
  "pod_farm:stripped_apple_wood": {
    "sound": "wood"
  },
  "pod_farm:stripped_pear_wood": {
    "sound": "wood"
  },
  "pod_farm:pear_leaves": {
    "sound": "grass"
  },
  "pod_farm:pear_log": {
    "sound": "wood"
  },
  "pod_farm:stripped_pear_log": {
    "sound": "wood"
  },
  "pod_farm:pear_wood": {
    "sound": "wood"
  },
  "pod_farm:avocado_leaves": {
    "sound": "grass"
  },
  "pod_farm:avocado_log": {
    "sound": "wood"
  },
  "pod_farm:stripped_avocado_log": {
    "sound": "wood"
  },
  "pod_farm:avocado_wood": {
    "sound": "wood"
  },
  "pod_farm:stripped_avocado_wood": {
    "sound": "wood"
  },
  "pod_farm:banana_leaf": {
    "sound": "azalea"
  },
  "pod_farm:stripped_banana_wood": {
    "sound": "wood"
  },
  "pod_farm:banana_wood": {
    "sound": "wood"
  },
  "pod_farm:stripped_banana_log": {
    "sound": "wood"
  },
  "pod_farm:banana_cluster": {
    "sound": "big_dripleaf"
  },
  "pod_farm:banana_log": {
    "sound": "wood"
  }
}
