{
	"pools": [
		{
			"rolls": 1,
			"entries": [
				{
					"type": "item",
					"name": "mbl_fish:exp_book_fish",
					"weight": 1,
					"functions": [
						{
							"function": "set_count",
							"count": {
								"min": 1,
								"max": 1
							}
						}
					]
				}
			]
		},
		{
			"rolls": 1,
			"entries": [

				{
					"type": "item",
					"name": "mbl_fish:settings_fish",
					"weight": 1,
					"functions": [
						{
							"function": "set_count",
							"count": {
								"min": 1,
								"max": 1
							}
						}
					]
				}
			]
		}
	]
}