{
	"format_version": "1.10.0",
	"particle_effect": {
		"description": {
			"identifier": "xp_furniture:windmill.line",
			"basic_render_parameters": {
				"material": "particles_add",
				"texture": "textures/xp/fpack/particle/xp_sprite"
			}
		},
		"curves": {
			"variable.size": {
				"type": "bezier",
				"input": "v.particle_age",
				"horizontal_range": "v.particle_lifetime",
				"nodes": [0, 2.38, 1, 1]
			},
			"variable.color": {
				"type": "linear",
				"input": "v.particle_age",
				"horizontal_range": "v.particle_lifetime",
				"nodes": [0, 1]
			},
			"variable.size2": {
				"type": "linear",
				"input": "v.particle_age",
				"horizontal_range": "v.particle_lifetime",
				"nodes": [1, 1.275]
			}
		},
		"components": {
			"minecraft:emitter_local_space": {
				"position": true,
				"rotation": true
			},
			"minecraft:emitter_rate_instant": {
				"num_particles": 1
			},
			"minecraft:emitter_lifetime_once": {
				"active_time": 1
			},
			"minecraft:emitter_shape_point": {
				"offset": [0, 1.1335, 0],
				"direction": [5, 0, 0]
			},
			"minecraft:particle_lifetime_expression": {
				"max_lifetime": 0.5
			},
			"minecraft:particle_initial_spin": {
				"rotation": 90
			},
			"minecraft:particle_appearance_billboard": {
				"size": [0.495, 0.495],
				"facing_camera_mode": "direction_z",
				"direction": {
					"mode": "custom",
					"custom_direction": [0, 1, 0]
				},
				"uv": {
					"texture_width": 256,
					"texture_height": 256,
					"flipbook": {
						"base_UV": [184, 0],
						"size_UV": [8, 8],
						"step_UV": [0, 8],
						"frames_per_second": 3,
						"max_frame": 3,
						"stretch_to_lifetime": true
					}
				}
			},
			"minecraft:particle_appearance_tinting": {
				"color": {
					"interpolant": "v.particle_age / v.particle_lifetime",
					"gradient": {
						"0.0": "#7DFFFFFF",
						"0.46": "#CCFFFFFF",
						"1.0": "#00FFFFFF"
					}
				}
			}
		}
	}
}