{
	"format_version": "1.10.0",
	"particle_effect": {
		"description": {
			"identifier": "xp_furniture:water_mill.pour_drip",
			"basic_render_parameters": {
				"material": "particles_blend",
				"texture": "textures/particle/particles"
			}
		},
		"events": {
		  "hit_ground": {
			"particle_effect": {
				"effect": "xp_furniture:metal_pump.droplets",
				"type": "emitter"
			},
			"sound_effect": {
				"event_name": "drip.water.pointed_dripstone"
			}
		  }
		},
		"curves": {
			"variable.fall": {
				"type": "bezier_chain",
				"input": "v.particle_age",
				"horizontal_range": "v.particle_lifetime",
				"nodes": {
					"0.0": {
						"value": -2,
						"slope": 0
					},
					"0.2": {
						"value": 0,
						"slope": 0
					},
					"0.35": {
						"value": 0,
						"slope": 0
					},
					"0.5": {
						"value": -6,
						"slope": 0
					}
				}
			},
			"variable.fall2": {
				"type": "bezier_chain",
				"input": "v.particle_age",
				"horizontal_range": "v.particle_lifetime",
				"nodes": {
					"0.0": {
						"value": 0,
						"slope": 0
					},
					"0.2": {
						"value": 0,
						"slope": 0
					},
					"0.3": {
						"value": -0.5,
						"slope": 0
					},
					"0.6": {
						"value": -1.25,
						"slope": 0
					},
					"0.8": {
						"value": 0,
						"slope": 0
					},
					"1": {
						"value": 0,
						"slope": 0
					},
					"1.5": {
						"value": -3.5,
						"slope": 0
					}
				}
			},
			"variable.size": {
				"type": "bezier_chain",
				"input": "v.particle_age",
				"horizontal_range": "v.particle_lifetime",
				"nodes": {
					"0.0": {
						"value": 0.1,
						"slope": 0
					},
					"0.3": {
						"value": 0.1,
						"slope": 0
					},
					"0.45": {
						"value": 0,
						"slope": 0
					}
				}
			},
			"variable.size2": {
				"type": "bezier_chain",
				"input": "v.particle_age",
				"horizontal_range": "v.particle_lifetime",
				"nodes": {
					"0.0": {
						"value": 0.2,
						"slope": 0
					},
					"0.3": {
						"value": 0.2,
						"slope": 0
					},
					"0.45": {
						"value": 0,
						"slope": 0
					}
				}
			}
		},
		"components": {
			"minecraft:emitter_rate_instant": {
				"num_particles": 1
			},
			"minecraft:emitter_lifetime_once": {
				"active_time": 1
			},
			"minecraft:emitter_shape_box": {
				// "offset": ["math.random(0.01,-0.01)", 0, "math.random(0.01,-0.01)"],
				"offset": [0, -0.03, 0],
				"half_dimensions": [0,0,0]
			},
			"minecraft:particle_lifetime_expression": {
				"max_lifetime": 2.5
			},
			"minecraft:particle_initial_speed": "math.random(0.25,1)",
			"minecraft:particle_motion_dynamic": {
				"linear_acceleration": [0, "variable.fall", 0],
				"linear_drag_coefficient": 0.25
			},
			"minecraft:particle_appearance_billboard": {
				"size": ["0.065+variable.size", "0.1+variable.size"],
				"facing_camera_mode": "lookat_y",
				"uv": {
					"texture_width": 128,
					"texture_height": 128,
					"uv": [8, 56],
					"uv_size": [8, 8]
				}
			},
			"minecraft:particle_motion_collision": {
				"collision_drag": 1,
				"collision_radius": 0.001,
				"expire_on_contact": true,
				"events": [
				  {
					"event": "hit_ground",
					"min_speed": 0.01
				  }
				]
			},
			"minecraft:particle_appearance_tinting": {
				"color": {
					"interpolant": "v.particle_random_3+v.particle_age",
					"gradient": {
						"0.0": "#FF007FFF",
						"2.5": "#B5009FFF",
						"5.0": "#6E00ACFF",
						"6.9": "#8500B8FF",
						"10.0": "#8200A5FF"
					}
				}
			}
		}
	}
}