{
	"resource_pack_name": "xp_furniture:furniture",
	"texture_name": "atlas.items",
	"texture_data": {
		"xp_furniture:none": { "textures": "textures/xp/fpack/none" },

		// Tools //
		"xp_furniture:bugs_net": { "textures": "textures/xp/fpack/items/func/bugs_net" },

		"xp_furniture:hammer": { "textures": "textures/xp/fpack/items/func/hammer" },

		"xp_furniture:paintbrush_black": { "textures": "textures/xp/fpack/items/func/paintbrush/black" },
		"xp_furniture:paintbrush_blue": { "textures": "textures/xp/fpack/items/func/paintbrush/blue" },
		"xp_furniture:paintbrush_brown": { "textures": "textures/xp/fpack/items/func/paintbrush/brown" },
		"xp_furniture:paintbrush_cyan": { "textures": "textures/xp/fpack/items/func/paintbrush/cyan" },
		"xp_furniture:paintbrush_gray": { "textures": "textures/xp/fpack/items/func/paintbrush/gray" },
		"xp_furniture:paintbrush_green": { "textures": "textures/xp/fpack/items/func/paintbrush/green" },
		"xp_furniture:paintbrush_light_blue": { "textures": "textures/xp/fpack/items/func/paintbrush/light_blue" },
		"xp_furniture:paintbrush_light_gray": { "textures": "textures/xp/fpack/items/func/paintbrush/light_gray" },
		"xp_furniture:paintbrush_lime": { "textures": "textures/xp/fpack/items/func/paintbrush/lime" },
		"xp_furniture:paintbrush_magenta": { "textures": "textures/xp/fpack/items/func/paintbrush/magenta" },
		"xp_furniture:paintbrush_orange": { "textures": "textures/xp/fpack/items/func/paintbrush/orange" },
		"xp_furniture:paintbrush_pink": { "textures": "textures/xp/fpack/items/func/paintbrush/pink" },
		"xp_furniture:paintbrush_purple": { "textures": "textures/xp/fpack/items/func/paintbrush/purple" },
		"xp_furniture:paintbrush_red": { "textures": "textures/xp/fpack/items/func/paintbrush/red" },
		"xp_furniture:paintbrush_undyed": { "textures": "textures/xp/fpack/items/func/paintbrush/undyed" },
		"xp_furniture:paintbrush_white": { "textures": "textures/xp/fpack/items/func/paintbrush/white" },
		"xp_furniture:paintbrush_yellow": { "textures": "textures/xp/fpack/items/func/paintbrush/yellow" },

		"xp_furniture:watering_can": { "textures": "textures/xp/fpack/items/func/watering_can" },

		// Crops & Seeds //
		"xp_furniture:bell_pepper_seed": { "textures": "textures/xp/fpack/items/func/crops/bell_pepper_seed" },
		"xp_furniture:bell_pepper": { "textures": "textures/xp/fpack/items/func/crops/bell_pepper" },
		"xp_furniture:cabbage_seed": { "textures": "textures/xp/fpack/items/func/crops/cabbage_seed" },
		"xp_furniture:cabbage": { "textures": "textures/xp/fpack/items/func/crops/cabbage" },
		"xp_furniture:corn_seed": { "textures": "textures/xp/fpack/items/func/crops/corn_seed" },
		"xp_furniture:corn": { "textures": "textures/xp/fpack/items/func/crops/corn" },
		"xp_furniture:eggplant_seed": { "textures": "textures/xp/fpack/items/func/crops/eggplant_seed" },
		"xp_furniture:eggplant": { "textures": "textures/xp/fpack/items/func/crops/eggplant" },
		"xp_furniture:tomato_seed": { "textures": "textures/xp/fpack/items/func/crops/tomato_seed" },
		"xp_furniture:tomato": { "textures": "textures/xp/fpack/items/func/crops/tomato" },

		"xp_furniture:hanging_golden_chain_leaves_item": { "textures": "textures/xp/fpack/items/blocks/hanging_golden_chain_leaves" },
		"xp_furniture:hanging_golden_chain_vines_item": { "textures": "textures/xp/fpack/items/blocks/hanging_golden_chain_vines" },
		"xp_furniture:hanging_willow_leaves_item": { "textures": "textures/xp/fpack/items/blocks/willow_leaves" },
		"xp_furniture:hanging_willow_vines_item": { "textures": "textures/xp/fpack/items/blocks/willow_vines" },
		"xp_furniture:hanging_wisteria_leaves_item": { "textures": "textures/xp/fpack/items/blocks/hanging_wisteria_leaves" },
		"xp_furniture:hanging_wisteria_vines_item": { "textures": "textures/xp/fpack/items/blocks/hanging_wisteria_vines" },

		// Polaroids //
		"xp_furniture:banana_polaroid": { "textures": "textures/xp/fpack/items/func/polaroid/banana" },
		"xp_furniture:bedroom_polaroid": { "textures": "textures/xp/fpack/items/func/polaroid/bedroom" },
		"xp_furniture:capybara_polaroid": { "textures": "textures/xp/fpack/items/func/polaroid/capybara" },
		"xp_furniture:cat_polaroid": { "textures": "textures/xp/fpack/items/func/polaroid/cat" },
		"xp_furniture:crunch_polaroid": { "textures": "textures/xp/fpack/items/func/polaroid/crunch" },
		"xp_furniture:desert_polaroid": { "textures": "textures/xp/fpack/items/func/polaroid/desert" },
		"xp_furniture:house_polaroid": { "textures": "textures/xp/fpack/items/func/polaroid/house" },
		"xp_furniture:mountain_polaroid": { "textures": "textures/xp/fpack/items/func/polaroid/mountain" },
		"xp_furniture:moon_polaroid": { "textures": "textures/xp/fpack/items/func/polaroid/moon" },
		// "xp_furniture:pumpkin_polaroid": { "textures": "textures/xp/fpack/items/func/polaroid/pumpkin" },
		"xp_furniture:sighting_polaroid": { "textures": "textures/xp/fpack/items/func/polaroid/sighting" },
		"xp_furniture:sunset_polaroid": { "textures": "textures/xp/fpack/items/func/polaroid/sunset" },
		"xp_furniture:tunnel_polaroid": { "textures": "textures/xp/fpack/items/func/polaroid/tunnel" },
		"xp_furniture:christmas_tree_polaroid": { "textures": "textures/xp/fpack/items/func/polaroid/christmas_tree" },
		"xp_furniture:snowman_polaroid": { "textures": "textures/xp/fpack/items/func/polaroid/snowman" },
		"xp_furniture:reindeer_polaroid": { "textures": "textures/xp/fpack/items/func/polaroid/reindeer" },

		// Misc //
		"xp_furniture:wood_mug_drink_full": { "textures": "textures/xp/fpack/items/func/wood_mug_full" },
		"xp_furniture:wood_mug_cocoa_full": { "textures": "textures/xp/fpack/items/func/wood_mug_cocoa" },
		"xp_furniture:wood_mug_drink": { "textures": "textures/xp/fpack/items/func/wood_mug" },

		// "xp_furniture:spooky_cobweb_item": { "textures": "textures/xp/fpack/blocks/deco/spooky_cobweb_2" },

		// Wild //
		"xp_furniture:blazing_star_item": { "textures": "textures/xp/fpack/items/blocks/blazing_star_i" },
		"xp_furniture:butterflower_cluster_item": { "textures": "textures/xp/fpack/items/blocks/bflower_c_i" },
		"xp_furniture:big_plant_spiky_item": { "textures": "textures/xp/fpack/items/blocks/plant_big_spiky_i" },
		"xp_furniture:butterfly_milkweed_item": { "textures": "textures/xp/fpack/blocks/deco/foliage/milkweed" },
		"xp_furniture:duckweed_item": { "textures": "textures/xp/fpack/blocks/deco/foliage/duckweed" },
		"xp_furniture:flower_cluster_0_item": { "textures": "textures/xp/fpack/items/blocks/flower_c_0_i" },
		"xp_furniture:flower_cluster_1_item": { "textures": "textures/xp/fpack/items/blocks/flower_c_1_i" },
		"xp_furniture:flower_cluster_2_item": { "textures": "textures/xp/fpack/items/blocks/flower_c_2_i" },
		"xp_furniture:flower_cluster_3_item": { "textures": "textures/xp/fpack/items/blocks/flower_c_3_i" },
		"xp_furniture:lotus_lilypad_pink_item": { "textures": "textures/xp/fpack/items/blocks/lotus_lilypad_pink_i" },
		"xp_furniture:lotus_lilypad_purple_item": { "textures": "textures/xp/fpack/items/blocks/lotus_lilypad_purple_i" },
		"xp_furniture:lotus_lilypad_white_item": { "textures": "textures/xp/fpack/items/blocks/lotus_lilypad_white_i" },
		"xp_furniture:foxglove_item": { "textures": "textures/xp/fpack/items/blocks/foxglove_i" },
		"xp_furniture:ivy_item": { "textures": "textures/xp/fpack/items/blocks/ivy_i" },
		"xp_furniture:mossy_pebbles_item": { "textures": "textures/xp/fpack/items/blocks/mossy_pebbles_i" },
		"xp_furniture:pebbles_item": { "textures": "textures/xp/fpack/items/blocks/pebbles_i" },
		"xp_furniture:mushroom_cluster_item": { "textures": "textures/xp/fpack/items/blocks/mushroom_c_i" },
		"xp_furniture:small_cluster_lily_pad_item": { "textures": "textures/xp/fpack/items/blocks/small_lily_pad_c_i" },

		// Food //
		"xp_furniture:chilipepper": { "textures": "textures/xp/fpack/items/food/chilipepper" },
		"xp_furniture:grilled_corn": { "textures": "textures/xp/fpack/items/food/grilled_corn" },
		"xp_furniture:grilled_eggplant": { "textures": "textures/xp/fpack/items/food/grilled_eggplant" },
		"xp_furniture:salad": { "textures": "textures/xp/fpack/items/food/salad" },
		"xp_furniture:glazed_ham": { "textures": "textures/xp/fpack/items/food/glazed_ham" },
		"xp_furniture:icicle_item": { "textures": "textures/xp/fpack/items/blocks/icicle_item" }

		// "xp_furniture:lollipop": { "textures": "textures/xp/fpack/items/food/halloween/lollipop" },
		// "xp_furniture:marshmallow_0": { "textures": "textures/xp/fpack/items/food/halloween/marshmallow_0" },
		// "xp_furniture:marshmallow_1": { "textures": "textures/xp/fpack/items/food/halloween/marshmallow_1" },
		// "xp_furniture:spooky_cookie": { "textures": "textures/xp/fpack/items/food/halloween/spooky_cookie" }

	}
}