{
  "format_version": "1.10.0",
  "animation_controllers": {
    "controller.animation.pod_farm.effects": {
      "states": {
        "default": {
          "transitions": [
            {
              "bone_meal": "query.property('pod_farm:effects') == 'bone_meal'"
            },
            { "break": "query.property('pod_farm:effects') == 'break'" },
            { "place": "query.property('pod_farm:effects') == 'place'" }
          ],
          "on_exit": ["@s pod_farm:reset_effect"]
        },
        "bone_meal": {
          "transitions": [
            { "default": "query.property('pod_farm:effects') != 'bone_meal'" }
          ]
        },
        "place": {
          "transitions": [
            { "default": "query.property('pod_farm:effects') != 'place'" }
          ]
        },
        "break": {
          "transitions": [
            { "default": "query.property('pod_farm:effects') != 'break'" }
          ],
          "on_entry": ["@s pod_farm:despawn"]
        }
      }
    }
  }
}
