{
  "format_version": "1.20.10",
  "minecraft:entity": {
    "description": {
      "identifier": "pod_farm:crow",
      "is_spawnable": true,
      "is_summonable": true,
      "is_experimental": false
    },
    "component_groups": {
      "pod_farm:despawn": {
        "minecraft:instant_despawn": {
          "remove_child_entities": false
        }
      },
      "pod_farm:move_to_block": {
        "minecraft:behavior.move_to_block": {
          "priority": 2,
          "search_height": 20,
          "start_chance": 30,
          "search_range": 24,
          "goal_radius": -1,
          "stay_duration": 1,
          "on_reach": {
            "target": "self",
            "event": "pod_farm:break"
          },
          "target_blocks": [
            "wheat",
            "wheat",
            "carrots",
            "potatoes",
            "beetroot",
            "melon_stem",
            "pumpkin_stem",
            "sweet_berry_bush",
            "pod_farm:blackberry_bush",
            "pod_farm:blueberry_bush",
            "pod_farm:strawberry_bush",
            "pod_farm:cranberry_bush",
            "pod_farm:raspberry_bush",
            "pod_farm:bean_plant",
            "pod_farm:bell_pepper_plant",
            "pod_farm:broccoli_plant",
            "pod_farm:cauliflower_plant",
            "pod_farm:chili_plant",
            "pod_farm:coffee_plant",
            "pod_farm:corn_plant",
            "pod_farm:cotton_plant",
            "pod_farm:cucumber_plant",
            "pod_farm:ginger_plant",
            "pod_farm:grape_vine",
            "pod_farm:kohlrabi_plant",
            "pod_farm:lettuce_plant",
            "pod_farm:oat_plant",
            "pod_farm:onion_plant",
            "pod_farm:pea_plant",
            "pod_farm:peanut_plant",
            "pod_farm:pineapple_plant",
            "pod_farm:rhubarb_plant",
            "pod_farm:rice_plant",
            "pod_farm:spinach_plant",
            "pod_farm:sweet_potato_plant",
            "pod_farm:tea_plant",
            "pod_farm:tomato_plant",
            "pod_farm:vanilla_plant"
          ]
        }
      },
      "pod_farm:reschedule": {
        "minecraft:timer": {
          "time": [10, 30],
          "looping": true,
          "time_down_event": {
            "event": "pod_farm:move_to_block",
            "target": "self"
          }
        }
      }
    },
    "components": {
      "minecraft:timer": {
        "time": 1,
        "looping": false,
        "time_down_event": {
          "event": "pod_farm:move_to_block",
          "target": "self"
        }
      },
      "minecraft:loot": {
        "table": "loot_tables/pod_farm_animals/crow.json"
      },
      "minecraft:experience_reward": {
        "on_death": "query.last_hit_by_player ? 5 : 0"
      },
      "minecraft:type_family": {
        "family": ["pod_farm_crow", "pod_farm_animal", "monster", "mob"]
      },
      "minecraft:nameable": {},
      "minecraft:health": {
        "value": 8,
        "max": 8
      },
      "minecraft:hurt_on_condition": {
        "damage_conditions": [
          {
            "filters": {
              "test": "in_lava",
              "subject": "self",
              "operator": "==",
              "value": true
            },
            "cause": "lava",
            "damage_per_tick": 4
          }
        ]
      },
      "minecraft:navigation.fly": {
        "avoid_water": true,
        "can_jump": false,
        "can_pass_doors": true,
        "can_path_from_air": true,
        "can_path_over_lava": true,
        "can_path_over_water": true,
        "can_sink": true,
        "can_swim": false,
        "can_walk": true,
        "can_walk_in_lava": false,
        "is_amphibious": false
      },
      "minecraft:physics": {
        "has_gravity": false
      },
      "minecraft:pushable": {
        "is_pushable": true,
        "is_pushable_by_piston": true
      },
      "minecraft:conditional_bandwidth_optimization": {},
      "minecraft:attack": {
        "damage": 6
      },
      "minecraft:breathable": {
        "total_supply": 15,
        "suffocate_time": 0,
        "breathes_air": true,
        "breathes_water": false
      },
      "minecraft:collision_box": {
        "width": 0.9,
        "height": 0.5
      },

      "minecraft:movement": {
        "value": 1.8
      },
      "minecraft:movement.glide": {
        "start_speed": 0.1,
        "speed_when_turning": 0.2
      },

      "minecraft:behavior.random_look_around_and_sit": {
        "priority": 4,
        "max_look_count": 2,
        "max_look_time": 40,
        "min_look_count": 1,
        "min_look_time": 20,
        "probability": 0.02
      },

      "minecraft:follow_range": {
        "value": 64,
        "max": 64
      },
      "minecraft:despawn": {
        "despawn_from_distance": {}
      },
      "minecraft:behavior.avoid_mob_type": {
        "priority": 0,
        "max_dist": 8,
        "walk_speed_multiplier": 5.3,
        "sprint_speed_multiplier": 5.3,
        "sprint_distance": 10,
        "ignore_visibility": true,
        "entity_types": [
          {
            "filters": {
              "any_of": [
                {
                  "test": "is_family",
                  "subject": "other",
                  "value": "pod_farm_scarecrow"
                },
                {
                  "test": "is_family",
                  "subject": "other",
                  "value": "player"
                }
              ]
            },
            "max_dist": 8
          }
        ]
      },
      "minecraft:break_blocks": {
        "breakable_blocks": [
          "wheat",
          "carrots",
          "potatoes",
          "beetroot",
          "melon_stem",
          "pumpkin_stem",
          "sweet_berry_bush"
        ]
      },
      "minecraft:behavior.circle_around_anchor": {
        "priority": 4,
        "radius_change": 1,
        "radius_adjustment_chance": 0.004,
        "height_adjustment_chance": 0.00286,
        "goal_radius": 1,
        "angle_change": 15,
        "radius_range": [5, 15],
        "height_offset_range": [-4, 5],
        "height_above_target_range": [20, 40]
      },
      "minecraft:behavior.float": {}
    },
    "events": {
      "pod_farm:despawn": {
        "add": {
          "component_groups": ["pod_farm:despawn"]
        }
      },
      "pod_farm:move_to_block": {
        "add": {
          "component_groups": ["pod_farm:move_to_block"]
        }
      },
      "pod_farm:break": {
        "add": {
          "component_groups": ["pod_farm:reschedule"]
        },
        "remove": {
          "component_groups": ["pod_farm:move_to_block"]
        },
        "queue_command": {
          "command": "scriptevent pod_farm:crow_break"
        }
      }
    }
  }
}
