{
  "format_version": "1.16.0",
  "minecraft:entity": {
    "description": {
      "identifier": "pod_farm:deer",
      "is_spawnable": true,
      "is_summonable": true,
      "is_experimental": false
    },
    "component_groups": {
      "minecraft:horse_baby": {
        "minecraft:is_baby": {},
        "minecraft:scale_by_age": {
          "start_scale": 0.5,
          "end_scale": 1
        },
        "minecraft:ageable": {
          "duration": 1200,
          "feed_items": [
            "sweet_berries",
            "pod_farm:blackberry",
            "pod_farm:blueberry",
            "pod_farm:cranberry",
            "pod_farm:raspberry",
            "pod_farm:strawberry"
          ],
          "grow_up": {
            "event": "minecraft:ageable_grow_up",
            "target": "self"
          }
        },
        "minecraft:behavior.follow_parent": {
          "priority": 4,
          "speed_multiplier": 1.2
        }
      },
      "minecraft:horse_adult": {
        "minecraft:rideable": {
          "seat_count": 1,
          "family_types": ["player"],
          "interact_text": "action.interact.mount",
          "seats": {
            "position": [0, 1.1, -0.2]
          }
        },
        "minecraft:behavior.mount_pathing": {
          "priority": 2,
          "speed_multiplier": 1.5,
          "target_dist": 0,
          "track_target": true
        },
        "minecraft:experience_reward": {
          "on_bred": "Math.Random(1,7)",
          "on_death": "query.last_hit_by_player ? Math.Random(1,3) : 0"
        },
        "minecraft:behavior.run_around_like_crazy": {
          "priority": 1,
          "speed_multiplier": 1.2
        },
        "minecraft:behavior.breed": {
          "priority": 2,
          "speed_multiplier": 1
        }
      }
    },
    "components": {
      "minecraft:loot": {
        "table": "loot_tables/pod_farm_animals/deer.json"
      },
      "minecraft:type_family": {
        "family": ["pod_farm_deer", "pod_farm_animal", "mob"]
      },
      "minecraft:breathable": {
        "total_supply": 15,
        "suffocate_time": 0
      },
      "minecraft:collision_box": {
        "width": 1.4,
        "height": 1.6
      },
      "minecraft:health": {
        "value": 20
      },
      "minecraft:hurt_on_condition": {
        "damage_conditions": [
          {
            "filters": {
              "test": "in_lava",
              "subject": "self",
              "operator": "==",
              "value": true
            },
            "cause": "lava",
            "damage_per_tick": 4
          }
        ]
      },
      "minecraft:movement": {
        "value": {
          "range_min": 0.15,
          "range_max": 0.35
        }
      },
      "minecraft:navigation.walk": {
        "can_path_over_water": true,
        "avoid_water": true,
        "avoid_damage_blocks": true
      },
      "minecraft:movement.basic": {},
      "minecraft:jump.static": {},
      "minecraft:nameable": {},
      "minecraft:horse.jump_strength": {
        "value": {
          "range_min": 0.5,
          "range_max": 1
        }
      },
      "minecraft:leashable": {
        "soft_distance": 4,
        "hard_distance": 6,
        "max_distance": 10
      },
      "minecraft:balloonable": {},
      "minecraft:behavior.breed": {},
      "minecraft:breedable": {
        "require_tame": false,
        "breeds_with": {
          "mate_type": "pod_farm:deer",
          "baby_type": "pod_farm:deer",
          "breed_event": {
            "event": "minecraft:entity_born",
            "target": "baby"
          }
        },
        "breed_items": [
          "sweet_berries",
          "pod_farm:blackberry",
          "pod_farm:blueberry",
          "pod_farm:cranberry",
          "pod_farm:raspberry",
          "pod_farm:strawberry"
        ]
      },
      "minecraft:behavior.tempt": {
        "priority": 4,
        "speed_multiplier": 1,
        "items": [
          "sweet_berries",
          "pod_farm:blackberry",
          "pod_farm:blueberry",
          "pod_farm:cranberry",
          "pod_farm:raspberry",
          "pod_farm:strawberry"
        ]
      },
      "minecraft:despawn": {
        "despawn_from_distance": {}
      },
      "minecraft:behavior.float": {
        "priority": 0
      },
      "minecraft:behavior.panic": {
        "priority": 3,
        "speed_multiplier": 1.2
      },
      "minecraft:behavior.random_stroll": {
        "priority": 6,
        "speed_multiplier": 0.7
      },
      "minecraft:behavior.look_at_player": {
        "priority": 7,
        "look_distance": 6,
        "probability": 0.02
      },
      "minecraft:behavior.random_look_around": {
        "priority": 8
      },
      "minecraft:physics": {},
      "minecraft:pushable": {
        "is_pushable": true,
        "is_pushable_by_piston": true
      },
      "minecraft:conditional_bandwidth_optimization": {}
    },
    "events": {
      "minecraft:entity_spawned": {
        "sequence": [
          {
            "randomize": [
              {
                "weight": 36,
                "add": {
                  "component_groups": ["minecraft:horse_adult"]
                }
              },
              {
                "weight": 9,
                "add": {
                  "component_groups": ["minecraft:horse_baby"]
                }
              }
            ]
          }
        ]
      },
      "minecraft:entity_born": {
        "add": {
          "component_groups": ["minecraft:horse_baby"]
        }
      },
      "minecraft:ageable_grow_up": {
        "remove": {
          "component_groups": ["minecraft:horse_baby"]
        },
        "add": {
          "component_groups": ["minecraft:horse_adult"]
        }
      }
    }
  }
}
