{
  "format_version": "1.16.0",
  "minecraft:entity": {
    "description": {
      "identifier": "pod_farm:turkey",
      "is_spawnable": true,
      "is_summonable": true,
      "is_experimental": false
    },
    "component_groups": {
      "minecraft:turkey_baby": {
        "minecraft:is_baby": {},
        "minecraft:scale": {
          "value": 0.5
        },
        "minecraft:ageable": {
          "duration": 1200,
          "feed_items": [
            "wheat_seeds",
            "beetroot_seeds",
            "melon_seeds",
            "pumpkin_seeds",
            "pod_farm:bean_seeds",
            "pod_farm:oat_seeds",
            "pod_farm:kohlrabi_seeds",
            "pod_farm:rhubarb_seeds",
            "pod_farm:tomato_seeds",
            "pod_farm:peanut_seeds",
            "pod_farm:rice_seeds",
            "pod_farm:onion_seeds",
            "pod_farm:lettuce_seeds",
            "pod_farm:cucumber_seeds",
            "pod_farm:broccoli_seeds",
            "pod_farm:corn_seeds",
            "pod_farm:cauliflower_seeds",
            "sweet_berries",
            "pod_farm:blackberry",
            "pod_farm:blueberry",
            "pod_farm:cranberry",
            "pod_farm:raspberry",
            "pod_farm:strawberry"
          ],
          "grow_up": {
            "event": "minecraft:ageable_grow_up",
            "target": "self"
          }
        },
        "minecraft:behavior.follow_parent": {
          "priority": 5,
          "speed_multiplier": 1.1
        }
      },
      "minecraft:turkey_adult": {
        "minecraft:experience_reward": {
          "on_bred": "Math.Random(1,7)",
          "on_death": "query.last_hit_by_player ? Math.Random(1,3) : 0"
        },
        "minecraft:breedable": {
          "require_tame": false,
          "breeds_with": {
            "mate_type": "pod_farm:turkey",
            "baby_type": "pod_farm:turkey",
            "breed_event": {
              "event": "minecraft:entity_born",
              "target": "baby"
            }
          },
          "breed_items": [
            "wheat_seeds",
            "beetroot_seeds",
            "melon_seeds",
            "pumpkin_seeds",
            "pod_farm:bean_seeds",
            "pod_farm:bell_pepper_seeds",
            "pod_farm:broccoli_seeds",
            "pod_farm:cauliflower_seeds",
            "pod_farm:chili_seeds",
            "pod_farm:corn_seeds",
            "pod_farm:cotton_seeds",
            "pod_farm:cucumber_seeds",
            "pod_farm:ginger_seeds",
            "pod_farm:kohlrabi_seeds",
            "pod_farm:lettuce_seeds",
            "pod_farm:oat_seeds",
            "pod_farm:onion_seeds",
            "pod_farm:peanut_seeds",
            "pod_farm:rhubarb_seeds",
            "pod_farm:rice_seeds",
            "pod_farm:spinach_seeds",
            "pod_farm:tomato_seeds",
            "pod_farm:vanilla_seeds",
            "sweet_berries",
            "pod_farm:blackberry",
            "pod_farm:blueberry",
            "pod_farm:cranberry",
            "pod_farm:raspberry",
            "pod_farm:strawberry"
          ]
        },
        "minecraft:behavior.breed": {
          "priority": 3,
          "speed_multiplier": 1
        },
        "minecraft:rideable": {
          "seat_count": 1,
          "family_types": ["zombie"],
          "seats": {
            "position": [0, 0.4, 0]
          }
        }
      }
    },
    "components": {
      "minecraft:loot": {
        "table": "loot_tables/pod_farm_animals/turkey.json"
      },
      "minecraft:type_family": {
        "family": ["pod_farm_turkey", "pod_farm_animal", "pod_farm_bird", "mob"]
      },
      "minecraft:breathable": {
        "total_supply": 15,
        "suffocate_time": 0
      },
      "minecraft:collision_box": {
        "width": 0.6,
        "height": 0.8
      },
      "minecraft:nameable": {},
      "minecraft:health": {
        "value": 8,
        "max": 8
      },
      "minecraft:hurt_on_condition": {
        "damage_conditions": [
          {
            "filters": {
              "test": "in_lava",
              "subject": "self",
              "operator": "==",
              "value": true
            },
            "cause": "lava",
            "damage_per_tick": 4
          }
        ]
      },
      "minecraft:movement": {
        "value": 0.25
      },
      "minecraft:damage_sensor": {
        "triggers": {
          "cause": "fall",
          "deals_damage": false
        }
      },
      "minecraft:leashable": {
        "soft_distance": 4,
        "hard_distance": 6,
        "max_distance": 10
      },
      "minecraft:balloonable": {
        "mass": 0.5
      },
      "minecraft:navigation.walk": {
        "can_path_over_water": true,
        "avoid_damage_blocks": true
      },
      "minecraft:movement.basic": {},
      "minecraft:jump.static": {},
      "minecraft:can_climb": {},
      "minecraft:despawn": {
        "despawn_from_distance": {}
      },
      "minecraft:behavior.float": {
        "priority": 0
      },
      "minecraft:behavior.panic": {
        "priority": 1,
        "speed_multiplier": 1.5
      },
      "minecraft:behavior.mount_pathing": {
        "priority": 2,
        "speed_multiplier": 1.5,
        "target_dist": 0,
        "track_target": true
      },
      "minecraft:behavior.tempt": {
        "priority": 4,
        "speed_multiplier": 1,
        "items": [
          "wheat_seeds",
          "beetroot_seeds",
          "melon_seeds",
          "pumpkin_seeds",
          "pod_farm:bean_seeds",
          "pod_farm:oat_seeds",
          "pod_farm:kohlrabi_seeds",
          "pod_farm:rhubarb_seeds",
          "pod_farm:tomato_seeds",
          "pod_farm:peanut_seeds",
          "pod_farm:rice_seeds",
          "pod_farm:onion_seeds",
          "pod_farm:lettuce_seeds",
          "pod_farm:cucumber_seeds",
          "pod_farm:broccoli_seeds",
          "pod_farm:corn_seeds",
          "pod_farm:cauliflower_seeds",
          "sweet_berries",
          "pod_farm:blackberry",
          "pod_farm:blueberry",
          "pod_farm:cranberry",
          "pod_farm:raspberry",
          "pod_farm:strawberry"
        ]
      },
      "minecraft:behavior.random_stroll": {
        "priority": 6,
        "speed_multiplier": 1
      },
      "minecraft:behavior.look_at_player": {
        "priority": 7,
        "look_distance": 6,
        "probability": 0.02
      },
      "minecraft:behavior.random_look_around": {
        "priority": 8
      },
      "minecraft:physics": {},
      "minecraft:pushable": {
        "is_pushable": true,
        "is_pushable_by_piston": true
      },
      "minecraft:conditional_bandwidth_optimization": {}
    },
    "events": {
      "from_egg": {
        "add": {
          "component_groups": ["minecraft:turkey_baby"]
        }
      },
      "minecraft:entity_spawned": {
        "randomize": [
          {
            "weight": 95,
            "trigger": "minecraft:spawn_adult"
          },
          {
            "weight": 5,
            "add": {
              "component_groups": ["minecraft:turkey_baby"]
            }
          }
        ]
      },
      "minecraft:entity_born": {
        "remove": {},
        "add": {
          "component_groups": ["minecraft:turkey_baby"]
        }
      },
      "minecraft:ageable_grow_up": {
        "remove": {
          "component_groups": ["minecraft:turkey_baby"]
        },
        "add": {
          "component_groups": ["minecraft:turkey_adult"]
        }
      },
      "minecraft:spawn_adult": {
        "add": {
          "component_groups": ["minecraft:turkey_adult"]
        }
      }
    }
  }
}
