{
  "format_version": "1.16.0",
  "minecraft:entity": {
    "description": {
      "identifier": "pod_farm:yak",
      "is_spawnable": true,
      "is_summonable": true,
      "is_experimental": false
    },
    "component_groups": {
      "pod_farm:break_blocks": {
        "minecraft:break_blocks": {
          "breakable_blocks": [
            "bamboo",
            "bamboo_sapling",
            "beetroot",
            "brown_mushroom",
            "carrots",
            "carved_pumpkin",
            "chorus_flower",
            "chorus_plant",
            "deadbush",
            "double_plant",
            "leaves",
            "leaves2",
            "lit_pumpkin",
            "melon_block",
            "melon_stem",
            "potatoes",
            "pumpkin",
            "pumpkin_stem",
            "red_flower",
            "red_mushroom",
            "crimson_fungus",
            "warped_fungus",
            "reeds",
            "sapling",
            "sweet_berry_bush",
            "tallgrass",
            "turtle_egg",
            "vine",
            "waterlily",
            "wheat",
            "yellow_flower"
          ]
        }
      },
      "pod_farm:variant0": {
        "minecraft:variant": {
          "value": 0
        }
      },
      "pod_farm:variant1": {
        "minecraft:variant": {
          "value": 1
        }
      },
      "pod_farm:adult": {
        "minecraft:scale": {
          "value": 1.13
        }
      },
      "pod_farm:baby": {
        "minecraft:is_baby": {},
        "minecraft:scale": {
          "value": 0.5
        },
        "minecraft:ageable": {
          "duration": 1200,
          "feed_items": ["wheat"],
          "grow_up": {
            "event": "pod_farm:grow_up",
            "target": "self"
          }
        },
        "minecraft:behavior.follow_parent": {
          "priority": 4,
          "speed_multiplier": 1
        }
      },
      "pod_farm:hostile": {
        "minecraft:timer": {
          "time": [60, 120],
          "looping": false,
          "time_down_event": {
            "event": "pod_farm:reset_hostile",
            "target": "self"
          }
        },
        "minecraft:movement": {
          "value": 0.4
        },
        "minecraft:behavior.delayed_attack": {
          "priority": 4,
          "attack_once": false,
          "track_target": true,
          "require_complete_path": false,
          "random_stop_interval": 0,
          "reach_multiplier": 1.5,
          "speed_multiplier": 1,
          "attack_duration": 0.75,
          "hit_delay_pct": 0.5
        },
        "minecraft:behavior.hurt_by_target": {
          "priority": 2,
          "entity_types": {
            "max_dist": 64
          }
        },
        "minecraft:behavior.nearest_attackable_target": {
          "priority": 3,
          "must_see": true,
          "within_radius": 16,
          "entity_types": [
            {
              "filters": {
                "any_of": [
                  {
                    "subject": "other",
                    "test": "is_family",
                    "value": "player"
                  },
                  {
                    "subject": "other",
                    "test": "is_family",
                    "value": "irongolem"
                  }
                ]
              },
              "max_dist": 16
            },
            {
              "filters": {
                "all_of": [
                  {
                    "test": "is_family",
                    "subject": "other",
                    "value": "villager"
                  },
                  {
                    "test": "has_component",
                    "subject": "other",
                    "operator": "!=",
                    "value": "minecraft:is_baby"
                  }
                ]
              },
              "max_dist": 16
            }
          ]
        }
      }
    },
    "components": {
      "minecraft:scale": {
        "value": 1.13
      },
      "minecraft:damage_sensor": {
        "triggers": [
          {
            "on_damage": {
              "event": "pod_farm:become_hostile"
            }
          }
        ]
      },
      "minecraft:interact": {
        "interactions": [
          {
            "on_interact": {
              "filters": {
                "all_of": [
                  {
                    "test": "is_family",
                    "subject": "other",
                    "value": "player"
                  },
                  {
                    "test": "has_equipment",
                    "domain": "hand",
                    "subject": "other",
                    "value": "bucket:0"
                  }
                ]
              }
            },
            "use_item": true,
            "transform_to_item": "bucket:1",
            "play_sounds": "milk",
            "interact_text": "action.interact.milk"
          }
        ]
      },

      "minecraft:behavior.random_stroll": {
        "priority": 6,
        "speed_multiplier": 1
      },
      "minecraft:behavior.look_at_player": {
        "priority": 7,
        "look_distance": 6,
        "angle_of_view_horizontal": 45,
        "probability": 1
      },
      "minecraft:behavior.look_at_entity": {
        "priority": 10,
        "look_distance": 8,
        "angle_of_view_horizontal": 45,
        "filters": {
          "test": "is_family",
          "subject": "other",
          "value": "mob"
        }
      },
      "minecraft:behavior.tempt": {
        "priority": 4,
        "speed_multiplier": 1.2,
        "items": ["wheat"]
      },
      "minecraft:behavior.breed": {},
      "minecraft:breedable": {
        "require_tame": false,
        "breeds_with": {
          "mate_type": "pod_farm:yak",
          "baby_type": "pod_farm:yak",
          "breed_event": {
            "event": "minecraft:entity_born",
            "target": "baby"
          }
        },
        "breed_items": ["wheat"]
      },
      "minecraft:loot": {
        "table": "loot_tables/pod_farm_animals/yak.json"
      },
      "minecraft:experience_reward": {
        "on_death": "query.last_hit_by_player ? 20 : 0"
      },
      "minecraft:behavior.float": {
        "priority": 0
      },
      "minecraft:attack": {
        "damage": 12
      },
      "minecraft:breathable": {
        "suffocate_time": 0,
        "total_supply": 15
      },
      "minecraft:collision_box": {
        "height": 1.9,
        "width": 1.2
      },
      "minecraft:health": {
        "max": 80,
        "value": 80
      },
      "minecraft:hurt_on_condition": {
        "damage_conditions": [
          {
            "filters": {
              "test": "in_lava",
              "subject": "self",
              "operator": "==",
              "value": true
            },
            "cause": "lava",
            "damage_per_tick": 4
          }
        ]
      },
      "minecraft:jump.static": {},
      "minecraft:knockback_resistance": {
        "value": 0.5
      },
      "minecraft:movement": {
        "value": 0.25
      },
      "minecraft:movement.basic": {},
      "minecraft:nameable": {},
      "minecraft:navigation.walk": {
        "avoid_damage_blocks": true,
        "can_path_over_water": true,
        "can_sink": false
      },
      "minecraft:physics": {},
      "minecraft:pushable": {
        "is_pushable": true,
        "is_pushable_by_piston": true
      },
      "minecraft:conditional_bandwidth_optimization": {},
      "minecraft:despawn": {
        "despawn_from_distance": {}
      },
      "minecraft:follow_range": {
        "value": 64
      },
      "minecraft:type_family": {
        "family": ["pod_farm_yak", "pod_farm_animal", "mob_trampling", "mob"]
      },
      "minecraft:variant": {
        "value": 0
      },
      "minecraft:leashable": {
        "soft_distance": 4,
        "hard_distance": 6,
        "max_distance": 10
      }
    },
    "events": {
      "minecraft:entity_spawned": {
        "sequence": [
          {
            "randomize": [
              {
                "weight": 66,
                "add": {
                  "component_groups": ["pod_farm:adult"]
                }
              },
              {
                "add": {
                  "component_groups": ["pod_farm:baby"]
                },
                "weight": 33
              }
            ]
          },
          {
            "randomize": [
              {
                "weight": 96,
                "add": {
                  "component_groups": ["pod_farm:variant0"]
                }
              },
              {
                "add": {
                  "component_groups": ["pod_farm:variant1"]
                },
                "weight": 4
              }
            ]
          }
        ]
      },
      "minecraft:entity_born": {
        "sequence": [
          {
            "add": {
              "component_groups": ["pod_farm:baby"]
            }
          },
          {
            "randomize": [
              {
                "weight": 96,
                "add": {
                  "component_groups": ["pod_farm:variant0"]
                }
              },
              {
                "add": {
                  "component_groups": ["pod_farm:variant1"]
                },
                "weight": 4
              }
            ]
          }
        ]
      },
      "pod_farm:enable_block_breaking": {
        "add": {
          "component_groups": ["pod_farm:break_blocks"]
        }
      },
      "pod_farm:disable_block_breaking": {
        "remove": {
          "component_groups": ["pod_farm:break_blocks"]
        }
      },
      "pod_farm:grow_up": {
        "remove": {
          "component_groups": ["pod_farm:baby"]
        },
        "add": {
          "component_groups": ["pod_farm:adult"]
        }
      },
      "pod_farm:become_hostile": {
        "add": {
          "component_groups": ["pod_farm:hostile"]
        }
      },
      "pod_farm:reset_hostile": {
        "remove": {
          "component_groups": ["pod_farm:hostile"]
        }
      }
    }
  }
}
