{
  "format_version": "1.20.51",
  "minecraft:item": {
    "description": {
      "identifier": "4ks_wp:cryo_ingot"
    },
    "components": {

      "minecraft:icon": {
        "texture": "4ks_wp:cryo_ingot"
      },
      "minecraft:hand_equipped": true,
      "minecraft:display_name": {
        "value": "item.4ks_wp:cryo_ingot.name"
      },
      "minecraft:max_stack_size": 64,
      "minecraft:durability": {
        "damage_chance": {
          "min": 100,
          "max": 100
        },
        "max_durability": 500
      }
    }
  }
}