{
  "format_version": "1.20.10",
  "minecraft:client_entity": {
    "description": {
      "identifier": "pod_farm:plate",
      "materials": {
        "default": "entity_alphatest"
      },
      "textures": {
        "default": "textures/podcrash/farm/entity/plate"
      },
      "geometry": {
        "default": "geometry.pod_farm.plate"
      },
      "render_controllers": ["controller.render.default"],
      "animations": {
        "rotate": "animation.pod_farm.rotate",

        "main": "controller.animation.pod_farm.plate",
        "empty": "animation.pod_farm.plate.empty",
        "tomatosoup": "animation.pod_farm.plate.tomatosoup",
        "potatosoup": "animation.pod_farm.plate.potatosoup",
        "sweetpotatosoup": "animation.pod_farm.plate.sweetpotatosoup",
        "beetrootsoup": "animation.pod_farm.plate.beetrootsoup",
        "susstew": "animation.pod_farm.plate.susstew",
        "mushroomstew": "animation.pod_farm.plate.mushroomstew",
        "rabbitstew": "animation.pod_farm.plate.rabbitstew",
        "vegetablesoup": "animation.pod_farm.plate.vegetablesoup",
        "chickennoodlesoup": "animation.pod_farm.plate.chickennoodlesoup",
        "chilitomatopasta": "animation.pod_farm.plate.chilitomatopasta",
        "tomatoonionpasta": "animation.pod_farm.plate.tomatoonionpasta",
        "spinachpasta": "animation.pod_farm.plate.spinachpasta",
        "broccolicheesepasta": "animation.pod_farm.plate.broccolicheesepasta",
        "riceporridge": "animation.pod_farm.plate.riceporridge",
        "oatporridge": "animation.pod_farm.plate.oatporridge",
        "salad": "animation.pod_farm.plate.salad",
        "pizza": "animation.pod_farm.plate.pizza",
        "hawaiianpizza": "animation.pod_farm.plate.hawaiianpizza",
        "strawberrytart": "animation.pod_farm.plate.strawberrytart",
        "rhubarbpie": "animation.pod_farm.plate.rhubarbpie",
        "raspberrypie": "animation.pod_farm.plate.raspberrypie",
        "blueberrypie": "animation.pod_farm.plate.blueberrypie",
        "grapepie": "animation.pod_farm.plate.grapepie",
        "blackberrypie": "animation.pod_farm.plate.blackberrypie",
        "pumpkinpie": "animation.pod_farm.plate.pumpkinpie",
        "peachpie": "animation.pod_farm.plate.peachpie",
        "cake": "animation.pod_farm.plate.cake",
        "hamburger": "animation.pod_farm.plate.hamburger",
        "poultryburger": "animation.pod_farm.plate.poultryburger",
        "fishburger": "animation.pod_farm.plate.fishburger",
        "cheeseburger": "animation.pod_farm.plate.cheeseburger",
        "turkeysandwich": "animation.pod_farm.plate.turkeysandwich",
        "chickensandwich": "animation.pod_farm.plate.chickensandwich",
        "breakfastsandwich": "animation.pod_farm.plate.breakfastsandwich",
        "pbjsandwich": "animation.pod_farm.plate.pbjsandwich",
        "pbjsandwich1": "animation.pod_farm.plate.pbjsandwich1",
        "pbjsandwich2": "animation.pod_farm.plate.pbjsandwich2",
        "applepie": "animation.pod_farm.plate.applepie",
        "blt": "animation.pod_farm.plate.BLT"
      },
      "scripts": {
        "animate": ["rotate", "main"]
      }
    }
  }
}
