{
  "format_version": "1.10.0",
  "minecraft:client_entity": {
    "description": {
      "identifier": "pod_farm:quail_egg",
      "materials": {
        "default": "egg"
      },
      "textures": {
        "default": "textures/podcrash/farm/items/quail_egg"
      },
      "geometry": {
        "default": "geometry.pod_farm.quail_egg"
      },
      "render_controllers": ["controller.render.item_sprite"],
      "animations": {
        "flying": "animation.actor.billboard"
      },
      "scripts": {
        "animate": ["flying"]
      }
    }
  }
}
