{
  "format_version": "1.10.0",
  "minecraft:client_entity": {
    "description": {
      "identifier": "pod_farm:scarecrow",
      "materials": {
        "default": "entity_alphatest"
      },
      "textures": {
        "default": "textures/podcrash/farm/entity/scarecrow"
      },
      "geometry": {
        "default": "geometry.pod_farm.scarecrow"
      },
      "render_controllers": ["controller.render.default"],
      "spawn_egg": {
        "base_color": "#fdd943",
        "overlay_color": "#ff9500"
      }
    }
  }
}
