{"version":1,"content":[{"path":"animations/4ks/wp/misc.json","key":"dX85fvlYmu4OOfOFVcz8839kOVhdBENt"},{"path":"animations/4ks/wp/projectile.json","key":"bC5OLNKeo52Ayj0hHScPXXhwundcTuK2"},{"path":"animations/4ks/wp/rotate.json","key":"cR9PkO29HySEN9dRkU1439z8KhHqcexh"},{"path":"animation_controllers/4ks/wp/misc.json","key":"dR5JBqqLFdNWOl2nSmYnB1PR6pHN8jbH"},{"path":"blocks/4ks/wp/demonic/demonic_block.json","key":"lR1MtprNuQLmcTamM2agcVnLGyrwYiln"},{"path":"blocks/4ks/wp/divine/divine_block.json","key":"lY4wCEPVsjinMe2X6UlL08xGqYpetLax"},{"path":"blocks/4ks/wp/fake_bedrock.json","key":"rS9KtSSwuVxrZ5gN5ET0UaeHHjrFgQqK"},{"path":"entities/4ks/wp/amethyst_seeker.json","key":"vI2Y2hbbCdCW6utLwwkrrafFI529aYPM"},{"path":"entities/4ks/wp/burn_projectile.json","key":"fL8cMxpjwGxCoPplWlEG6ZS8dioUFzUj"},{"path":"entities/4ks/wp/diamond_projectile.json","key":"fL7BMChrsbVGze3lLafvtW44WBQzksVr"},{"path":"entities/4ks/wp/divine_beam.json","key":"dN2rX2ualCnpNxIkF2z2paC9cF4FuCCE"},{"path":"entities/4ks/wp/dragon_lingering_checker.json","key":"kK22q3bJWAjq71mbnXWVHdN25rOC93Lf"},{"path":"entities/4ks/wp/dragon_sword_projectile.json","key":"yY3ewmkWJ0KCix9dLT5hY2eYzXlSNI48"},{"path":"entities/4ks/wp/invisible_hitter.json","key":"pR6Gea5OkfJauaKIW4MWxTYcHCuget7Q"},{"path":"entities/4ks/wp/item_checker.json","key":"sB02WMEBJxtJeKL0nypETqobugEJCMVC"},{"path":"entities/4ks/wp/lapis_wave.json","key":"iX3AgPumdmrOO9ETwQjSCUjeKN7gL4mk"},{"path":"entities/4ks/wp/platinum_projectile.json","key":"sC5mmr4P9IwwpPAStYMJZpxGVN5WKpLe"},{"path":"entities/4ks/wp/player_netherite_explode.json","key":"gO0CFfhRt3ZbQTl3e4J2b3vEIkQO2hV0"},{"path":"entities/4ks/wp/ruby_projectile.json","key":"xA66oNQ09kfiUnFK47fYjQKX0CXA6JPU"},{"path":"entities/4ks/wp/uranium_projectile.json","key":"sA3nW23wWwaO5zNwfUXofoW3Fu9Xcr2z"},{"path":"entities/4ks/wp/uranium_tnt.json","key":"eL3N6BWGXKN1QTb58pyCTHaoehSVKqec"},{"path":"functions/4ks/wp/checkArmor.mcfunction","key":"vC3Nse91zhkGEQt9kZw6XvMMdIlGiHS4"},{"path":"functions/4ks/wp/checkItem.mcfunction","key":"aV22pe0sHbGTAoPcihX6BWFGo2eEXXhp"},{"path":"functions/4ks/wp/headlight/off.mcfunction","key":"cW1OrUbx7UwU03Gm5bBlfxz7JsXks3bk"},{"path":"functions/4ks/wp/headlight/on.mcfunction","key":"qN1k3Hskfd3hSjxIGRaEcmal65MYBKVr"},{"path":"items/4ks/wp/amethyst/armor/boots.json","key":"xK0aqvR8uHsHTVMLnLa7wOm58e0pfCJu"},{"path":"items/4ks/wp/amethyst/armor/chestplate.json","key":"fG05OoE1jJmNvqdj6pIfa89FwM8kHNyF"},{"path":"items/4ks/wp/amethyst/armor/helmet.json","key":"aK0V9gB3RqMIU8y5dELVVLOWVkSHGOKw"},{"path":"items/4ks/wp/amethyst/armor/leggings.json","key":"fS3LNWlzwsnvoFUZXsBUkJqoOtB9coYU"},{"path":"items/4ks/wp/amethyst/axe.json","key":"iW4ybaJQnwFoB1yx7GLSLXil23vJW7kS"},{"path":"items/4ks/wp/amethyst/hoe.json","key":"mJ557O9XHnOxpK5S2h7YdwBimFKvH02h"},{"path":"items/4ks/wp/amethyst/new/battleaxe.json","key":"sB0aWtlocb6jU12uWRFAKmlW9XyxfCAG"},{"path":"items/4ks/wp/amethyst/new/club.json","key":"rJ6kM42UfNYMY7pBy79Kb1rh4z2ueoVV"},{"path":"items/4ks/wp/amethyst/new/cutlass.json","key":"wU3GLa7PcETywa74N1RgXPpz01Ft9b8G"},{"path":"items/4ks/wp/amethyst/new/dagger.json","key":"wR0RqEqI422XFV30apIF0unXB4VaqJKs"},{"path":"items/4ks/wp/amethyst/new/gladius.json","key":"gH4peadLtrEVCg3aTPy9os5GZ1aKjzgk"},{"path":"items/4ks/wp/amethyst/new/greatsword.json","key":"oL4h3RTfi3FFcFWGz4uOw5VcWPqzakpT"},{"path":"items/4ks/wp/amethyst/new/halberd.json","key":"uS6UMxIfzBZ0FISCuBYio4oJ0BknEFtg"},{"path":"items/4ks/wp/amethyst/new/khopesh.json","key":"xE4qqYtPhH9BsQhII010IVWoqLboTPZh"},{"path":"items/4ks/wp/amethyst/new/mace.json","key":"pH5RUd6EnKehP8RN1gVQ8g37K8tauoje"},{"path":"items/4ks/wp/amethyst/new/spear.json","key":"gT5KRwG8ZAjIVLS5ykYq3Of11fiGRxaL"},{"path":"items/4ks/wp/amethyst/pickaxe.json","key":"aY9BSAT8RXMtj2K1w4erAehLZ9Wxo4hO"},{"path":"items/4ks/wp/amethyst/shovel.json","key":"rZ7O4TcMVIjyqETEoSg7HTHpOqupntzJ"},{"path":"items/4ks/wp/amethyst/sword.json","key":"oL8vVdQjqFZsk7ZpJTOUe8UWivi5Kpvu"},{"path":"items/4ks/wp/amethyst/sword_special.json","key":"bU8hv6aqE0p1cux7gAH8WR8Au2lWrLMY"},{"path":"items/4ks/wp/bedrock/armor/boots.json","key":"qL1Jnz7wMI8AUyFsReOxzRcQQimq6jHd"},{"path":"items/4ks/wp/bedrock/armor/chestplate.json","key":"fF1TC4hw0oP4jOW25HJF3s5Ap7yI5abU"},{"path":"items/4ks/wp/bedrock/armor/helmet.json","key":"eC3PtMX4CXVX1xWvdSj24CbW5WMZH2QH"},{"path":"items/4ks/wp/bedrock/armor/leggings.json","key":"gO90pxtBHYnNpwMJCCY6akIjRaUcGtCR"},{"path":"items/4ks/wp/bedrock/axe.json","key":"eV1I4l9OZhJ7OUAnldPlAfzlrIB8yagF"},{"path":"items/4ks/wp/bedrock/hoe.json","key":"rT9eoS2V3YJ8G0ydMTtQOb1pbezZutMz"},{"path":"items/4ks/wp/bedrock/ingot.json","key":"oM1r0cEZNzZ8nRiYW8N70vhqc7FQJ3U7"},{"path":"items/4ks/wp/bedrock/new/battleaxe.json","key":"pA3YPOgaTKrSn1kgqbTJpqqkq3SBgjdd"},{"path":"items/4ks/wp/bedrock/new/club.json","key":"rT0HFJGpyoYJiMufGZSaY4a0Ee1m1aKc"},{"path":"items/4ks/wp/bedrock/new/cutlass.json","key":"rQ4HrT1ieCCwIB2JbhG1uVvTY4CVZmva"},{"path":"items/4ks/wp/bedrock/new/dagger.json","key":"fW19l7Pg5wsUqkFZ30hZhohnSpwtIfrZ"},{"path":"items/4ks/wp/bedrock/new/gladius.json","key":"mN2HAAiK9l1qvFTw2ytJVI7SB3Juq58P"},{"path":"items/4ks/wp/bedrock/new/greatsword.json","key":"wX1n1VhyHfdsahyebfJfwkfCjv80YzSc"},{"path":"items/4ks/wp/bedrock/new/halberd.json","key":"zY89wNjS7RatYtTiNmecwo6h4a72tLjn"},{"path":"items/4ks/wp/bedrock/new/khopesh.json","key":"gM44HVrtkin3N1oLPetopOACOiC70I8s"},{"path":"items/4ks/wp/bedrock/new/mace.json","key":"lU9TnygVeAFY5B3BAxwJ50aHce3e7vPh"},{"path":"items/4ks/wp/bedrock/new/spear.json","key":"kS8mFh934q2nJxx0Qg5bzyA5LiORgUzQ"},{"path":"items/4ks/wp/bedrock/pickaxe.json","key":"gU7lwIM8FJcFY5hrR21nhNEeCzXYrEUt"},{"path":"items/4ks/wp/bedrock/shovel.json","key":"eJ847ECqvxYJIunXGLNnvHz6RkWptpSA"},{"path":"items/4ks/wp/bedrock/sword.json","key":"fH6pIdECT7RaTwQguY68sFp6y8kvunxj"},{"path":"items/4ks/wp/cactus_sword.json","key":"eV955GgHHQnY4kc5XVkmJ6FVaIOZMZmo"},{"path":"items/4ks/wp/copper/armor/boots.json","key":"fW5QziRl0prRwnwmXVqHrlJ0zI4Q0t8h"},{"path":"items/4ks/wp/copper/armor/chestplate.json","key":"tE3mmwMsauQRRFGgLGcrldp42mE80IoC"},{"path":"items/4ks/wp/copper/armor/helmet.json","key":"pA9dtjBJ2dIOQtzKThHB8YOBpWxHXYyS"},{"path":"items/4ks/wp/copper/armor/leggings.json","key":"sO3syaxXWTSE2MpA5d5cuzxk9X6zY0rn"},{"path":"items/4ks/wp/copper/axe.json","key":"jF2yM7UqLeJ2i2EmUK8FFQ3OU82wQ1Hk"},{"path":"items/4ks/wp/copper/hoe.json","key":"aN2JiASNL4JjZnvMy3m4XW7JZ8gViH28"},{"path":"items/4ks/wp/copper/new/battleaxe.json","key":"rI8yVm72jNpjb9a6Trs6PtWkZLYWyI0h"},{"path":"items/4ks/wp/copper/new/club.json","key":"nL0TLQmz6TERov17bFeGWMfG1CgL6qH9"},{"path":"items/4ks/wp/copper/new/cutlass.json","key":"qE2n0xPWaeEG6eUAlS4zOMiBPWMJqqL8"},{"path":"items/4ks/wp/copper/new/dagger.json","key":"sF4g7HKvq29CMPTHqfLzsRBjx7M8yhtd"},{"path":"items/4ks/wp/copper/new/gladius.json","key":"dG1kehkUm4Vvg4sACwvYY8zx22oVcUtZ"},{"path":"items/4ks/wp/copper/new/greatsword.json","key":"kT0fjWIPg10OoC3hE64fFMNAbFKHBgrE"},{"path":"items/4ks/wp/copper/new/halberd.json","key":"sC9xICKxKiB2SsbsxWOjB6W7WRYrRdZz"},{"path":"items/4ks/wp/copper/new/khopesh.json","key":"tC66GKr2CH6oj5vEEX06rja5QQhxWVq1"},{"path":"items/4ks/wp/copper/new/mace.json","key":"bI3cyqAqfNcYBjECPJKUK45U3BqQLPd1"},{"path":"items/4ks/wp/copper/new/spear.json","key":"nK08AwBUP08OopVdgnXq6EELVpAko9pm"},{"path":"items/4ks/wp/copper/pickaxe.json","key":"gP1GdaR64PWwHfHk18yEvEL3yBY0RXCs"},{"path":"items/4ks/wp/copper/shovel.json","key":"zM66nZxBkpqdbnAX77dj12LGSkIBMN4T"},{"path":"items/4ks/wp/copper/sword.json","key":"lN9YTkxuSm5RLwlLFfffmHb0saQvJlOy"},{"path":"items/4ks/wp/cryo/armor/boots.json","key":"qC7ERN3Ys3YkrroVWZ69aABUVnojC2MF"},{"path":"items/4ks/wp/cryo/armor/chestplate.json","key":"bF66rxKUVIn08l0f9ThkEQ5uUfkNHVbB"},{"path":"items/4ks/wp/cryo/armor/helmet.json","key":"qZ24FuOw5lQTwGpc3l4O3fL4ptauavHN"},{"path":"items/4ks/wp/cryo/armor/leggings.json","key":"aN8IP703FWvT8iNR7XSLPAnn1AfIUiXX"},{"path":"items/4ks/wp/cryo/axe.json","key":"hG2c7XhcymuqsJNEZXIoBm1bV2A6UWEp"},{"path":"items/4ks/wp/cryo/hoe.json","key":"rJ64Glyf2JQoaqF0g28zef2JHmwOuck4"},{"path":"items/4ks/wp/cryo/ingot.json","key":"dK1itdPBi3Q6w6s0fzt5fsr6oLqTU0wa"},{"path":"items/4ks/wp/cryo/new/battleaxe.json","key":"dW8BzVY65Gxfq8GnruJv3JrlUKJYbqxc"},{"path":"items/4ks/wp/cryo/new/club.json","key":"eO4FvhKs1J1GzPzLBCy3HfkRAwON0pf8"},{"path":"items/4ks/wp/cryo/new/cutlass.json","key":"mE9i6ME5hbkV3AjuCEeI5y2W7yVERcrk"},{"path":"items/4ks/wp/cryo/new/dagger.json","key":"zQ3px2A4diuwEHdEKCjWfXdLLJBo8O2W"},{"path":"items/4ks/wp/cryo/new/gladius.json","key":"sC5tAoN1lPiRTUEso9ZEQiek2M4es2f3"},{"path":"items/4ks/wp/cryo/new/greatsword.json","key":"oQ9RePGqkQVFtTG6ApLr8jMateVUOAoo"},{"path":"items/4ks/wp/cryo/new/halberd.json","key":"xA4sub69VJ4RbEfoOAWzIXbEqX5kA8HG"},{"path":"items/4ks/wp/cryo/new/khopesh.json","key":"kF9pYRLLNOxpCfkioWvJSiu0gYhFAYb9"},{"path":"items/4ks/wp/cryo/new/mace.json","key":"hI6sfdxWumRE9bVkml4kQrkxdpLLqhLu"},{"path":"items/4ks/wp/cryo/new/spear.json","key":"aS08kLIYWU3nWnnQZBJggjM67pWIY7j4"},{"path":"items/4ks/wp/cryo/pickaxe.json","key":"zB8ZhQskTfesriCjKq6rdSAlYSjz4Gtd"},{"path":"items/4ks/wp/cryo/raw.json","key":"rM80Eo7sxVnoBQX9zoH9SoNXKEOE8xSp"},{"path":"items/4ks/wp/cryo/shovel.json","key":"qR9CWslO5JL5kwlX5ZV3usWfL5XfI4e7"},{"path":"items/4ks/wp/cryo/sword.json","key":"gN4gCYutepG6IFwedo1vCwuBytLTGFcK"},{"path":"items/4ks/wp/cryo/sword_special.json","key":"tY7V7bbA8QnbsCEF61Qfg9iVxC7OwtA0"},{"path":"items/4ks/wp/demonic/armor/boots.json","key":"hV05OHgGuu56SyXyvIwgwEO7QEw2wPOi"},{"path":"items/4ks/wp/demonic/armor/chestplate.json","key":"iY7FzaXkymk3GCyjbCFHn1IRZBW7hiNi"},{"path":"items/4ks/wp/demonic/armor/helmet.json","key":"lB0qUveN5Yecs8nYvJOMrOAQl0eitSN2"},{"path":"items/4ks/wp/demonic/armor/leggings.json","key":"nU2cvur99lqwC0AsfaCTbEpxyKkbBuN9"},{"path":"items/4ks/wp/demonic/axe.json","key":"eE1agyZet9HaRIEd6WixS8ihQe2SZrOB"},{"path":"items/4ks/wp/demonic/hoe.json","key":"xW5jPsP9jZe03L8idAtJKMIsnlXnc5dl"},{"path":"items/4ks/wp/demonic/new/battleaxe.json","key":"rU4dh5lurEnwg7mgutyc2mQVg94VytOL"},{"path":"items/4ks/wp/demonic/new/club.json","key":"hT7s6GwHiF2l4WxRZpbSAsLrQxzxe4Ic"},{"path":"items/4ks/wp/demonic/new/cutlass.json","key":"pB4fpCNE58J3s2iNC4HVnjoyzaMhr5kn"},{"path":"items/4ks/wp/demonic/new/dagger.json","key":"pV7dH5gRgcOQ4Pj96916qmCtH9wYnt9L"},{"path":"items/4ks/wp/demonic/new/gladius.json","key":"lQ2ydNoQRGqOUzjYpxcMchCjuIJlhpLN"},{"path":"items/4ks/wp/demonic/new/greatsword.json","key":"gB7rEAJippJYP8MrsEO8hNBvRBSbauE0"},{"path":"items/4ks/wp/demonic/new/halberd.json","key":"hJ1xKXhGAqud9FvFljnKzn5tTj7xyPQW"},{"path":"items/4ks/wp/demonic/new/khopesh.json","key":"iL3WjTIwsBAplH8OEPkRO5LqOFoOTnrB"},{"path":"items/4ks/wp/demonic/new/mace.json","key":"jK8NqMcbIVUsnzBOIuKqxYzhmgSqZof8"},{"path":"items/4ks/wp/demonic/new/spear.json","key":"xT17cPwXuCENLF5pZEpOEMltaUZU4zql"},{"path":"items/4ks/wp/demonic/pickaxe.json","key":"bX4IvqNNIvK6ustoXZd9LWMJ3pKJs43P"},{"path":"items/4ks/wp/demonic/shard.json","key":"cO0yCFhTOOWdKOmMu5bOtpaM9xZ3P02h"},{"path":"items/4ks/wp/demonic/shovel.json","key":"gQ4W6KjNtr4992ANcwzMIzhoRBaA348C"},{"path":"items/4ks/wp/demonic/sword.json","key":"pR57aVTliXoSZIxQ0eeB2QAcCQvnfGhW"},{"path":"items/4ks/wp/demonic/sword_special.json","key":"vI0fX0bSE1mgZTZZEWd7n2RrCorEuNCP"},{"path":"items/4ks/wp/diamond/battleaxe.json","key":"pR4Ww6kq4aAwFzeLbBgggtsf7ketnskX"},{"path":"items/4ks/wp/diamond/club.json","key":"gX14eeMgqPuPNlU9CEwij8hwtNeEQuOE"},{"path":"items/4ks/wp/diamond/cutlass.json","key":"mX2V8VfhnXKS2FEiJ8fKd16KqoQlzc4z"},{"path":"items/4ks/wp/diamond/dagger.json","key":"qH6TsANs80vsjgO5P7hiAJn68xmMnrRh"},{"path":"items/4ks/wp/diamond/gladius.json","key":"lH8sJF7sVc2ybQHzs1ziFYxgMLodqXWk"},{"path":"items/4ks/wp/diamond/greatsword.json","key":"bL1i5fz5zZ0ObhPKMFaoz0bsEshnWB6B"},{"path":"items/4ks/wp/diamond/halberd.json","key":"nM5500wjyWd1dZo1stsFfzktgk6nI9gs"},{"path":"items/4ks/wp/diamond/khopesh.json","key":"hO4i4CkUcwYyMUo5SM4nsOpGueyzr634"},{"path":"items/4ks/wp/diamond/mace.json","key":"qA8ZPCS0dxrZvpi0zZqJNYzMqEtR8qx7"},{"path":"items/4ks/wp/diamond/spear.json","key":"hG1563mYhuBYz1pJzHmARpYUjV5A5qGv"},{"path":"items/4ks/wp/diamond_bow.json","key":"qP9cqL6i2Yf2ssptTJ8IO09uoaTYhKks"},{"path":"items/4ks/wp/diamond_sword_special.json","key":"xU4ay2QMCMW8xnWLso5zsnE1zdmQBfiA"},{"path":"items/4ks/wp/dirt_sword.json","key":"uV80Jeo7N8CR3r1XrjNmI17VaIrIlxg0"},{"path":"items/4ks/wp/divine/armor/boots.json","key":"dV3IL1ITlP7d03vuCWo9ynKj6XjELkM3"},{"path":"items/4ks/wp/divine/armor/chestplate.json","key":"lA9hsV5y7inqXiAAiEQrzuuUh5CKF4ff"},{"path":"items/4ks/wp/divine/armor/helmet.json","key":"uS1AVw0h02xBP9oM9GEYibckInrm3Rax"},{"path":"items/4ks/wp/divine/armor/leggings.json","key":"hX0v9gcmp2rzVXTTfl3OPNSbFit1J5fU"},{"path":"items/4ks/wp/divine/axe.json","key":"cL1KffBYZNqi5FgeUKMJ1ZYqSSHg15wi"},{"path":"items/4ks/wp/divine/hoe.json","key":"pS1eZkwnTOU0j5FfvU2Efr5yuwsnHT4y"},{"path":"items/4ks/wp/divine/new/battleaxe.json","key":"aC3EHnQURnKrhWjthLXTtV79ldoIjqS3"},{"path":"items/4ks/wp/divine/new/club.json","key":"gS1vbwW8EJcPTnk37s9dARkxWKOt3ZVQ"},{"path":"items/4ks/wp/divine/new/cutlass.json","key":"rM3TXFsX5WFYSsRn790UUJT4rCHBdniQ"},{"path":"items/4ks/wp/divine/new/dagger.json","key":"fY3cBmcLRU2jsaXkRg0M9resMqjy7PzM"},{"path":"items/4ks/wp/divine/new/gladius.json","key":"nY2izQIOTI2yvnUMW9SxW2ivp072S4tr"},{"path":"items/4ks/wp/divine/new/greatsword.json","key":"hA1gLg2f1eaKgAynMHX0rBEgBBiehsQK"},{"path":"items/4ks/wp/divine/new/halberd.json","key":"rY8KLbz9ZvBEbmaQlP169xaXymcPZusO"},{"path":"items/4ks/wp/divine/new/khopesh.json","key":"uL71og7EeqSIAPvbElpo7mr0BKAlFygq"},{"path":"items/4ks/wp/divine/new/mace.json","key":"rK486oFsLJC0cVbd1637xG4QdK7H02Xx"},{"path":"items/4ks/wp/divine/new/spear.json","key":"qF0WVnAd3COZI7k1E1ExrAfkTUWUwy8b"},{"path":"items/4ks/wp/divine/pickaxe.json","key":"cS1ptYR9o7ffY7WvrsfYd8CE51ggklWe"},{"path":"items/4ks/wp/divine/shard.json","key":"qY903GC3Q59HeFLqR0PZbgL8kHXKmpvh"},{"path":"items/4ks/wp/divine/shovel.json","key":"oS4BMsIflbk27EOnUXyOr0EVrLwS5iev"},{"path":"items/4ks/wp/divine/sword.json","key":"zM183K5jI0FBmS5Lv3FrMMNk578q0psa"},{"path":"items/4ks/wp/divine/sword_special.json","key":"aV1i9c2pTBpnZqwuFvQVCv8reIHsTXPZ"},{"path":"items/4ks/wp/dragon/armor/boots.json","key":"yZ9A7pseSvvwRFqwwwT7dKwGhOA9awOS"},{"path":"items/4ks/wp/dragon/armor/chestplate.json","key":"qX2nwRAVpunzTvFrItWVSwug6zOtS6vz"},{"path":"items/4ks/wp/dragon/armor/helmet.json","key":"aT79cJPOJclMiva83kjKg8XUhHSXRHcd"},{"path":"items/4ks/wp/dragon/armor/leggings.json","key":"fM1wJWMUWQBCA7lgxxwSxyj8H6rCIF0Y"},{"path":"items/4ks/wp/dragon/axe.json","key":"tV6XGxVkfoyQrCflOnBYo6Vxs9mITwXx"},{"path":"items/4ks/wp/dragon/hoe.json","key":"xC4ybFSp4Uo64gBOvCia3kbhttO3Gf0y"},{"path":"items/4ks/wp/dragon/ingot.json","key":"qU7OjNEUEKJeoNdKlVoIL5EWbyzEff0q"},{"path":"items/4ks/wp/dragon/new/battleaxe.json","key":"jJ2s6ZfmFiu3PfXGWEPXn3GkV7aIOfZA"},{"path":"items/4ks/wp/dragon/new/club.json","key":"yK5rlxnvJG7oMMAVILSy70K9XCJjbn6R"},{"path":"items/4ks/wp/dragon/new/cutlass.json","key":"iA977QdMayEOeQ4MHPpjcIwQLG0wl5gA"},{"path":"items/4ks/wp/dragon/new/dagger.json","key":"pL4HYINRgLLgjpWMg3pZoVWZZ4k5qV4j"},{"path":"items/4ks/wp/dragon/new/gladius.json","key":"yK4Cq7ZiJSWRQRIRgV6npYKV07rW4Z8y"},{"path":"items/4ks/wp/dragon/new/greatsword.json","key":"gO778hJ58bLg7xaBUoY0JFp9hoIPaRzn"},{"path":"items/4ks/wp/dragon/new/halberd.json","key":"eL37nA8JbzscXzbuJ1PtPbJpEXx2IOI8"},{"path":"items/4ks/wp/dragon/new/khopesh.json","key":"vG4lkUkv3NEAK36nTNNMV89SS9GAzEic"},{"path":"items/4ks/wp/dragon/new/mace.json","key":"eK2402MJqIXi5oSzggNTmPsd5dXkGQk2"},{"path":"items/4ks/wp/dragon/new/spear.json","key":"jW7kWVZuSdbPHQ2g90YYKxmjXTV3H2W5"},{"path":"items/4ks/wp/dragon/pickaxe.json","key":"rC4jeSNwLBj51bAZpxWUaRTdO0R5oLgU"},{"path":"items/4ks/wp/dragon/scrap.json","key":"aB8ggP4YnMUWmwh7Qc03E2RzbIz4dNB3"},{"path":"items/4ks/wp/dragon/shovel.json","key":"pH6ovxgJQcQ9NiTf2CN7iCk8Kcsp0ydt"},{"path":"items/4ks/wp/dragon/sword.json","key":"zM3YGpH5PwvREJKRJA1MJKKhC6I3tARv"},{"path":"items/4ks/wp/dragon/sword_special.json","key":"zY0ktME4G2Qr6kgXX115ukgEL0XZHQ9o"},{"path":"items/4ks/wp/emerald/armor/boots.json","key":"jC5l3imOf3xBTH1z0UJIoCUfNgAgSXns"},{"path":"items/4ks/wp/emerald/armor/chestplate.json","key":"vU6yJvdogsy1F16BcdsHUF2oCBYARe4F"},{"path":"items/4ks/wp/emerald/armor/helmet.json","key":"yM7UctXY6d2Li3wJv4X9BYAJzFnnHzEa"},{"path":"items/4ks/wp/emerald/armor/leggings.json","key":"fY4CzxV69s4VbMv4okuUPM08UCAqmGKz"},{"path":"items/4ks/wp/emerald/axe.json","key":"pH9nBwA04bwfdHfwHqsSTWTG2MwgtFCG"},{"path":"items/4ks/wp/emerald/hoe.json","key":"lZ69nxzEfXhKJWjGMO6REuZd6ytSxPJe"},{"path":"items/4ks/wp/emerald/new/battleaxe.json","key":"hX4szwzckEKbhdrOgNYpaKbgLB50rRmk"},{"path":"items/4ks/wp/emerald/new/club.json","key":"gB3kfy21UjaHWZsfYpBMpjh7xCZjMmrC"},{"path":"items/4ks/wp/emerald/new/cutlass.json","key":"lT6EkVujqzVW4RHHS03eREgOg5YCL7Ns"},{"path":"items/4ks/wp/emerald/new/dagger.json","key":"sZ4jIjT4TSVrwbkEyI3g2og1ylTxV4iX"},{"path":"items/4ks/wp/emerald/new/gladius.json","key":"kK7USgzTb6cIEak76cbO1XtM5Nqki7TG"},{"path":"items/4ks/wp/emerald/new/greatsword.json","key":"fX9WFqwqy4HXTnKt2rCzdJPrrCFLPOXg"},{"path":"items/4ks/wp/emerald/new/halberd.json","key":"bM1TmupBGG93oX9K91fzPMBXzGcIY9ii"},{"path":"items/4ks/wp/emerald/new/khopesh.json","key":"sH7PnkkqK9H8phTbvYtKz3grE1aA52Ib"},{"path":"items/4ks/wp/emerald/new/mace.json","key":"wZ5HQUL4iCTTTXxHSwWKWPulolFFccVa"},{"path":"items/4ks/wp/emerald/new/spear.json","key":"jM0ts2T6fvpSa4cBtBhcy4CtHPuW3QzO"},{"path":"items/4ks/wp/emerald/pickaxe.json","key":"aO4E3m6S1KIHGkwmFMunyJQkIPlt1oho"},{"path":"items/4ks/wp/emerald/shovel.json","key":"sI0dN4AFq8jmnFMyWAnuo41fkY7wfWEa"},{"path":"items/4ks/wp/emerald/sword.json","key":"sL4PsLBM3owsGoAQ4mJE5w9CO42aUmL8"},{"path":"items/4ks/wp/emerald/sword_special.json","key":"oN4EeYcT6GGQhf28cdJV96itXXjBwhNk"},{"path":"items/4ks/wp/flame/armor/boots.json","key":"jU3rTGsG3Y3xdSolikHHFR077JWkN3U4"},{"path":"items/4ks/wp/flame/armor/chestplate.json","key":"yX8LyyWkAbC0d0Fk0YoN2vrLmb7tIaaL"},{"path":"items/4ks/wp/flame/armor/helmet.json","key":"qN7qLJBalU2QRt7OhaOi6XCux7X8u8BX"},{"path":"items/4ks/wp/flame/armor/leggings.json","key":"tU3WLiiopA217u3vmFMUbVIxaoWUYU90"},{"path":"items/4ks/wp/flame/axe.json","key":"fW9MW7Vr7zHEk8r4kd9GZfRP9Pe4vNG6"},{"path":"items/4ks/wp/flame/hoe.json","key":"vG51QLJPoQbp7xQh4vJqwCGdeiC66gwC"},{"path":"items/4ks/wp/flame/ingot.json","key":"gX6vMcElUfmqnFLFrIqmwUOkQ0OQf1rs"},{"path":"items/4ks/wp/flame/new/battleaxe.json","key":"zW9Gm9p4Ckkt3USvpG2UIuJTrto25kEO"},{"path":"items/4ks/wp/flame/new/club.json","key":"uC4PGg6b8ZBx2vg3oh6dp98S7iSH9HgX"},{"path":"items/4ks/wp/flame/new/cutlass.json","key":"sM7en0EUAAAzeu0vINqYURO6dP1d2JCr"},{"path":"items/4ks/wp/flame/new/dagger.json","key":"lQ7ROZtMtkhHG7swMmC1PHKsYPJI7Bo4"},{"path":"items/4ks/wp/flame/new/gladius.json","key":"dB9sK1B1wfyu3zTIB0SVIvrz8Xk23NNd"},{"path":"items/4ks/wp/flame/new/greatsword.json","key":"gJ1tnNVRsqOrj6ljEz2XO0N4TbdZoMSu"},{"path":"items/4ks/wp/flame/new/halberd.json","key":"nN5m93gMYvYpF9AwIHC8PdxZMM5GIqR4"},{"path":"items/4ks/wp/flame/new/khopesh.json","key":"bA0SybiW8uG6zQJQ9BHTuVdtOlsFL26g"},{"path":"items/4ks/wp/flame/new/mace.json","key":"lU0p8BrsjMYa0X6qpMXTFmhdYBxz6OT6"},{"path":"items/4ks/wp/flame/new/spear.json","key":"wW1A6jdLtpNF82x4LY0c6E8LUebBpjIN"},{"path":"items/4ks/wp/flame/pickaxe.json","key":"dN4lUz9kWNOthft9nmsnHhJIRFZXuEGv"},{"path":"items/4ks/wp/flame/raw.json","key":"eQ0xOnu4pfPi4uxpbn8JHMcoXqkXxTAI"},{"path":"items/4ks/wp/flame/shovel.json","key":"oA2w3erk3iggAdIckz4VG1p37vknUkZG"},{"path":"items/4ks/wp/flame/sword.json","key":"mA7bnYRIcMGx3FzGMhrLtd22aicyLH6h"},{"path":"items/4ks/wp/flame/sword_special.json","key":"mU8c9B6jz2IRMrVW5R2NIEms56S7NYpc"},{"path":"items/4ks/wp/glowstone/axe.json","key":"sQ5NPSbU7f4xfFpxtwznKRVHQt3eyZaO"},{"path":"items/4ks/wp/glowstone/hoe.json","key":"sS1131tGxkKl3UmH8fO8tbbhePGcvJpd"},{"path":"items/4ks/wp/glowstone/new/battleaxe.json","key":"nV7P8j1YInCGYru1iYdK2pROs7Uo2HWv"},{"path":"items/4ks/wp/glowstone/new/club.json","key":"yG7xVQlbzbk2YGfhLTSl0zZUmVNpt3ss"},{"path":"items/4ks/wp/glowstone/new/cutlass.json","key":"tC0QM58URIFIq4uNyW2UPSu2PX709l9O"},{"path":"items/4ks/wp/glowstone/new/dagger.json","key":"wX1Xygbr0kb42270aMcmTCHjuaChdYUt"},{"path":"items/4ks/wp/glowstone/new/gladius.json","key":"gE077oIgOS3W4FQnMtWZG8KGPYh7A5Y1"},{"path":"items/4ks/wp/glowstone/new/greatsword.json","key":"wF3ZH6GdTAgiiZjYSLllU4ilAwIWPVk7"},{"path":"items/4ks/wp/glowstone/new/halberd.json","key":"jS8P1bqM2mMlRfnZkNUHRVOjWnpnuJxj"},{"path":"items/4ks/wp/glowstone/new/khopesh.json","key":"aF8sXcMcuxYvoieVTcUq6p6elfzf3Pai"},{"path":"items/4ks/wp/glowstone/new/mace.json","key":"yI0T15ch46iJZB91yP1thuC4zUONfH0H"},{"path":"items/4ks/wp/glowstone/new/spear.json","key":"qL12TCifL297P070sXnKdAPUOtQure3m"},{"path":"items/4ks/wp/glowstone/pickaxe.json","key":"gX3VUHHAvXZGCT2z1LgN1jtpm2KEIAY5"},{"path":"items/4ks/wp/glowstone/shovel.json","key":"tY9OMLWoMY52sia0A1mds4T7wVa3BLCO"},{"path":"items/4ks/wp/glowstone/sword.json","key":"zI62n819da363lsnxGy5cTiZhvOSOKkV"},{"path":"items/4ks/wp/glowstone_sword.json","key":"uQ7ezTfe9BJjByfSqnoiEB0fwVH6AIcz"},{"path":"items/4ks/wp/gold/battleaxe.json","key":"gJ888pLxLZllyNqs2FuFxcZ9c8WBeCCG"},{"path":"items/4ks/wp/gold/club.json","key":"uY6R2fjbbcBaOKUIeArem0ln0xmonP7w"},{"path":"items/4ks/wp/gold/cutlass.json","key":"yW2XhzZHSe5HXsPEeBLftnIBsFJTRHVp"},{"path":"items/4ks/wp/gold/dagger.json","key":"yR25mbIp6d6ZBbhrQR0T7ToPkXGFrlqc"},{"path":"items/4ks/wp/gold/gladius.json","key":"wT6mSkJQBQRfoXAx4MXvS52blit4MYyx"},{"path":"items/4ks/wp/gold/greatsword.json","key":"dZ3mHQj6cR3FQ6Kcp0nSdgsGhu8jlWY6"},{"path":"items/4ks/wp/gold/halberd.json","key":"dO9uP5PMF3Y0mQSRp0JFyivU2I9TPQEo"},{"path":"items/4ks/wp/gold/khopesh.json","key":"lR8HbkHWq2f2wkSYafnPtpsnBhqNJe0H"},{"path":"items/4ks/wp/gold/mace.json","key":"nN5wZLixHMCBrmfvo7k8unZvcRZgvL7S"},{"path":"items/4ks/wp/gold/spear.json","key":"vI4M82XYnFpxA6AmdMW9F2SueMT9fZKt"},{"path":"items/4ks/wp/guidebook.json","key":"sG0AzFjQWBjXexiZds16KZf00meK3jST"},{"path":"items/4ks/wp/iron/battleaxe.json","key":"mZ6TwiASL01LRt6OBfowmHrEhT8CCdWM"},{"path":"items/4ks/wp/iron/club.json","key":"uL5rdkoMKf31HRBiirbFGp7J4CLhvZJa"},{"path":"items/4ks/wp/iron/cutlass.json","key":"aO4MMsQzbY8nCOX6bN32VVIoE4BJ90FK"},{"path":"items/4ks/wp/iron/dagger.json","key":"fF0xd3dqy1t1UBpb260NPvtOatlqnOcY"},{"path":"items/4ks/wp/iron/gladius.json","key":"sO57rxqCuLfdbshlyYBPtQlCSN4QFO8L"},{"path":"items/4ks/wp/iron/greatsword.json","key":"uC0XQIxuJ5lRzbI0xeKjosujXd7gCZXe"},{"path":"items/4ks/wp/iron/halberd.json","key":"xO6BVkrdo1mc8owbOj6hvqyw1Qc9ppSN"},{"path":"items/4ks/wp/iron/khopesh.json","key":"jF4V8QLR7qy1CnZv1HnNJTkbHUkSUTvF"},{"path":"items/4ks/wp/iron/mace.json","key":"rG2GA2GE9B3Is6EZmTGbcHiw7Sw3mn1N"},{"path":"items/4ks/wp/iron/spear.json","key":"kC1SZxqfMQHubmWdk0hIennGK0GK6Zg8"},{"path":"items/4ks/wp/lapis/armor/boots.json","key":"mK1IMiKhu7ZSfajyQN6yciqco9rARXwg"},{"path":"items/4ks/wp/lapis/armor/chestplate.json","key":"kY60GF9AiojjcPrKe8GNlTPf1xFmRMvI"},{"path":"items/4ks/wp/lapis/armor/helmet.json","key":"mM05TdR6TjcpcAWE10SwVoG34IRc6Fyc"},{"path":"items/4ks/wp/lapis/armor/leggings.json","key":"pK7T09BvczkPkvTqZWgECdUldl4w7xtR"},{"path":"items/4ks/wp/lapis/axe.json","key":"oO2mggQkntTbY8plyX2gZHCUboniJHCV"},{"path":"items/4ks/wp/lapis/hoe.json","key":"pE3eqpriBpIThXOL7RCf54LWaPKxSCgX"},{"path":"items/4ks/wp/lapis/new/battleaxe.json","key":"tF5XBOfVeBHeTAsG1iiv2aHf3vP52V1v"},{"path":"items/4ks/wp/lapis/new/club.json","key":"rY41rwc6yQPlU9AUAqHr3Po9yI61EYHJ"},{"path":"items/4ks/wp/lapis/new/cutlass.json","key":"hK54R6eva9Jn4P68zlRrL0IlbjYQuS3r"},{"path":"items/4ks/wp/lapis/new/dagger.json","key":"qB5oZKYEWefwb1J3k7ZnkWyRx9UboQe2"},{"path":"items/4ks/wp/lapis/new/gladius.json","key":"kC16CzioWaf07xhEOkKP7qSvwi5RPOFa"},{"path":"items/4ks/wp/lapis/new/greatsword.json","key":"gY5qhv0AqGVXNFuEAaMaqeCtvLcR5j2F"},{"path":"items/4ks/wp/lapis/new/halberd.json","key":"yB0RPHNrrIZ0LY6d6zfOm6RiGrZR8KPo"},{"path":"items/4ks/wp/lapis/new/khopesh.json","key":"cU1tIvB9R9FT9UuxbrSlcJId5pHSwRVK"},{"path":"items/4ks/wp/lapis/new/mace.json","key":"fI9TGOp6BZCzoJKcpdEGsl9ZkwrRPjOl"},{"path":"items/4ks/wp/lapis/new/spear.json","key":"fU4osSziF9YJKASPeaFabLpKpnQh3coY"},{"path":"items/4ks/wp/lapis/pickaxe.json","key":"gO5a2H1jFiRLRVHlgIqFj8BaQswLvjqc"},{"path":"items/4ks/wp/lapis/shovel.json","key":"gS4pTdNi84dQQ9C3USsc8wTYTApqIzea"},{"path":"items/4ks/wp/lapis/sword.json","key":"iL8wAZFQaCANV9lHL7hFto7dF3qbtrHP"},{"path":"items/4ks/wp/lapis/sword_special.json","key":"hP4AgkWXLOTbf2jFYT6sbYbhvZXE0JIX"},{"path":"items/4ks/wp/netherite/battleaxe.json","key":"zC1KYZYaQ5fr0MrN2GPzeO878R1Of40i"},{"path":"items/4ks/wp/netherite/club.json","key":"fA0TTdPQ16sguwhu2oJqFNOfWYzXE9sh"},{"path":"items/4ks/wp/netherite/cutlass.json","key":"eU6hboplazzm3XbdVJYM1qyut8Gvq6Cd"},{"path":"items/4ks/wp/netherite/dagger.json","key":"tO0AIG1L1IqTmJfpvTH8A162Q3YzgGXi"},{"path":"items/4ks/wp/netherite/gladius.json","key":"gU3bgod5cNRtdNomrP4FULOQWgtYPy40"},{"path":"items/4ks/wp/netherite/greatsword.json","key":"wM34UdJvajgMjAhmn5ZmEqxsVgZOWxOa"},{"path":"items/4ks/wp/netherite/halberd.json","key":"eT4SOs7WnGotGIFqejj7PTIlSgklWzP4"},{"path":"items/4ks/wp/netherite/khopesh.json","key":"jR2ATQWwKCtnNC0gRpfm89Qb1W3gZox3"},{"path":"items/4ks/wp/netherite/mace.json","key":"pJ9xcbNGm4ALvxHmQBKgH78SNAYyVeJR"},{"path":"items/4ks/wp/netherite/spear.json","key":"kE02JSch4Ik1CBuYGExg2f5yftQpQmwT"},{"path":"items/4ks/wp/netherite_bow.json","key":"yM1ARvSAO5hnrwtKgSR1MBPedpsPqL3v"},{"path":"items/4ks/wp/netherite_sword_special.json","key":"wG7G11rPHS1Y7dcQV3cj7k9qZa63BHsB"},{"path":"items/4ks/wp/platinum/armor/boots.json","key":"pQ2gXZpgEbPmU0JuGyP4HKMBEgjBmqcG"},{"path":"items/4ks/wp/platinum/armor/chestplate.json","key":"hR9o1OYEXxalj4nBI7JkXemycw441NNt"},{"path":"items/4ks/wp/platinum/armor/helmet.json","key":"pI1aayPEjV5ytegbUASW3K95M3Nhdx2h"},{"path":"items/4ks/wp/platinum/armor/leggings.json","key":"xQ2Z5Kw1725Q4T4CEfTkIYQWHO7feV4l"},{"path":"items/4ks/wp/platinum/axe.json","key":"cJ00pcxCeqNWHGESGndrz7znO8QdK0nk"},{"path":"items/4ks/wp/platinum/hoe.json","key":"sI37yqSm7myFy8CyjdP6A9vMMQMAj0Ut"},{"path":"items/4ks/wp/platinum/ingot.json","key":"wF4Vlg42aT71w4K2QWl4MSyZaWT73hrb"},{"path":"items/4ks/wp/platinum/new/battleaxe.json","key":"cG5TI2biaMuZbra3SqmcOT0EKyqI93eQ"},{"path":"items/4ks/wp/platinum/new/club.json","key":"lY0NyWdG64PUaEo52LbNBPWo4s8zwbWr"},{"path":"items/4ks/wp/platinum/new/cutlass.json","key":"cA8aEr6epEFKlOgae8BRjVR6Mg95gOC8"},{"path":"items/4ks/wp/platinum/new/dagger.json","key":"uI5zKv1ioVPZL5YuTdL3IitvUriP2I1F"},{"path":"items/4ks/wp/platinum/new/gladius.json","key":"oR2ajF3Y6j7IFJbG7m9E9yd2IWVnShe9"},{"path":"items/4ks/wp/platinum/new/greatsword.json","key":"aT4T3FhFQqdSAW00UVAs08jsr8ubpMdl"},{"path":"items/4ks/wp/platinum/new/halberd.json","key":"dE2Z6wpusFj0WbYAynma7XSIiz1KRpOt"},{"path":"items/4ks/wp/platinum/new/khopesh.json","key":"mZ2kWKPBxOukr60juJPty1Csa1JHQUup"},{"path":"items/4ks/wp/platinum/new/mace.json","key":"gP4yl0tScR7W5XIhxCob1rvn2vBvFK31"},{"path":"items/4ks/wp/platinum/new/spear.json","key":"nH5nNeSx3NvGOlnqy7zFHj9wtmOZkW8p"},{"path":"items/4ks/wp/platinum/pickaxe.json","key":"xP4ES14L1eoOw0OX2zrS3AfyMjUUIzHp"},{"path":"items/4ks/wp/platinum/shovel.json","key":"cF4xeGvsTuygbzA0S2GkwfVzKFxMQrr4"},{"path":"items/4ks/wp/platinum/stick.json","key":"sT6gE5drIgAwzM31hqBeMbhBnduvt8lv"},{"path":"items/4ks/wp/platinum/sword.json","key":"vH3Qe5g6JKVxqPfbTddcNxbERwWuGPZ3"},{"path":"items/4ks/wp/platinum/sword_special.json","key":"zW5ThL8U2PYclpsHPsEvOmGVUPr4VWNq"},{"path":"items/4ks/wp/quartz_stick.json","key":"gX6MkcwllpHAl9jXb83eNXLnpbLZw5oA"},{"path":"items/4ks/wp/ruby/armor/boots.json","key":"dZ1Jkt1NMHOyt6pGikhY8PKtoenF34lB"},{"path":"items/4ks/wp/ruby/armor/chestplate.json","key":"gT2aVBbqux86Aolg7vQ6ZW65dnptrJbz"},{"path":"items/4ks/wp/ruby/armor/helmet.json","key":"hN4dYLzcgFCBBmLitA5494RTBrZxA9sU"},{"path":"items/4ks/wp/ruby/armor/leggings.json","key":"qR1mgUKmwRBvotw2dLCjnMuknLm1qfRW"},{"path":"items/4ks/wp/ruby/axe.json","key":"eT47hTMho9sKgmI7GsjQmI088eGz8PAd"},{"path":"items/4ks/wp/ruby/hoe.json","key":"fX6CugHNZsJv2zFuAj0vW4eRckpV02xo"},{"path":"items/4ks/wp/ruby/ingot.json","key":"fB7zH6ZLVB2keJV7e3UMLKiCSyZ7SRPK"},{"path":"items/4ks/wp/ruby/new/battleaxe.json","key":"tB12rrZh0XrcRTncI9xW1Pqn63v2XIdI"},{"path":"items/4ks/wp/ruby/new/club.json","key":"eL0Lk6Qyr1Xgz0fTVClcEzHuVYaca2qn"},{"path":"items/4ks/wp/ruby/new/cutlass.json","key":"aU2IPOnYsVQaWfrPHSZofhU3bgUzIgbA"},{"path":"items/4ks/wp/ruby/new/dagger.json","key":"mP4fSzVJEwIJdxlNoJKjwVIojCo3s0vH"},{"path":"items/4ks/wp/ruby/new/gladius.json","key":"fY7uBzojNYIhohM0PPwIpOVEQQp4xqe3"},{"path":"items/4ks/wp/ruby/new/greatsword.json","key":"zU0STY2EPZ1gpCubYsFmBTGAgyonKYTU"},{"path":"items/4ks/wp/ruby/new/halberd.json","key":"gB9WEiE9sQVSV0NaLElMISEPVvV8x8lG"},{"path":"items/4ks/wp/ruby/new/khopesh.json","key":"tQ1yE4C9k3uuCvt2WHGjphahVE36Z4rO"},{"path":"items/4ks/wp/ruby/new/mace.json","key":"eR2eU94hMTaiBpC0jOcKq6HmXkzo4KJb"},{"path":"items/4ks/wp/ruby/new/spear.json","key":"iE3riipt5EXJMWH5qrhu1mYHCbqzKTrs"},{"path":"items/4ks/wp/ruby/pickaxe.json","key":"vL372d0jkK36M9q04YerE7ZlgbvoOcRL"},{"path":"items/4ks/wp/ruby/shovel.json","key":"kB8LkG7vcFtW0wpCpXEPaXMrZGH91lTa"},{"path":"items/4ks/wp/ruby/sword.json","key":"jQ0V3mjbumZAGSE7M4hylbFyilkkL7zd"},{"path":"items/4ks/wp/ruby/sword_special.json","key":"qU78EoRxjv2fVBPyBL7fApunktEy2lfB"},{"path":"items/4ks/wp/sapphire/armor/boots.json","key":"nW1JuokAnkxxSbr1MXKn97NmqJh4axUk"},{"path":"items/4ks/wp/sapphire/armor/chestplate.json","key":"wY6g3b8K3xCJTsCv0oOCf8Ou4u77K2Pj"},{"path":"items/4ks/wp/sapphire/armor/helmet.json","key":"tY21IijU2q3Q0kd5Cf7wlQSCoFSYMVHK"},{"path":"items/4ks/wp/sapphire/armor/leggings.json","key":"uI8KIvetXfKfFnBvYCzSzVxUqyI7QYaC"},{"path":"items/4ks/wp/sapphire/axe.json","key":"rO4eYYAsRXK1Jru8LePFz50zLOXIVnWp"},{"path":"items/4ks/wp/sapphire/hoe.json","key":"fX0aXf3Bnm5oU0jm0rTCIhMAiROEmZjr"},{"path":"items/4ks/wp/sapphire/ingot.json","key":"zQ5CIKUlupkGLarnYm3gS2FKlLS6w5Ex"},{"path":"items/4ks/wp/sapphire/new/battleaxe.json","key":"wM4UyLz6N8su00d94w2Vzic5b2gPP2x4"},{"path":"items/4ks/wp/sapphire/new/club.json","key":"lZ9ZizHZRQX6R6MBSB1yrIpx6u2B3UMz"},{"path":"items/4ks/wp/sapphire/new/cutlass.json","key":"jR60rXwQWdWst3MFmXo54vGfWT8woxXX"},{"path":"items/4ks/wp/sapphire/new/dagger.json","key":"sO9MPWXYhh4f33YGabxj0muzdjXGX3fB"},{"path":"items/4ks/wp/sapphire/new/gladius.json","key":"dS0ozgMiaS5oG2QwTtKk6FHKZPQXLUjf"},{"path":"items/4ks/wp/sapphire/new/greatsword.json","key":"jK3LQmyjOh2R6IQB7S8otd53KmjdJ1i0"},{"path":"items/4ks/wp/sapphire/new/halberd.json","key":"yK04PlxShveIHaNbna2F0G9NiKe5WrYk"},{"path":"items/4ks/wp/sapphire/new/khopesh.json","key":"cK0AmgiYWUPtnouOE1HvbYd9RhfMtBFj"},{"path":"items/4ks/wp/sapphire/new/mace.json","key":"qG0MsBLeElJHKP7dtvrvzmKJKdKIXoF6"},{"path":"items/4ks/wp/sapphire/new/spear.json","key":"xF6NgKyeG4LIPH0IyU0PnYq7Zh6OBBJ4"},{"path":"items/4ks/wp/sapphire/pickaxe.json","key":"cF8fCLSjON9SfywwmiZTdMPwnS9fbzi4"},{"path":"items/4ks/wp/sapphire/shovel.json","key":"rZ5uoiR6s5A1dAf1urkoURE1BUQL52X5"},{"path":"items/4ks/wp/sapphire/sword.json","key":"xR1bbTYLszyYdljif8ZdiHeEo2s5vRSa"},{"path":"items/4ks/wp/sapphire/sword_special.json","key":"zL7XRTIlpXWV3b3kIC68nCvrA93zN02N"},{"path":"items/4ks/wp/steel/armor/boots.json","key":"kZ5VfR28eZ4gLokyrXYesfE3vm2TPYZK"},{"path":"items/4ks/wp/steel/armor/chestplate.json","key":"kT8Gd8Ro5BO5qg8I5SnhRdItN8sdxtvn"},{"path":"items/4ks/wp/steel/armor/helmet.json","key":"bM5yrQjT2CqIcZKpnU0LgGXfsXxJU9xp"},{"path":"items/4ks/wp/steel/armor/leggings.json","key":"zF4kjY27aTqq0CaMRrSJnpm3x3Ys0dPi"},{"path":"items/4ks/wp/steel/axe.json","key":"vM3HyFTjbg1nCOhGXkl93h52OFOTBLFx"},{"path":"items/4ks/wp/steel/hoe.json","key":"oU6AjrpRWwoi6QYc8qiU8ikusZBsIcsa"},{"path":"items/4ks/wp/steel/ingot.json","key":"zB6oi5rBI6F3lhrGUQ584SCKKQEobYdf"},{"path":"items/4ks/wp/steel/new/battleaxe.json","key":"hA0LUEuiaYKTvNL1NGV2xQg2Si40rqLB"},{"path":"items/4ks/wp/steel/new/club.json","key":"bV5wzZmOUlLVmJvd0nIyO9yN3GTgAUJM"},{"path":"items/4ks/wp/steel/new/cutlass.json","key":"lP2SZtU8x3T3KS6EHfkyWK1cIwnI6alN"},{"path":"items/4ks/wp/steel/new/dagger.json","key":"eJ6EXIAe8JkWd5AVo11CPp2jLI2tLdnG"},{"path":"items/4ks/wp/steel/new/gladius.json","key":"rP9aPmeYIZuTIQUSGWfmgITV63eEgdV2"},{"path":"items/4ks/wp/steel/new/greatsword.json","key":"dL0R3vY8GFo1v9JPSvgCXf8lXh74LFX5"},{"path":"items/4ks/wp/steel/new/halberd.json","key":"iQ8igXXkVywUiN4SVKuEQX24pxkf3X7T"},{"path":"items/4ks/wp/steel/new/khopesh.json","key":"rK3bHRULZ1RK4VvnxUqLktLgCb8josP3"},{"path":"items/4ks/wp/steel/new/mace.json","key":"tP8MFgYz6aXwvbrwilE1c59ghUrwMTQP"},{"path":"items/4ks/wp/steel/new/spear.json","key":"vK1vWnWLvZV0xWOQY29eZEc81z9vCK6r"},{"path":"items/4ks/wp/steel/pickaxe.json","key":"sV5evnpEyOeHFjN2forxXcwVLw3WMgIY"},{"path":"items/4ks/wp/steel/shovel.json","key":"pV1QgT3y91LHjYlvEzy8Nl1p7GeIlab7"},{"path":"items/4ks/wp/steel/stick.json","key":"rQ0YYoMSnzrkmIUHRqzO0qwU3dLhOuV2"},{"path":"items/4ks/wp/steel/sword.json","key":"nH1Eug4x5WFGQ5IgWcj3cNELq139yFbh"},{"path":"items/4ks/wp/stone/battleaxe.json","key":"rR0RISYPbFocGXW0j74fZrQ7bwAFdztK"},{"path":"items/4ks/wp/stone/club.json","key":"nF2zGY3ut2dTKVannsiC94kjrPQFscqN"},{"path":"items/4ks/wp/stone/cutlass.json","key":"nG9GwNSiIFpNWLi0zN1pH8BUm1OLGBFa"},{"path":"items/4ks/wp/stone/dagger.json","key":"bA8WkxtA4alGg57wm7O5XIAT9KZ4d5a9"},{"path":"items/4ks/wp/stone/gladius.json","key":"bW7gQPEkRluRTLv8inqTJ3RgbNKMxLba"},{"path":"items/4ks/wp/stone/greatsword.json","key":"wM2ys8md2CcOQ7YPF5eGMjYZFQ23h0Oy"},{"path":"items/4ks/wp/stone/halberd.json","key":"vJ6UxT7FPVxcTt31CAj2T9gqQE1ZKoH2"},{"path":"items/4ks/wp/stone/khopesh.json","key":"gE28MLaC17wCQqL9gEPrwNBr9nCguewL"},{"path":"items/4ks/wp/stone/mace.json","key":"wY0YC5ETtvK0X4pX7cTAP9pg5z2Hdxyb"},{"path":"items/4ks/wp/stone/spear.json","key":"sX1WSsYMy41zEs2EGiM9P9kb4QHVKrem"},{"path":"items/4ks/wp/upgradium/ingot.json","key":"bX6iRbK4fLsH6qktMVC6VfjR6QbRNgAH"},{"path":"items/4ks/wp/wood/battleaxe.json","key":"nW04WizJXHE93Z7S5o5nglGqThOKT6mz"},{"path":"items/4ks/wp/wood/club.json","key":"dH1KCfQh6cPGVrnGHyqlp5fHO3CuL1ZG"},{"path":"items/4ks/wp/wood/cutlass.json","key":"oW7KRsbJT1eaabWKgY0hggI2msMF2oqy"},{"path":"items/4ks/wp/wood/dagger.json","key":"xY34I9tmv9OmG5E0U3BPSk6fkWyMC6eO"},{"path":"items/4ks/wp/wood/gladius.json","key":"pX9OOCzLx5GNY8GdlMjZXqLPjt9X3Vyv"},{"path":"items/4ks/wp/wood/greatsword.json","key":"eO1f8cMuvzC7baqi4Ay4tIQtcTSAlZL0"},{"path":"items/4ks/wp/wood/halberd.json","key":"tZ6UqvRRHbsTASZ8YuurZkAnvpQasW2o"},{"path":"items/4ks/wp/wood/khopesh.json","key":"yC6jg1AHSfSAgPSgaANOezfNfzaXrRCq"},{"path":"items/4ks/wp/wood/mace.json","key":"gE3uNMuHyAEiNpQo7yhTKMJNG6EGfgGg"},{"path":"items/4ks/wp/wood/spear.json","key":"zV8mFHhCqMC0zqk3LxFdhZPLkfdAoTJB"},{"path":"loot_tables/4ks/wp/demonic_block.json","key":"nA5a7mOfeW7OcGNFwCxX24H0vSIgBcOm"},{"path":"loot_tables/4ks/wp/divine_block.json","key":"dM5HsBVqpGHZVIBM7jhzkcjvd7GTht0f"},{"path":"manifest.json"},{"path":"pack_icon.png"},{"path":"recipes/4ks/wp/amethyst/armor/boots.json","key":"fE5eX7xHgEh4xwNkrPuBy73IzzALqdYb"},{"path":"recipes/4ks/wp/amethyst/armor/chestplate.json","key":"pM6O6kCAEEyUtvvjhPUWyxo5HhOxXOin"},{"path":"recipes/4ks/wp/amethyst/armor/helmet.json","key":"eG72Yb3phaB8zk2tiGBz7jX6OotJ0OWz"},{"path":"recipes/4ks/wp/amethyst/armor/leggings.json","key":"zE7ov7Hs47zi8VsyblVYTuaAxq0cBEuu"},{"path":"recipes/4ks/wp/amethyst/axe.json","key":"qW6ZQ3VijTbhPYwJo83OZIX7mYPJtOXR"},{"path":"recipes/4ks/wp/amethyst/hoe.json","key":"qE3AprEydzR4YWfPROZVa1viLkyEKRIK"},{"path":"recipes/4ks/wp/amethyst/new/battleaxe.json","key":"iU2PdQbp01uevx8fXfCvTKvMRx13SGAM"},{"path":"recipes/4ks/wp/amethyst/new/club.json","key":"bU1vOwm8g5nAKCBbLCOaffjEtUalBx9V"},{"path":"recipes/4ks/wp/amethyst/new/cutlass.json","key":"aB5zigopS34MWIvuNlYxkOCbSa90NByR"},{"path":"recipes/4ks/wp/amethyst/new/dagger.json","key":"pY5C2PHzzvbPZ0ApRKIACgsyOhxiwVZG"},{"path":"recipes/4ks/wp/amethyst/new/gladius.json","key":"pL6VaQsaqWvqtIgiz2p5NxC2lp9m0c5P"},{"path":"recipes/4ks/wp/amethyst/new/greatsword.json","key":"mN3GNej4q44xj1G35bAg2xR2gT57Vnw2"},{"path":"recipes/4ks/wp/amethyst/new/halberd.json","key":"bF8hNrtwUVA13BOayJVcGjwihSo7i7g3"},{"path":"recipes/4ks/wp/amethyst/new/khopesh.json","key":"xS2sbOZaq2x1AenWZuk87iKNZPRZ4Xko"},{"path":"recipes/4ks/wp/amethyst/new/mace.json","key":"qF46fWcATP0tHPtjXRcyPvjidgFbFb4i"},{"path":"recipes/4ks/wp/amethyst/new/spear.json","key":"gZ91oLoSEN2kJTHTCFWHuQAn2xkHo9NY"},{"path":"recipes/4ks/wp/amethyst/pickaxe.json","key":"nB20dd4o2qr91QM1yJorXEaydivmsMIV"},{"path":"recipes/4ks/wp/amethyst/shovel.json","key":"pN3Wu06OVGxohzlPw6ept60plowU2rwf"},{"path":"recipes/4ks/wp/amethyst/sword.json","key":"rP1GotI7KSp0oJmldIrT6xER7eKVmKkx"},{"path":"recipes/4ks/wp/amethyst/sword_special.json","key":"mX6SIdMZEjRhJlSAcqL5F7Ea8FbRktxA"},{"path":"recipes/4ks/wp/bedrock/armor/boots.json","key":"uQ3m0EJNQb1HwvUUOvMZmu1cLA8FeMuB"},{"path":"recipes/4ks/wp/bedrock/armor/chestplate.json","key":"zH3T34av2A4UOeb6v3OT6pvVxMphrvCm"},{"path":"recipes/4ks/wp/bedrock/armor/helmet.json","key":"wC9hqbMNPvRSLB8CwZeIwpNyHfwuTPjF"},{"path":"recipes/4ks/wp/bedrock/armor/leggings.json","key":"dS0pUtiV21Xjp6mY1iQHCkZWiGHuPhHX"},{"path":"recipes/4ks/wp/bedrock/axe.json","key":"nS7iAYhR6KnQ1I9qepl0jSNufpjfmrRs"},{"path":"recipes/4ks/wp/bedrock/hoe.json","key":"pN7pidlCfUndz3sUgVfcq4jd8YPeUaQn"},{"path":"recipes/4ks/wp/bedrock/ingot.json","key":"gB5g6MQ6Cnu4FL49IMCvwP0yoFAPZkVB"},{"path":"recipes/4ks/wp/bedrock/ingot2.json","key":"hG9m9pG1F9GX4AhUJsCLYI9bdAhV6c9t"},{"path":"recipes/4ks/wp/bedrock/new/battleaxe.json","key":"bJ7zNALnkrC55g7tBArqptcFehRIta0Q"},{"path":"recipes/4ks/wp/bedrock/new/club.json","key":"fR8GqoqwFt29skSBL5IuYVC9C8wGw4ZS"},{"path":"recipes/4ks/wp/bedrock/new/cutlass.json","key":"yP8BB8Ve2RZKiCbgiWFsT9irvzEdeBZI"},{"path":"recipes/4ks/wp/bedrock/new/dagger.json","key":"uR6Jo3tFhauqrsulH2FVvMMf2jbp1X88"},{"path":"recipes/4ks/wp/bedrock/new/gladius.json","key":"pT5tKdUu0KTpHkS1vlfEFfww0pb0Gs44"},{"path":"recipes/4ks/wp/bedrock/new/greatsword.json","key":"tK37qGy2v5AbpfPzU2OYYkzt5VBrEu0p"},{"path":"recipes/4ks/wp/bedrock/new/halberd.json","key":"xR0QvGYN3vQxvgclO6BZinWojh27Y0Vx"},{"path":"recipes/4ks/wp/bedrock/new/khopesh.json","key":"jW82YqyzEN79sbxXMi57dsekRwU69V4d"},{"path":"recipes/4ks/wp/bedrock/new/mace.json","key":"uU48npVjT9yfLT4VRmXPiQ08cbzB12AE"},{"path":"recipes/4ks/wp/bedrock/new/spear.json","key":"iN2j1QgquWQk0U96C6UK9XGixhVpQLg2"},{"path":"recipes/4ks/wp/bedrock/pickaxe.json","key":"eV52dvxz1KOFXNJ4vqdRrHyuU9q53y9I"},{"path":"recipes/4ks/wp/bedrock/shovel.json","key":"lS4OWzpx0hT4XQNHcSJT3T0GH3bG9x5k"},{"path":"recipes/4ks/wp/bedrock/sword.json","key":"uY9Vt5OSAxLXTzrQU5d7QzVvxR0YU2dW"},{"path":"recipes/4ks/wp/cactus_sword.json","key":"eW2c40ddz44gBJRtlAZsLELKixPkkJ5R"},{"path":"recipes/4ks/wp/copper/armor/boots.json","key":"lG380050XF1gOtvphOORkWLU7NA7g01W"},{"path":"recipes/4ks/wp/copper/armor/chestplate.json","key":"xA6C1WelMaTbpSMaRQFZJtNic9j6NaXe"},{"path":"recipes/4ks/wp/copper/armor/helmet.json","key":"fT7OqEwtcUw55yTHtyOYmmXOozsFVfbc"},{"path":"recipes/4ks/wp/copper/armor/leggings.json","key":"wX4GdfjJT5R8nF3tjIrVOpJV661GICoc"},{"path":"recipes/4ks/wp/copper/axe.json","key":"fJ2BpTmwv7zTiuruLsUTC0rCfEj6fQ0z"},{"path":"recipes/4ks/wp/copper/hoe.json","key":"bM13YSHWuZZeG50E2ycHdb7K094vfdNx"},{"path":"recipes/4ks/wp/copper/new/battleaxe.json","key":"kF47k10KpHquNUgPHY0JP9Fz7G8q12bN"},{"path":"recipes/4ks/wp/copper/new/club.json","key":"bG3zr3gdryjlVNwA50jfErFhJp3I4JdP"},{"path":"recipes/4ks/wp/copper/new/cutlass.json","key":"gX2XXcHs0MsGKepUCEEf49wkt51fjus2"},{"path":"recipes/4ks/wp/copper/new/dagger.json","key":"gN3K11sXZ3rcReWrKuwaG4o9U85QneAc"},{"path":"recipes/4ks/wp/copper/new/gladius.json","key":"fF0r1p9ExcRr7zITwGdafBTwPxxCCUFT"},{"path":"recipes/4ks/wp/copper/new/greatsword.json","key":"uZ58tWSTH52YazzHu152cVjVTY3n6LMB"},{"path":"recipes/4ks/wp/copper/new/halberd.json","key":"zU1h9IyjbZSWgSRLPWkcfvAmFSWPORc0"},{"path":"recipes/4ks/wp/copper/new/khopesh.json","key":"bC60AF8K4hFAuGd1bvlszlYNY6TtbI6C"},{"path":"recipes/4ks/wp/copper/new/mace.json","key":"tE1vQBPYrEsvjPwFlIwGE0W3lnWLdXSK"},{"path":"recipes/4ks/wp/copper/new/spear.json","key":"pT5m4BGNY0m8yeL2TezeGXtEHtTsoRWL"},{"path":"recipes/4ks/wp/copper/pickaxe.json","key":"dE8m8TKx6AEseCe0zQEzoIqEKvjwOKiv"},{"path":"recipes/4ks/wp/copper/shovel.json","key":"mG8c0MjzzatpYcuI8TKTYpWIMRIrk0Zs"},{"path":"recipes/4ks/wp/copper/sword.json","key":"zV58xaFQtU8flI5Ns04aFikmJOaK42Uq"},{"path":"recipes/4ks/wp/cryo/armor/boots.json","key":"pV19NQv24VO8EmujULd4ZGHFikvjJAyn"},{"path":"recipes/4ks/wp/cryo/armor/chestplate.json","key":"xS8CQ4BRl00r0EvtnToqZF5VbUhQJSjk"},{"path":"recipes/4ks/wp/cryo/armor/helmet.json","key":"eR6A1rqrP8UTNKQsYbbq29VQOFPiq1tq"},{"path":"recipes/4ks/wp/cryo/armor/leggings.json","key":"mZ9w72GLQxXK3aVPBEeU64IGcQ3VlOYm"},{"path":"recipes/4ks/wp/cryo/axe.json","key":"tF2Za2TOL222xdthBisx8txjqrUG7eKe"},{"path":"recipes/4ks/wp/cryo/hoe.json","key":"dZ6EazhzuPTIeXJMBZrpkjnXt1kyyYgw"},{"path":"recipes/4ks/wp/cryo/ingot.json","key":"pB2U4zKjh0YiqBBd1B5oAUzGIYqf9zaZ"},{"path":"recipes/4ks/wp/cryo/new/battleaxe.json","key":"jK1vxVdn0uXIHORIokuijFSmP9qGOO3x"},{"path":"recipes/4ks/wp/cryo/new/club.json","key":"tO1ceYts0EcrGEpCPLmaa7BEV71oJx4Z"},{"path":"recipes/4ks/wp/cryo/new/cutlass.json","key":"pO523LE2TN2Ir3eERvfcG9tzV3vkas3G"},{"path":"recipes/4ks/wp/cryo/new/dagger.json","key":"tE7XfXY3FVJuZvnkKMjQjr8v4Vel0v4B"},{"path":"recipes/4ks/wp/cryo/new/gladius.json","key":"bV2FNxM12vf6qZ7VmM9VAdmzrIHsHATE"},{"path":"recipes/4ks/wp/cryo/new/greatsword.json","key":"fN4MWN3KiOcJdLOPk3SaGlTjelAFrEY1"},{"path":"recipes/4ks/wp/cryo/new/halberd.json","key":"sR6FPbkgGmymjQQX31cpoa5aBMcFSt4C"},{"path":"recipes/4ks/wp/cryo/new/khopesh.json","key":"uA9Sx4TXbdg0UWtegaF1adRvoqaHnZXQ"},{"path":"recipes/4ks/wp/cryo/new/mace.json","key":"yM5neZRr6o5uNCvWidXLvdT6tYpm2qcI"},{"path":"recipes/4ks/wp/cryo/new/spear.json","key":"yR7aa6B3ellb5ooPTQOZaVwlybq2r9lv"},{"path":"recipes/4ks/wp/cryo/pickaxe.json","key":"nJ75dh2pFjcmRC6YXo4N9yvkHN64QS9M"},{"path":"recipes/4ks/wp/cryo/shovel.json","key":"aF5AP24TIRz12KBW3mNEcjznWN5moH6p"},{"path":"recipes/4ks/wp/cryo/sword.json","key":"uC6XNRMUrNPLws4beVmOKRPB5qpb8HVp"},{"path":"recipes/4ks/wp/cryo/sword_special.json","key":"qS2on7j5elrRAJe4dbBA4qO56EhhYWCe"},{"path":"recipes/4ks/wp/demonic/armor/boots.json","key":"wC61FiynqlNt7b8w0IJZzTaH53M8rMmW"},{"path":"recipes/4ks/wp/demonic/armor/chestplate.json","key":"xC4nIqZlRWxLl1z4FuO9zdejvUdaLUJ4"},{"path":"recipes/4ks/wp/demonic/armor/helmet.json","key":"lL1EQCqtiv1RkeYU6bjFhbhEhRAju7RE"},{"path":"recipes/4ks/wp/demonic/armor/leggings.json","key":"nJ3Odniy4gB4b2zVL44tanB8hMYn2Gtd"},{"path":"recipes/4ks/wp/demonic/axe.json","key":"yS6LqcyIWwfuz7v35IyMcJ3jgTApSqp3"},{"path":"recipes/4ks/wp/demonic/hoe.json","key":"oO4ii0GsS72MGzAlNpgBcaxiRWSMxId8"},{"path":"recipes/4ks/wp/demonic/new/battleaxe.json","key":"aI5BkdLOUmFe15IKiuk0bFiKB6nbYQ9t"},{"path":"recipes/4ks/wp/demonic/new/club.json","key":"dV7c4e0eElrEEkUqbrp2XyumrosBp8Z8"},{"path":"recipes/4ks/wp/demonic/new/cutlass.json","key":"kX7UxO8aaj07QBnXwtbIqSP6fKSXIrIS"},{"path":"recipes/4ks/wp/demonic/new/dagger.json","key":"zR17RZLyoQcp3xmHd2xYPN9IxgoNvenW"},{"path":"recipes/4ks/wp/demonic/new/gladius.json","key":"qZ0YhI7gSnvV6aK4lFaF4sf665usPcyx"},{"path":"recipes/4ks/wp/demonic/new/greatsword.json","key":"lC9RAmXJgg2KTh0rZ3XikpkowVWaoqnO"},{"path":"recipes/4ks/wp/demonic/new/halberd.json","key":"eL9E3hg2HIUaVBXmZzjpG65HsbxKXB6u"},{"path":"recipes/4ks/wp/demonic/new/khopesh.json","key":"aY6g0UhCcyIJ1QRUmUGwaltoqgQXSSGX"},{"path":"recipes/4ks/wp/demonic/new/mace.json","key":"wM05zcJSR4fRgGgzpThC7TPOKuoN1FUM"},{"path":"recipes/4ks/wp/demonic/new/spear.json","key":"yE92hJx0enU0wwVEwVdNXxAPXlu5leoB"},{"path":"recipes/4ks/wp/demonic/pickaxe.json","key":"bB4CXqNVa6fptieYwaAfZYpWp5IAZSCr"},{"path":"recipes/4ks/wp/demonic/shovel.json","key":"mQ6J14RpdVungMF5FJpQQ0KwkYtGNrtG"},{"path":"recipes/4ks/wp/demonic/sword.json","key":"zY5Riolft5hKxfovmx9nBy4CA9zsja3c"},{"path":"recipes/4ks/wp/demonic/sword_special.json","key":"sN4GhcJQVbWtHRQWaVi3CKVrIKZxU3M5"},{"path":"recipes/4ks/wp/demonic_block.json","key":"sQ0aGefT7fXbFlbBc21dfnGcxGMX0hMY"},{"path":"recipes/4ks/wp/diamond/battleaxe.json","key":"cN6AfGzffgTabRpulXbtZzxsNF4hei6h"},{"path":"recipes/4ks/wp/diamond/club.json","key":"yJ3yMXNKesVYFZdBQlMGHMwjmd9FHhIK"},{"path":"recipes/4ks/wp/diamond/cutlass.json","key":"jO6iiINeb2xaG19kMfWmkHFXRIxIgcvB"},{"path":"recipes/4ks/wp/diamond/dagger.json","key":"xC2jimLZtrKL9wiIo8jg6yjcGo13PCnt"},{"path":"recipes/4ks/wp/diamond/gladius.json","key":"jW0zYBboiEkWIBIZW9lpBlV27VgzRcaV"},{"path":"recipes/4ks/wp/diamond/greatsword.json","key":"vZ8JxclWTm6U5rU8bMTVy2NG2oiawBEC"},{"path":"recipes/4ks/wp/diamond/halberd.json","key":"yJ6ysmSB3ORsBANKL6qTFAI1XUnpBdLS"},{"path":"recipes/4ks/wp/diamond/khopesh.json","key":"sS1wQLvVzIBMeXUVpakMbV7Ap88LS5nO"},{"path":"recipes/4ks/wp/diamond/mace.json","key":"qP6s7IbKnfVm3BEB0LIlK08W7YnXF0Q9"},{"path":"recipes/4ks/wp/diamond/spear.json","key":"nS4NZ9znfuTYnHoRNP62ci6dJuBFTWKk"},{"path":"recipes/4ks/wp/diamond_bow.json","key":"lH47rRHFK2U1Ue1t5VzWIHT3ApgtyX0H"},{"path":"recipes/4ks/wp/diamond_sword_special.json","key":"cI7Zrd6i8J9xBKFiQai40Fo40reGr1zb"},{"path":"recipes/4ks/wp/dirt_sword.json","key":"hK7nJiTSRw7vyBLNezbESczpFu4AN8V7"},{"path":"recipes/4ks/wp/divine/armor/boots.json","key":"aC2RL9Z4500I76xhQFEnP3oOnSuTyFAL"},{"path":"recipes/4ks/wp/divine/armor/chestplate.json","key":"vK7NCNXoRPGrRaesQZ55VFjdPA1TillB"},{"path":"recipes/4ks/wp/divine/armor/helmet.json","key":"tG7T1zjPPjdlAVlIs98zyInIL11TrxAV"},{"path":"recipes/4ks/wp/divine/armor/leggings.json","key":"jN50tfbbaugZIpRZX8rsKVfpWl19qXKQ"},{"path":"recipes/4ks/wp/divine/axe.json","key":"bH0wwRSBSr7oG4RduNS2pCQ642sLmtkN"},{"path":"recipes/4ks/wp/divine/hoe.json","key":"zR7qCkY5KBdzCZ9rirIgpZR4qT9VrsXi"},{"path":"recipes/4ks/wp/divine/new/battleaxe.json","key":"eH130rKWlKExUTFUIEYu6K1BEHO38cbp"},{"path":"recipes/4ks/wp/divine/new/club.json","key":"zH1oxW0oaF393Jte6egFo10HB7oByZPf"},{"path":"recipes/4ks/wp/divine/new/cutlass.json","key":"gE9wc1ySV1UgQLfyE4pUZLRvfa5aOQ0P"},{"path":"recipes/4ks/wp/divine/new/dagger.json","key":"oE4eNIIRVYJiKwgvCt7L5jssqXlTVTGR"},{"path":"recipes/4ks/wp/divine/new/gladius.json","key":"dC8J3H68uUunYwlE7GjhHYtEkJJtdxKX"},{"path":"recipes/4ks/wp/divine/new/greatsword.json","key":"fW0j9lrJWjH0h1IEpSVuTLa4dlTxOfqc"},{"path":"recipes/4ks/wp/divine/new/halberd.json","key":"fB7Ym3yypzRgRduKIfk0hH7M3X4emuES"},{"path":"recipes/4ks/wp/divine/new/khopesh.json","key":"gR3EA4HBQsUdbph4JP5UgiETHh3iA6LF"},{"path":"recipes/4ks/wp/divine/new/mace.json","key":"dZ2TSQHE64sXrZHakrcnIi0Qc7o1RVtQ"},{"path":"recipes/4ks/wp/divine/new/spear.json","key":"wG49znwCzQUkgyK9UcIqn7pZ74dqvpcp"},{"path":"recipes/4ks/wp/divine/pickaxe.json","key":"xO4BK9RSFTwzU857glZzuBLLj32XLsgC"},{"path":"recipes/4ks/wp/divine/shovel.json","key":"lY4r13xBvzufEL2XemlzjyrVf97cflbX"},{"path":"recipes/4ks/wp/divine/sword.json","key":"vS5jKHTgnB9QkQ8bKGZdnoJZOmX9mJKm"},{"path":"recipes/4ks/wp/divine/sword_special.json","key":"mY9vmMoTkwJeGBfzkfWbOd8O6CCE7VPS"},{"path":"recipes/4ks/wp/divine_block.json","key":"mI3Po2WMoEs9iwbMimxNCxRtSRm6R4sj"},{"path":"recipes/4ks/wp/dragon/armor/boots.json","key":"vU6UZjwvtXu2bhVGsQGtJPcdPNFw2lYm"},{"path":"recipes/4ks/wp/dragon/armor/chestplate.json","key":"xP10Wz2tyUbqfphGJOXx9lhVfkRoAFYx"},{"path":"recipes/4ks/wp/dragon/armor/helmet.json","key":"vF0i8AB1PgPKyKcVVqaELQYYzoBcZs44"},{"path":"recipes/4ks/wp/dragon/armor/leggings.json","key":"cT1UCcUSFNcG9mR6UcuVOZsOI5M2dOdt"},{"path":"recipes/4ks/wp/dragon/axe.json","key":"rE83UkpiNjWyr8mgEfhv3fpP9VfBfesh"},{"path":"recipes/4ks/wp/dragon/hoe.json","key":"oO9gkPRfN8KdCvYzKuQxEJqpQmvYtO2E"},{"path":"recipes/4ks/wp/dragon/ingot.json","key":"pU6aAU4OOcvyguj9xYBKvn0wKmOuZT8R"},{"path":"recipes/4ks/wp/dragon/new/battleaxe.json","key":"hE8h8JmTmxVXyCBVeYncKkeYRmpRm6ZK"},{"path":"recipes/4ks/wp/dragon/new/club.json","key":"eL7q28oNT6VplMRBJcTZ0RdOZmrcPXW8"},{"path":"recipes/4ks/wp/dragon/new/cutlass.json","key":"iQ2fcVLmaa8xv3YtINdcEeVY7kLchWNH"},{"path":"recipes/4ks/wp/dragon/new/dagger.json","key":"oL7y59mucurAOzZSCvh2laNhXEMGwKWb"},{"path":"recipes/4ks/wp/dragon/new/gladius.json","key":"oY9s1kfSyqR57xwmHWzRMmZLm5KbL3W2"},{"path":"recipes/4ks/wp/dragon/new/greatsword.json","key":"sO6Wj7HgP3ekjFsOXKr7Mf135Fz7qkT7"},{"path":"recipes/4ks/wp/dragon/new/halberd.json","key":"kB39jXQrf8CIAL3Pz6ka7BnjgFgTFvgG"},{"path":"recipes/4ks/wp/dragon/new/khopesh.json","key":"yL1vA7GPgejsm6sRGYBUz4BSmMSAeoOR"},{"path":"recipes/4ks/wp/dragon/new/mace.json","key":"cE4S1yQsTn1v1zT6savACpiPb8u3CtFh"},{"path":"recipes/4ks/wp/dragon/new/spear.json","key":"vA3nynpZeBsa7CoIHfYe68hYFiUU5aIr"},{"path":"recipes/4ks/wp/dragon/pickaxe.json","key":"oU6qSNNichOvpqnjCFYA8sUBqiaP8a9C"},{"path":"recipes/4ks/wp/dragon/scrap.json","key":"jO1rrqJdgzBdixpUgmxpPvUb6iq9sd4f"},{"path":"recipes/4ks/wp/dragon/shovel.json","key":"fE54YbyQyLhdaB3NMd5V5HwsqOWKwzCe"},{"path":"recipes/4ks/wp/dragon/sword.json","key":"uO3iiZfZYjTUtNyiZZJP4SSVwMKyYqeZ"},{"path":"recipes/4ks/wp/dragon/sword_special.json","key":"eP1NpgOgQPZhuMHpmqx4WICU91YQdKGa"},{"path":"recipes/4ks/wp/emerald/armor/boots.json","key":"lQ26ICHKqEBTKE4vGUcE6Agp60MAphdS"},{"path":"recipes/4ks/wp/emerald/armor/chestplate.json","key":"aA5jLy6iqlb80bCZNxK2jJuRr9rJkroX"},{"path":"recipes/4ks/wp/emerald/armor/helmet.json","key":"iG0fCnA8nPevt5dcPszhkhspUWiQ9o14"},{"path":"recipes/4ks/wp/emerald/armor/leggings.json","key":"sB2qRPaJjE5l6lIVEk25JI83O1eFAT0S"},{"path":"recipes/4ks/wp/emerald/axe.json","key":"qK3Cme0ZU9Lq5NQ7UxiXSYx3uZBj7nuG"},{"path":"recipes/4ks/wp/emerald/hoe.json","key":"fT7OCjC2fCCuYePe9sd8Fn0guG9eohHc"},{"path":"recipes/4ks/wp/emerald/new/battleaxe.json","key":"yT4YvsFmryavmjTxWTX0x7N7sjCZxe9s"},{"path":"recipes/4ks/wp/emerald/new/club.json","key":"eZ2WY3sruYM3AZFdxH73ski7CEAdmRBJ"},{"path":"recipes/4ks/wp/emerald/new/cutlass.json","key":"bX6W7UHhdCUrvkVBFYa33oY1Nag7v4NP"},{"path":"recipes/4ks/wp/emerald/new/dagger.json","key":"eK0lE3Icy0kzghB268dn6nEfTt1eYGry"},{"path":"recipes/4ks/wp/emerald/new/gladius.json","key":"aQ5zizsReoKB7EYUTyAFP844us0agtuR"},{"path":"recipes/4ks/wp/emerald/new/greatsword.json","key":"iY3qfFF7fyBlVAUNOYJE8ExGQmUyCZo4"},{"path":"recipes/4ks/wp/emerald/new/halberd.json","key":"rA07Kdpdq10UyboTaR8vrraLqqOdN0ku"},{"path":"recipes/4ks/wp/emerald/new/khopesh.json","key":"xK1GnL92egcApWgLMoj3QfeaA86jORnU"},{"path":"recipes/4ks/wp/emerald/new/mace.json","key":"nI13Kvy7qPbP0e1pht8Lmh0xOn2xgOlE"},{"path":"recipes/4ks/wp/emerald/new/spear.json","key":"rG4Ms4Ax2i1zdgWYW2Wh2mNtP8755G78"},{"path":"recipes/4ks/wp/emerald/pickaxe.json","key":"pS1c5srR1qFjoTtObB2JSmEUpjCkvQ9Z"},{"path":"recipes/4ks/wp/emerald/shovel.json","key":"rU5nSIwqonw6PiYl62HIVGtilSIWINxk"},{"path":"recipes/4ks/wp/emerald/sword.json","key":"qI5aVvHm52Yzp9Up4dyWBixPB7tnwwsl"},{"path":"recipes/4ks/wp/emerald/sword_special.json","key":"jG8U5pCbNER5XUxQIOrLm5uFcqYHUQyh"},{"path":"recipes/4ks/wp/flame/armor/boots.json","key":"lV6u2qXeReE7TZXrGXXls75gSMSViNbN"},{"path":"recipes/4ks/wp/flame/armor/chestplate.json","key":"dR1OehysQx1fJOQJJynxN8sTikA7aQyM"},{"path":"recipes/4ks/wp/flame/armor/helmet.json","key":"kF8Gen1Mg6iXvwnA7FFecZj8wiiwsNVr"},{"path":"recipes/4ks/wp/flame/armor/leggings.json","key":"qI6Cg2IFkBbti2c4Gqh9gwoK2vf8QulO"},{"path":"recipes/4ks/wp/flame/axe.json","key":"cP4dfubyELrEoEjIXB0W1cPYeF2BPL61"},{"path":"recipes/4ks/wp/flame/hoe.json","key":"pW7NqFilKI6fp4pb19EPj6AUTrsv0tWL"},{"path":"recipes/4ks/wp/flame/ingot.json","key":"oR3dRgt4jTflNUibfI5PUTadbnc7j6sr"},{"path":"recipes/4ks/wp/flame/new/battleaxe.json","key":"gE600T1Lzwq62PmssUub3qMyWSHK5JMJ"},{"path":"recipes/4ks/wp/flame/new/club.json","key":"tA87S9BRGknN4Kp9NPlYWs6NoI68v9XF"},{"path":"recipes/4ks/wp/flame/new/cutlass.json","key":"pX4QrMI3az7aqiAjgnpyOWO76FkkwQEP"},{"path":"recipes/4ks/wp/flame/new/dagger.json","key":"lU9JMUQITm2HpKiFZosW0KYAQZW2ZICo"},{"path":"recipes/4ks/wp/flame/new/gladius.json","key":"yP67idttXjCYGlYpGwXJqHoyBTdxVG1Q"},{"path":"recipes/4ks/wp/flame/new/greatsword.json","key":"rS9z8uiAnJwxuG6SvizbiOXZ3Gj9hwRc"},{"path":"recipes/4ks/wp/flame/new/halberd.json","key":"pH3oQndbCXINypFkTFI8iYQysQhYVI1s"},{"path":"recipes/4ks/wp/flame/new/khopesh.json","key":"nR7FvwJVq7tg21TjXddyWCT5cjxnfrqK"},{"path":"recipes/4ks/wp/flame/new/mace.json","key":"sZ6J0VVLeVcCjiUKUqUkL3HFSbMTMZhP"},{"path":"recipes/4ks/wp/flame/new/spear.json","key":"eI12X9qxBVcVP2fy0456WnJgn1ifp4Um"},{"path":"recipes/4ks/wp/flame/pickaxe.json","key":"xC4eLsXuZb6mZ3R17er2Nv4radAi8WyH"},{"path":"recipes/4ks/wp/flame/shovel.json","key":"vN1mmMn7Q1kTaIOIvu3lobCkfLVwOhpI"},{"path":"recipes/4ks/wp/flame/sword.json","key":"tY6om4MSYprc3G8Zpjj1Zbd5GqM6UGqM"},{"path":"recipes/4ks/wp/flame/sword_special.json","key":"wI6koztXnNsGpbwJIiI1zxbdXMh6HmLu"},{"path":"recipes/4ks/wp/glowstone/axe.json","key":"sY4p6yzoNf5w6odGSwRemoaZ5ArIjkTY"},{"path":"recipes/4ks/wp/glowstone/hoe.json","key":"hG1BZ0kkAyZ2wYPzwjdz6sSHrtAWAIIh"},{"path":"recipes/4ks/wp/glowstone/new/battleaxe.json","key":"sX8kbi0sa8mvx7nI82Ju3iFBkSsiehlC"},{"path":"recipes/4ks/wp/glowstone/new/club.json","key":"uE5L5Q7EnwxYKn95io9aABXdJGaZshcG"},{"path":"recipes/4ks/wp/glowstone/new/cutlass.json","key":"xB97oMcwVBqlds3A55si292zPCbVzWAu"},{"path":"recipes/4ks/wp/glowstone/new/dagger.json","key":"sH8BtGbmdrbjLk8tZih3Secib9o1kSWO"},{"path":"recipes/4ks/wp/glowstone/new/gladius.json","key":"nK2nhfxuVmcXN9qKJj0lqFBhoGEwMTkC"},{"path":"recipes/4ks/wp/glowstone/new/greatsword.json","key":"aB1lN9hSZYoJnj7vM4q4QIMeoYRc0zA1"},{"path":"recipes/4ks/wp/glowstone/new/halberd.json","key":"dY8Soh7AcFVIV98M5Vfw91XrXLp4hKwt"},{"path":"recipes/4ks/wp/glowstone/new/khopesh.json","key":"tH879dylZLNM6B8VUv5kuwZkusmnsXYC"},{"path":"recipes/4ks/wp/glowstone/new/mace.json","key":"zW2EAQXKfhgaiXIG6wbVgwN4dQyeKARk"},{"path":"recipes/4ks/wp/glowstone/new/spear.json","key":"tE9dVOF6tzPs5fZN7siEx5sdQaHyd4UE"},{"path":"recipes/4ks/wp/glowstone/pickaxe.json","key":"hM4c1aL97Jndo5K6jX6NMrGrm3ctEutA"},{"path":"recipes/4ks/wp/glowstone/shovel.json","key":"wM5Ukix6pWsoVYMXTC9XQcSy5GGvMP8n"},{"path":"recipes/4ks/wp/glowstone/sword.json","key":"tR1HoECyJkY97r0RrckY7Q9GwXTK4NYd"},{"path":"recipes/4ks/wp/glowstone_sword.json","key":"kB6hIivBrSw0yJ6Cy1ywbhKnlrEjIfWk"},{"path":"recipes/4ks/wp/gold/battleaxe.json","key":"yQ9VYWIMBtg3bVXIh9ThIA4xqHkM94s4"},{"path":"recipes/4ks/wp/gold/club.json","key":"lW5nGRkBqsMZELxi5vh7zYqSOKy8r7Nt"},{"path":"recipes/4ks/wp/gold/cutlass.json","key":"bV3l1dmraK0r0fWshct4d8cy8EafOf31"},{"path":"recipes/4ks/wp/gold/dagger.json","key":"oL6q1gmElSTkhbFBBIexj1hlxHV2TR51"},{"path":"recipes/4ks/wp/gold/gladius.json","key":"fI0xMR3lAfB7hSq5kquK7mruu3PqJWUz"},{"path":"recipes/4ks/wp/gold/greatsword.json","key":"dK1FeL0Ej7PjK1oC1fvs9kzqFhZHQiSY"},{"path":"recipes/4ks/wp/gold/halberd.json","key":"mX1aublkiIm9uR5WO97RkZQbZEU7PYGb"},{"path":"recipes/4ks/wp/gold/khopesh.json","key":"qZ7JaRkrATCcSWcwyqIBBwF2SutNietA"},{"path":"recipes/4ks/wp/gold/mace.json","key":"zB0OTlxbjeUkAHF5xLxwqR4bveTOTIEt"},{"path":"recipes/4ks/wp/gold/spear.json","key":"rL8Nq540UY73GZUl74ik4mPcYxROdBjT"},{"path":"recipes/4ks/wp/guidebook.json","key":"xT4JgkibGoxMcR31kNvSMBQSgfjsIPIl"},{"path":"recipes/4ks/wp/iron/battleaxe.json","key":"nA3njukWf1vTj3ndfyK6bubm2oo6gCpf"},{"path":"recipes/4ks/wp/iron/club.json","key":"hX0ZNEb6ozomLVmClb8tMV61khl2MC7g"},{"path":"recipes/4ks/wp/iron/cutlass.json","key":"dM7QBo1ZzL4vP6s6nzIM1X2L494rPFfA"},{"path":"recipes/4ks/wp/iron/dagger.json","key":"iU51iBQvGTeSwm8zRLn2P14TJGRMEZTf"},{"path":"recipes/4ks/wp/iron/gladius.json","key":"xL3N5vxWnNFr9cKSkaNlvmP7NAmMQZY9"},{"path":"recipes/4ks/wp/iron/greatsword.json","key":"lH9PZfzwKc0VGq2I1vlUUS17eGNLM4iB"},{"path":"recipes/4ks/wp/iron/halberd.json","key":"kG6mkWjlVfvPWZQRNuciCzQBf6PqiCZC"},{"path":"recipes/4ks/wp/iron/khopesh.json","key":"gZ7nPSlNieEvpEpNShxaZMECVIK9SK3m"},{"path":"recipes/4ks/wp/iron/mace.json","key":"kM2Ww5voWfAG3qo5Ha3sCwuhhNuVKbm7"},{"path":"recipes/4ks/wp/iron/spear.json","key":"bQ4646GdZER5goYMC5YLQzUaFAsZUIcv"},{"path":"recipes/4ks/wp/lapis/armor/boots.json","key":"rM5KmKpzlZTTMeXgBbjLkjSvnFWKukSN"},{"path":"recipes/4ks/wp/lapis/armor/chestplate.json","key":"hX36b1pbToW4h8zfgASTyh5j3Xbvjnwf"},{"path":"recipes/4ks/wp/lapis/armor/helmet.json","key":"yR0TQc6GqJY1MXbseVrcHyFJb2dKLRyM"},{"path":"recipes/4ks/wp/lapis/armor/leggings.json","key":"tS5wWCmGVdOo6Nw1iYEaBcQ6AjZLKyKY"},{"path":"recipes/4ks/wp/lapis/axe.json","key":"jJ4b0dFdawGuPGWEt3S9m9iRb2xHtCqc"},{"path":"recipes/4ks/wp/lapis/hoe.json","key":"yV8bKMos73NTYcgt05mqhTtjPWNY1tZ9"},{"path":"recipes/4ks/wp/lapis/new/battleaxe.json","key":"cU4LvsdnYxC6ixaTmVwHeL4kfVnM0Z94"},{"path":"recipes/4ks/wp/lapis/new/club.json","key":"lA8vW8rfQTjR1Sxrv3eLS0UmdcQf9glm"},{"path":"recipes/4ks/wp/lapis/new/cutlass.json","key":"cF9jRVmmNEeWdNUuNV6BeqLsK86dOQfK"},{"path":"recipes/4ks/wp/lapis/new/dagger.json","key":"jO3ovFHnXZbS78iJaJ9qNggE7odjGSze"},{"path":"recipes/4ks/wp/lapis/new/gladius.json","key":"jY9zjCwPkSP7k1qBHdOsFJiqb3i53vIT"},{"path":"recipes/4ks/wp/lapis/new/greatsword.json","key":"xP9SYV58kI1NeMwxbEZLAtFwjpGtIU1w"},{"path":"recipes/4ks/wp/lapis/new/halberd.json","key":"bX0wGaK9ZZQStLcZXfEfFTlxsyLYpeku"},{"path":"recipes/4ks/wp/lapis/new/khopesh.json","key":"uU7x7MZlmzgN3qwQ9SAnYFkYpRRPg3UH"},{"path":"recipes/4ks/wp/lapis/new/mace.json","key":"sA2veqCr5rYvVrRAP9RSKVSvrmcihHx1"},{"path":"recipes/4ks/wp/lapis/new/spear.json","key":"oA6cAJviMfZ6s61YQxL9hLsa545KdEwC"},{"path":"recipes/4ks/wp/lapis/pickaxe.json","key":"qU4crXzmKKWWAdnJvM4uuI8vYmLeIlK6"},{"path":"recipes/4ks/wp/lapis/shovel.json","key":"mU86wiRntVVWS9XZYaM2HyP770fI0HCM"},{"path":"recipes/4ks/wp/lapis/sword.json","key":"lV5vSEMsnTkVPRYrHKjjnQejclTVZlG1"},{"path":"recipes/4ks/wp/lapis/sword_special.json","key":"mA2y23SQ8rzbrAlaQdbohqV6filnUKGw"},{"path":"recipes/4ks/wp/netherite/battleaxe.json","key":"oM0giEBomBsUp1Q7B9WZvEthPLlW76HF"},{"path":"recipes/4ks/wp/netherite/bow.json","key":"lQ9CBZ3seMA9mobKB09AbW52SCbbr9F0"},{"path":"recipes/4ks/wp/netherite/club.json","key":"yW6dHdovQqYhBE63I7RX80dajIEE8wUT"},{"path":"recipes/4ks/wp/netherite/cutlass.json","key":"hB8ZcCsf38J1M89qtoSAs9uwvzm0HrnM"},{"path":"recipes/4ks/wp/netherite/dagger.json","key":"cW70bb40OUzk1rvZRX0TH44bv0mXnitF"},{"path":"recipes/4ks/wp/netherite/gladius.json","key":"oI1cdVdincuCqUs8F7b9O365SykK8eLw"},{"path":"recipes/4ks/wp/netherite/greatsword.json","key":"cY4TynHX195GBris0JwWa2MdP5CZjBU6"},{"path":"recipes/4ks/wp/netherite/halberd.json","key":"iC42ydZkk9teCuh4kCtyguxVl78ypxrC"},{"path":"recipes/4ks/wp/netherite/khopesh.json","key":"gE29cIAG8gl9bE9odVTe8kSjzNKk8L1V"},{"path":"recipes/4ks/wp/netherite/mace.json","key":"zK32GkfKXRK2K1YHZNYoUKXMRH8nyNNb"},{"path":"recipes/4ks/wp/netherite/spear.json","key":"tE7xrUzxEm2LlBVoX4EBCQqYCtBlN9S4"},{"path":"recipes/4ks/wp/netherite_sword_special.json","key":"pG8tYqdnnb2orAiabTc8iJKwAVlRXnOj"},{"path":"recipes/4ks/wp/platinum/armor/boots.json","key":"wH2tvAka9dngEwVpahbAluU8Yh7NxcOw"},{"path":"recipes/4ks/wp/platinum/armor/chestplate.json","key":"pE25YBNJS3fq77lSsx5ZKx0OiQX26yiJ"},{"path":"recipes/4ks/wp/platinum/armor/helmet.json","key":"jK5r5h40ncSRPRx9lsalAudFASO8ObeN"},{"path":"recipes/4ks/wp/platinum/armor/leggings.json","key":"dX8t8EEef1PNQ8nEIvYeEoIsoOYG6WAc"},{"path":"recipes/4ks/wp/platinum/axe.json","key":"uY2O04E7I5wmEFR5Y0ffFcq5IJETh19z"},{"path":"recipes/4ks/wp/platinum/hoe.json","key":"vG7FbJgmvfhA6FLKGLbmf2ijNtZewBPQ"},{"path":"recipes/4ks/wp/platinum/ingot.json","key":"iG98RkWM3LWMMyrx1Tj6wzT4ngEiVFn1"},{"path":"recipes/4ks/wp/platinum/new/battleaxe.json","key":"uZ8ejWr4e6oJbItxOyaOuBtZb6AxR6RA"},{"path":"recipes/4ks/wp/platinum/new/club.json","key":"tK3po9E2McH7rZ0JhS1VhQ4OZExPeq6S"},{"path":"recipes/4ks/wp/platinum/new/cutlass.json","key":"oH7YLknnra3wVhaQy2lKCZNxc99z8Crw"},{"path":"recipes/4ks/wp/platinum/new/dagger.json","key":"lF8RT6R4LXMlzc8n8yZQ6OW4bpUM5YAO"},{"path":"recipes/4ks/wp/platinum/new/gladius.json","key":"eJ3e5cIIoSWJE3Xp7V4Ofp53cH0ofpX1"},{"path":"recipes/4ks/wp/platinum/new/greatsword.json","key":"vZ91FlTuOw0wF6RbWseXeS7PCIcddXVd"},{"path":"recipes/4ks/wp/platinum/new/halberd.json","key":"tW6WQTHUxHoN1B9fXkR0yCTvdtaZGtLb"},{"path":"recipes/4ks/wp/platinum/new/khopesh.json","key":"wY1lOieHUWzv5xvd4dOMThLlOv0WyFGh"},{"path":"recipes/4ks/wp/platinum/new/mace.json","key":"jK7xsEtbAh9qq8UakwWsG0yijWMAy0LI"},{"path":"recipes/4ks/wp/platinum/new/spear.json","key":"rQ6TMnJ9Ckj2WTpYFwVzth9O1rfKLzdV"},{"path":"recipes/4ks/wp/platinum/pickaxe.json","key":"kF0jlY9qQLxf17lu9LBfTzulg5g58afu"},{"path":"recipes/4ks/wp/platinum/shovel.json","key":"qE7fKJJXur5bbVbJBL7luMMU2sxs8KoL"},{"path":"recipes/4ks/wp/platinum/stick.json","key":"kU7nOAUPvOk4GQYNnS6ZxaeKNMdHJmGl"},{"path":"recipes/4ks/wp/platinum/sword.json","key":"nI3JyT3dlV5UhGn9tq577GCQJo80nMMP"},{"path":"recipes/4ks/wp/platinum/sword_special.json","key":"sE5NpJzSWKV5XIesCamOVNCYr3U9iqgi"},{"path":"recipes/4ks/wp/quartz_stick.json","key":"aF745d6dxqybpcRe0Hz0Rp49sdBLmpa4"},{"path":"recipes/4ks/wp/ruby/armor/boots.json","key":"cQ8cBikr32TJrF2mULXb5NCMtqlwjd6N"},{"path":"recipes/4ks/wp/ruby/armor/chestplate.json","key":"eS3hU3G1VojcXNd1NVxJPnrelTkcZKme"},{"path":"recipes/4ks/wp/ruby/armor/helmet.json","key":"hB6ITZYVhouSIwE2bZwsudNJGy4914Nt"},{"path":"recipes/4ks/wp/ruby/armor/leggings.json","key":"rR3TqxNPKPsfUeo1eewV4zyoxTtfxbva"},{"path":"recipes/4ks/wp/ruby/axe.json","key":"gH6FPWe2yddYHRnj35T5WRbfX5adQ4aa"},{"path":"recipes/4ks/wp/ruby/hoe.json","key":"fM7unl6UybuUnMR6XaUcqmE28qFS2UYA"},{"path":"recipes/4ks/wp/ruby/new/battleaxe.json","key":"jS6dUK8ThOYWM6dVZGtecGkAEZt4l3vm"},{"path":"recipes/4ks/wp/ruby/new/club.json","key":"dA9IAugj6uZBC2fvrYGLt2yC2rMoOoVz"},{"path":"recipes/4ks/wp/ruby/new/cutlass.json","key":"bN799AM6GPXre6EmqJJjtgOoFxZJEfHy"},{"path":"recipes/4ks/wp/ruby/new/dagger.json","key":"eL5QKhESG8zfOZ9ZxyliQG6VwHSn3J35"},{"path":"recipes/4ks/wp/ruby/new/gladius.json","key":"aM2uPh6uqu1ecl4oozTPQFHvmd8eo98z"},{"path":"recipes/4ks/wp/ruby/new/greatsword.json","key":"aX594RPCBMLq2f5gtz26rghV0Aijv2LK"},{"path":"recipes/4ks/wp/ruby/new/halberd.json","key":"eU5qWY4Xfuvw01ZTx5noLQPkZtxg4N69"},{"path":"recipes/4ks/wp/ruby/new/khopesh.json","key":"tB8xa8441o1cFsBANQHL0150nGioLeSL"},{"path":"recipes/4ks/wp/ruby/new/mace.json","key":"oP3JTG0N919v93OS6m2w8IlrBgkUcxHH"},{"path":"recipes/4ks/wp/ruby/new/spear.json","key":"qC285cjYP97sP6UxStEqHYcrN1yjPyZB"},{"path":"recipes/4ks/wp/ruby/pickaxe.json","key":"fR3h3pwk2OSmFbvTwnbGnpPSTBGf1cCg"},{"path":"recipes/4ks/wp/ruby/shovel.json","key":"rI2I5SyGmJagJo4m8nTiFVQ1mwNfUXta"},{"path":"recipes/4ks/wp/ruby/sword.json","key":"cQ0ckVxXVdfoL2TJYL7zI2RAQ5oMzKx2"},{"path":"recipes/4ks/wp/ruby/sword_special.json","key":"xA2uq21KUHvPZnqNdPt8vFbs2snshTBH"},{"path":"recipes/4ks/wp/sapphire/armor/boots.json","key":"oI8aGMqUiasWbWSaAZZpAAuS6NubJST2"},{"path":"recipes/4ks/wp/sapphire/armor/chestplate.json","key":"lG7CdipVAvdYxdP0AYWkkHlM2a919zUl"},{"path":"recipes/4ks/wp/sapphire/armor/helmet.json","key":"dY2ZIG4PX5GcH1pkjxY27qSvTtxVOpqf"},{"path":"recipes/4ks/wp/sapphire/armor/leggings.json","key":"kE304hMTwOq8EOYY9xOEfd1EBQuyedsp"},{"path":"recipes/4ks/wp/sapphire/axe.json","key":"tY4iPkn1sqgVy5RT9nlBCTawGnmqdktK"},{"path":"recipes/4ks/wp/sapphire/hoe.json","key":"wB4puQ5s8ruYoi7RHLX5LMQy2LvUJSYB"},{"path":"recipes/4ks/wp/sapphire/new/battleaxe.json","key":"wL0vhIrf5QC7inOItL9AixfRMNMemdai"},{"path":"recipes/4ks/wp/sapphire/new/club.json","key":"jO9q8QOsxKT1RfwvrLCTVXmt5zc4Pp5t"},{"path":"recipes/4ks/wp/sapphire/new/cutlass.json","key":"nM25tSz5mK1yhkFGUBmJu0P0iBVrd8R5"},{"path":"recipes/4ks/wp/sapphire/new/dagger.json","key":"hF1trxrZG2RwdCoxbAMLPbU8KyBC0SWs"},{"path":"recipes/4ks/wp/sapphire/new/gladius.json","key":"sU3hB0saMBGKssjiia7EpWOo07I1dFzG"},{"path":"recipes/4ks/wp/sapphire/new/greatsword.json","key":"dM5WtUNQCRJs555JV2sSa7cjHnjCZ0hA"},{"path":"recipes/4ks/wp/sapphire/new/halberd.json","key":"pG1TecfudyHKUldxHYrJCUTO16Qg1pu1"},{"path":"recipes/4ks/wp/sapphire/new/khopesh.json","key":"cG3w05WEQ3rug3vTf1YCnEBLjs9Alm5d"},{"path":"recipes/4ks/wp/sapphire/new/mace.json","key":"rH5sQxQFFnQeYZshCvtk9JQregli8S3a"},{"path":"recipes/4ks/wp/sapphire/new/spear.json","key":"fI7p0SR5FIV4SIYAIfqmGgMN5UmbxY7B"},{"path":"recipes/4ks/wp/sapphire/pickaxe.json","key":"wI9jQYuzROCZkeaNVASYJLTbHah4mrNw"},{"path":"recipes/4ks/wp/sapphire/shovel.json","key":"zU8vJzexwCvmPUZxOCrviVHsOo8MpmdB"},{"path":"recipes/4ks/wp/sapphire/sword.json","key":"xW8KM1ZnakqF1idGoXNtYjpay7nuYBU0"},{"path":"recipes/4ks/wp/sapphire/sword_special.json","key":"mQ6Ocda6XFAPGnYtRJ6wWSHQyE8el31U"},{"path":"recipes/4ks/wp/steel/armor/boots.json","key":"bB9JezeELNOuwydOaw75sqWcMXXy2JTz"},{"path":"recipes/4ks/wp/steel/armor/chestplate.json","key":"wB0dpuKKyBwmthfMZCGiASJNigx5GoWM"},{"path":"recipes/4ks/wp/steel/armor/helmet.json","key":"rV6qXlC9XOvgOQJ0YA7MMH1HxY62BbUn"},{"path":"recipes/4ks/wp/steel/armor/leggings.json","key":"tE9ynvf1Jg0kl4Pe1IZPZpENfunNsXO3"},{"path":"recipes/4ks/wp/steel/axe.json","key":"uB6gQoGtgeXen14EwOfvRu7Z7ckGTVkY"},{"path":"recipes/4ks/wp/steel/hoe.json","key":"rF1Otv2jsmKdrk5cCnRsp2ZYdN3Sbd9F"},{"path":"recipes/4ks/wp/steel/ingot.json","key":"nM1OJAbiQfrnlH8jWF5vOzsZpn805TUy"},{"path":"recipes/4ks/wp/steel/new/battleaxe.json","key":"dZ2XOTSgxVOrF30vhJroNroLtMI4gc7J"},{"path":"recipes/4ks/wp/steel/new/club.json","key":"fR71gXG5x2udcEugJNHxg9NJbOWXFWis"},{"path":"recipes/4ks/wp/steel/new/cutlass.json","key":"uH32pxEcFUphFBMKjCsPrtmrrrZmBnin"},{"path":"recipes/4ks/wp/steel/new/dagger.json","key":"jH4Xvikqa0e564KYCnYNJIQw1zC6lTgo"},{"path":"recipes/4ks/wp/steel/new/gladius.json","key":"fV05HOaCrqtRH5GMEjyGGYksCvHz1kMV"},{"path":"recipes/4ks/wp/steel/new/greatsword.json","key":"aS9RjOwCtTgWk38UbxYJ0e9f7NsgtPSB"},{"path":"recipes/4ks/wp/steel/new/halberd.json","key":"eX5KUZHAl36FmAFqgtRqkynsHLP9z3rO"},{"path":"recipes/4ks/wp/steel/new/khopesh.json","key":"pV5iahaiIY5ElAatiTxX0B3jJNtupoQF"},{"path":"recipes/4ks/wp/steel/new/mace.json","key":"eM0o6zzKQe2fYpqXTesQvZM56XzJJap1"},{"path":"recipes/4ks/wp/steel/new/spear.json","key":"sO4Ee7tvRfT2R5UBoG8ztB7AGqjobTKZ"},{"path":"recipes/4ks/wp/steel/pickaxe.json","key":"nN3PWfeOlp2W3cjlpSvmpQqKBaQE8K9j"},{"path":"recipes/4ks/wp/steel/shovel.json","key":"yO0wSKxi7J2eqEMjAtwqpJ4nMRCcCReJ"},{"path":"recipes/4ks/wp/steel/stick.json","key":"zX49Im10r1BFJ43JLLMJFd423ekE9j7Y"},{"path":"recipes/4ks/wp/steel/sword.json","key":"xP4WrVjXNTObOEaJNsBLFkIgnAAkpCVc"},{"path":"recipes/4ks/wp/stone/battleaxe.json","key":"eN2gKOcpwuIGxOlV8yuvlPE6LJf2L9ls"},{"path":"recipes/4ks/wp/stone/club.json","key":"fN9j3HIy8lNWrqz6PC47ip3IqCdxAZv6"},{"path":"recipes/4ks/wp/stone/cutlass.json","key":"eR2OOSTR7QyS9FWOUjXQB2Ck1BKnEXrf"},{"path":"recipes/4ks/wp/stone/dagger.json","key":"yR0EPn3rB1N8RxMowbjhJPcqGFnwNNoC"},{"path":"recipes/4ks/wp/stone/gladius.json","key":"nA1uO518qJmdtv29x25FnEv83K4hs6lV"},{"path":"recipes/4ks/wp/stone/greatsword.json","key":"iK9fLBfHakiswRHgashlvz4M0t3EjCor"},{"path":"recipes/4ks/wp/stone/halberd.json","key":"tT9ly6eBIrR93urvxKYOwcEU8EYCUZRM"},{"path":"recipes/4ks/wp/stone/khopesh.json","key":"sT75BgsfOQnCthCOdM6ulFpyZJ5uBEB2"},{"path":"recipes/4ks/wp/stone/mace.json","key":"hL5rI8xSIcX0rekfH2InZ4xhKeuYFHTO"},{"path":"recipes/4ks/wp/stone/spear.json","key":"cX7kPQKabS5c2nvATH2hBUPmBld0lT69"},{"path":"recipes/4ks/wp/upgradium/ingot.json","key":"oJ0cuf9SRoEZRx9neJWFBsTL0zsre2iY"},{"path":"recipes/4ks/wp/wood/battleaxe.json","key":"cQ5SVaq2MlYyKeLI63lzX5cx4F60z7NM"},{"path":"recipes/4ks/wp/wood/club.json","key":"aQ4iBmCkkmNR75vWVJzPIAi2YeHZBX8F"},{"path":"recipes/4ks/wp/wood/cutlass.json","key":"wL0CdsoCJrskR3tvuCNIIsa5dHywIrIk"},{"path":"recipes/4ks/wp/wood/dagger.json","key":"hF49RXzMtQ2p5SrTyLxwAVK2qctnOxby"},{"path":"recipes/4ks/wp/wood/gladius.json","key":"jO7Wyo2uwQ6OFgHk3sAdTXXvRPUG4Ryg"},{"path":"recipes/4ks/wp/wood/greatsword.json","key":"mQ4pJWjj3GWP1bl74xgbtsAXUEZVUUMy"},{"path":"recipes/4ks/wp/wood/halberd.json","key":"hR1K0I6hjp9r4QlK2mh6cVdUaeIJ1Phy"},{"path":"recipes/4ks/wp/wood/khopesh.json","key":"nF62jpvnkVIXwmWTCX8pdWMp4LO9J3Xi"},{"path":"recipes/4ks/wp/wood/mace.json","key":"aH7vkrE2SCX077FSJ5VauFKJjlqUiLF8"},{"path":"recipes/4ks/wp/wood/spear.json","key":"iF3zQ2bbVjm0Z8oWFBWIPxTOtAyI5tGl"},{"path":"scripts/4ks/wp/armor.js","key":"sN1ws9YUPCdBdcd583fF4epCeLWjJn3n"},{"path":"scripts/4ks/wp/data.js","key":"eW4tZcT8fyeMTwROFb8AjEqqk3i6XnB1"},{"path":"scripts/4ks/wp/dataClass.js","key":"jY7oH3gzLyKoGuvFaz9NPSRZBUF74Vml"},{"path":"scripts/4ks/wp/description.js","key":"dJ1QKuQCqvi6LHNVWm7EX0vJI2tEMfWq"},{"path":"scripts/4ks/wp/guidebook.js","key":"qO3NIUVo6CxRQVFmoFLtFsdCCwIfWZUq"},{"path":"scripts/4ks/wp/main.js","key":"oL3kPYPk1fw1WAN4dCg4LjdtrEwWPWau"},{"path":"scripts/4ks/wp/projectile.js","key":"hZ8L1Igv1ZuME13p49PT2YT6ldudOmWm"},{"path":"scripts/4ks/wp/weaponEffectHandler.js","key":"qX4Mm6V7V21rmSus02kA6PKuOF0oTUYw"},{"path":"texts/bg_BG.lang"},{"path":"texts/cs_CZ.lang"},{"path":"texts/da_DK.lang"},{"path":"texts/de_DE.lang"},{"path":"texts/el_GR.lang"},{"path":"texts/en_GB.lang"},{"path":"texts/en_US.lang"},{"path":"texts/es_ES.lang"},{"path":"texts/es_MX.lang"},{"path":"texts/fi_FI.lang"},{"path":"texts/fr_CA.lang"},{"path":"texts/fr_FR.lang"},{"path":"texts/hu_HU.lang"},{"path":"texts/id_ID.lang"},{"path":"texts/it_IT.lang"},{"path":"texts/ja_JP.lang"},{"path":"texts/ko_KR.lang"},{"path":"texts/languages.json"},{"path":"texts/nb_NO.lang"},{"path":"texts/nl_NL.lang"},{"path":"texts/pl_PL.lang"},{"path":"texts/pt_BR.lang"},{"path":"texts/pt_PT.lang"},{"path":"texts/ru_RU.lang"},{"path":"texts/sk_SK.lang"},{"path":"texts/sv_SE.lang"},{"path":"texts/tr_TR.lang"},{"path":"texts/uk_UA.lang"},{"path":"texts/zh_CN.lang"},{"path":"texts/zh_TW.lang"},{"path":"signatures.json","key":"vY7f5YYNF9qPlfo4vZgIEPeElZbReQfx"},{"path":"animations/4ks/wp/"},{"path":"animation_controllers/4ks/wp/"},{"path":"blocks/4ks/wp/demonic/"},{"path":"blocks/4ks/wp/divine/"},{"path":"blocks/4ks/wp/"},{"path":"entities/4ks/wp/"},{"path":"functions/4ks/wp/"},{"path":"functions/4ks/wp/headlight/"},{"path":"items/4ks/wp/amethyst/armor/"},{"path":"items/4ks/wp/amethyst/"},{"path":"items/4ks/wp/amethyst/new/"},{"path":"items/4ks/wp/bedrock/armor/"},{"path":"items/4ks/wp/bedrock/"},{"path":"items/4ks/wp/bedrock/new/"},{"path":"items/4ks/wp/"},{"path":"items/4ks/wp/copper/armor/"},{"path":"items/4ks/wp/copper/"},{"path":"items/4ks/wp/copper/new/"},{"path":"items/4ks/wp/cryo/armor/"},{"path":"items/4ks/wp/cryo/"},{"path":"items/4ks/wp/cryo/new/"},{"path":"items/4ks/wp/demonic/armor/"},{"path":"items/4ks/wp/demonic/"},{"path":"items/4ks/wp/demonic/new/"},{"path":"items/4ks/wp/diamond/"},{"path":"items/4ks/wp/divine/armor/"},{"path":"items/4ks/wp/divine/"},{"path":"items/4ks/wp/divine/new/"},{"path":"items/4ks/wp/dragon/armor/"},{"path":"items/4ks/wp/dragon/"},{"path":"items/4ks/wp/dragon/new/"},{"path":"items/4ks/wp/emerald/armor/"},{"path":"items/4ks/wp/emerald/"},{"path":"items/4ks/wp/emerald/new/"},{"path":"items/4ks/wp/flame/armor/"},{"path":"items/4ks/wp/flame/"},{"path":"items/4ks/wp/flame/new/"},{"path":"items/4ks/wp/glowstone/"},{"path":"items/4ks/wp/glowstone/new/"},{"path":"items/4ks/wp/gold/"},{"path":"items/4ks/wp/iron/"},{"path":"items/4ks/wp/lapis/armor/"},{"path":"items/4ks/wp/lapis/"},{"path":"items/4ks/wp/lapis/new/"},{"path":"items/4ks/wp/netherite/"},{"path":"items/4ks/wp/platinum/armor/"},{"path":"items/4ks/wp/platinum/"},{"path":"items/4ks/wp/platinum/new/"},{"path":"items/4ks/wp/ruby/armor/"},{"path":"items/4ks/wp/ruby/"},{"path":"items/4ks/wp/ruby/new/"},{"path":"items/4ks/wp/sapphire/armor/"},{"path":"items/4ks/wp/sapphire/"},{"path":"items/4ks/wp/sapphire/new/"},{"path":"items/4ks/wp/steel/armor/"},{"path":"items/4ks/wp/steel/"},{"path":"items/4ks/wp/steel/new/"},{"path":"items/4ks/wp/stone/"},{"path":"items/4ks/wp/upgradium/"},{"path":"items/4ks/wp/wood/"},{"path":"loot_tables/4ks/wp/"},{"path":"recipes/4ks/wp/amethyst/armor/"},{"path":"recipes/4ks/wp/amethyst/"},{"path":"recipes/4ks/wp/amethyst/new/"},{"path":"recipes/4ks/wp/bedrock/armor/"},{"path":"recipes/4ks/wp/bedrock/"},{"path":"recipes/4ks/wp/bedrock/new/"},{"path":"recipes/4ks/wp/"},{"path":"recipes/4ks/wp/copper/armor/"},{"path":"recipes/4ks/wp/copper/"},{"path":"recipes/4ks/wp/copper/new/"},{"path":"recipes/4ks/wp/cryo/armor/"},{"path":"recipes/4ks/wp/cryo/"},{"path":"recipes/4ks/wp/cryo/new/"},{"path":"recipes/4ks/wp/demonic/armor/"},{"path":"recipes/4ks/wp/demonic/"},{"path":"recipes/4ks/wp/demonic/new/"},{"path":"recipes/4ks/wp/diamond/"},{"path":"recipes/4ks/wp/divine/armor/"},{"path":"recipes/4ks/wp/divine/"},{"path":"recipes/4ks/wp/divine/new/"},{"path":"recipes/4ks/wp/dragon/armor/"},{"path":"recipes/4ks/wp/dragon/"},{"path":"recipes/4ks/wp/dragon/new/"},{"path":"recipes/4ks/wp/emerald/armor/"},{"path":"recipes/4ks/wp/emerald/"},{"path":"recipes/4ks/wp/emerald/new/"},{"path":"recipes/4ks/wp/flame/armor/"},{"path":"recipes/4ks/wp/flame/"},{"path":"recipes/4ks/wp/flame/new/"},{"path":"recipes/4ks/wp/glowstone/"},{"path":"recipes/4ks/wp/glowstone/new/"},{"path":"recipes/4ks/wp/gold/"},{"path":"recipes/4ks/wp/iron/"},{"path":"recipes/4ks/wp/lapis/armor/"},{"path":"recipes/4ks/wp/lapis/"},{"path":"recipes/4ks/wp/lapis/new/"},{"path":"recipes/4ks/wp/netherite/"},{"path":"recipes/4ks/wp/platinum/armor/"},{"path":"recipes/4ks/wp/platinum/"},{"path":"recipes/4ks/wp/platinum/new/"},{"path":"recipes/4ks/wp/ruby/armor/"},{"path":"recipes/4ks/wp/ruby/"},{"path":"recipes/4ks/wp/ruby/new/"},{"path":"recipes/4ks/wp/sapphire/armor/"},{"path":"recipes/4ks/wp/sapphire/"},{"path":"recipes/4ks/wp/sapphire/new/"},{"path":"recipes/4ks/wp/steel/armor/"},{"path":"recipes/4ks/wp/steel/"},{"path":"recipes/4ks/wp/steel/new/"},{"path":"recipes/4ks/wp/stone/"},{"path":"recipes/4ks/wp/upgradium/"},{"path":"recipes/4ks/wp/wood/"},{"path":"scripts/4ks/wp/"},{"path":"texts/"}]}