{
  "format_version": "1.16.0",
  "minecraft:entity": {
    "description": {
      "identifier": "4ks_wp:amethyst_seeker",
      "is_spawnable": false,
      "is_summonable": true,
      "is_experimental": false,
      "animations": {
        "ks": "controller.animation.4ks_wp.kill_self",
        "no_target": "controller.animation.4ks_wp.no_target"
      },
      "scripts": {
        "animate": [
          "no_target",
          "ks"
        ]
      }
    },
    "component_groups": {
      "despawn": {
        "minecraft:instant_despawn": {}
      }
    },
    "components": {
      "minecraft:timer": {
        "time": 15,
        "looping": true,
        "time_down_event": {
          "event": "4ks_wp:despawn",
          "target": "self"
        }
      },
      "minecraft:damage_sensor": {
        "triggers": [
          {
            "cause": "all",
            "deals_damage": false
          }
        ]
      },
      "minecraft:health": {
        "value": 20,
        "max": 20
      },
      "minecraft:physics": {
        "has_gravity": false
      },
      "minecraft:pushable": {
        "is_pushable": true,
        "is_pushable_by_piston": true
      },
      "minecraft:conditional_bandwidth_optimization": {},
      "minecraft:attack": {
        "damage": 20
      },
      "minecraft:breathable": {
        "total_supply": 15,
        "suffocate_time": 0,
        "breathes_air": true,
        "breathes_water": false
      },
      "minecraft:collision_box": {
        "width": 0.1,
        "height": 1
      },
      "minecraft:movement": {
        "value": 0.6
      },
      "minecraft:flying_speed": {
        "value": 0.3
      },
      "minecraft:navigation.hover": {
        "can_path_over_water": true,
        "can_sink": false,
        "can_pass_doors": false,
        "can_path_from_air": true,
        "avoid_water": true,
        "avoid_damage_blocks": true,
        "avoid_sun": false
      },
      "minecraft:movement.hover": {},
      "minecraft:follow_range": {
        "value": 999,
        "max": 999
      },
      "minecraft:behavior.nearest_attackable_target": {
        "priority": 1,
        "reselect_targets": true,
        "scan_interval": 20,
        "within_radius": 999.0,
        "must_see_forget_duration": 0.5,
        "target_search_height": 80.0,
        "entity_types": [
          {
            "filters": {
              "all_of": [
                {
                  "test": "is_family",
                  "subject": "other",
                  "value": "monster"
                },
                {
                  "none_of": {
                    "any_of": [
                      {
                        "test": "is_underwater",
                        "subject": "other",
                        "value": true
                      },
                      {
                        "test": "is_underground",
                        "subject": "other",
                        "value": true
                      },
                      {
                        "test": "in_water",
                        "subject": "other",
                        "value": true
                      }
                    ]
                  }
                }
              ]
            },
            "max_dist": 999
          }
        ]
      },
      "minecraft:behavior.melee_attack": {
        "priority": 2,
        "attack_once": true,
        "speed_multiplier": 1.4
      }
    },
    "events": {
      "4ks_wp:despawn": {
        "add": {
          "component_groups": [
            "despawn"
          ]
        }
      }
    }
  }
}