{
  "format_version": "1.17.0",
  "minecraft:entity": {
    "description": {
      "identifier": "4ks_wp:divine_beam",
      "is_spawnable": false,
      "is_summonable": true,
      "is_experimental": false,
      "animations": {
        "despawn": "animation.4ks_wp.divine_beam_despawn"
      },
      "scripts": {
        "animate": [
          "despawn"
        ]
      }
    },
    "component_groups": {
      "despawn": {
        "minecraft:instant_despawn": {
          "remove_child_entities": false
        }
      }
    },
    "components": {
      "minecraft:timer": {
        "time": 0.2,
        "looping": true,
        "time_down_event": {
          "event": "4ks_wp:run_checker",
          "target": "self"
        }
      },
      "minecraft:damage_sensor": {
        "triggers": [
          {
            "cause": "all",
            "deals_damage": false
          }
        ]
      },
      "minecraft:health": {
        "value": 1,
        "max": 1
      },
      "minecraft:collision_box": {
        "width": 0,
        "height": 0
      },
      "minecraft:physics": {
        "has_gravity": true
      },
      "minecraft:pushable": {
        "is_pushable": false,
        "is_pushable_by_piston": false
      }
    },
    "events": {
      "4ks_wp:run_checker": {
        "queue_command": {
          "command": "scriptevent 4ks_wp:divine_beam"
        }
      },
      "4ks_wp:despawn": {
        "add": {
          "component_groups": [
            "despawn"
          ]
        }
      }
    }
  }
}