{
  "format_version": "1.17.0",
  "minecraft:entity": {
    "description": {
      "identifier": "4ks_wp:invisible_hitter",
      "is_spawnable": false,
      "is_summonable": true,
      "is_experimental": false,
      "animations": {
        "check": "animation.4ks_wp.misc.invisible_hitter"
      },
      "scripts": {
        "animate": [
          "check"
        ]
      }
    },
    "component_groups": {
      "despawn": {
        "minecraft:instant_despawn": {
          "remove_child_entities": false
        }
      },
      "hit": {
        "minecraft:is_sheared": {}
      }
    },
    "components": {
      "minecraft:health": {
        "value": 1,
        "max": 1
      },
      "minecraft:collision_box": {
        "width": 1.0,
        "height": 1.0
      },
      "minecraft:physics": {
        "has_collision": false,
        "has_gravity": false
      },
      "minecraft:pushable": {
        "is_pushable": false,
        "is_pushable_by_piston": false
      },
      "minecraft:damage_sensor": {
        "triggers": [
          {
            "on_damage": {
              "filters": {
                "all_of": [
                  {
                    "test": "is_family",
                    "subject": "other",
                    "value": "player"
                  },
                  {
                    "none_of": {
                      "test": "has_component",
                      "subject": "other",
                      "value": "minecraft:is_sheared"
                    }
                  }
                ]
              },
              "event": "4ks_wp:hit"
            },
            "deals_damage": false
          },
          {
            "cause": "all",
            "deals_damage": false
          }
        ]
      }
    },
    "events": {
      "4ks_wp:hit": {
        "queue_command": {
          "command": "scriptevent 4ks_wp:invis_hit"
        },
        "add": {
          "component_groups": [
            "hit"
          ]
        }
      },
      "4ks_wp:remove_hit": {
        "remove": {
          "component_groups": [
            "hit"
          ]
        }
      },
      "4ks_wp:despawn": {
        "add": {
          "component_groups": [
            "despawn"
          ]
        }
      }
    }
  }
}