{
  "format_version": "1.16.0",
  "minecraft:entity": {
    "description": {
      "identifier": "4ks_wp:player_netherite_explode",
      "is_spawnable": false,
      "is_summonable": true,
      "is_experimental": false
    },
    "component_groups": {
      "4ks_wp:despawn": {
        "minecraft:instant_despawn": {
          "remove_child_entities": false
        }
      }
    },
    "components": {
      "minecraft:behavior.knockback_roar": {
        "attack_time": 0.1,
        "cooldown_time": 0,
        "duration": 0.1,
        "knockback_damage": 15,
        "knockback_range": 5,
        "track_target": false,
        "knockback_strength": 1,
        // "knockback_horizontal_strength": 8,
        "knockback_height_cap": 0.2,
        // "knockback_vertical_strength": 0,
        "knockback_filters": {
          "test": "is_family",
          "subject": "other",
          "value": "mob"
        },
        "damage_filters": {
          "test": "is_family",
          "subject": "other",
          "value": "mob"
        },
        "on_roar_end": {
          "event": "4ks_wp:despawn"
        }
      },
      "minecraft:damage_sensor": {
        "triggers": [
          {
            "deals_damage": false
          }
        ]
      },
      "minecraft:collision_box": {
        "width": 0.0001,
        "height": 0.0001
      },
      "minecraft:push_through": {
        "value": 1
      },
      "minecraft:scale": {
        "value": 1
      },
      "minecraft:pushable": {
        "is_pushable": false,
        "is_pushable_by_piston": false
      },
      "minecraft:health": {
        "value": 1,
        "max": 1
      },
      "minecraft:knockback_resistance": {
        "value": 1.0
      },
      "minecraft:behavior.float": {
        "priority": 0
      },
      "minecraft:physics": {
        "has_collision": false,
        "has_gravity": false
      }
    },
    "events": {
      "4ks_wp:despawn": {
        "add": {
          "component_groups": [
            "4ks_wp:despawn"
          ]
        }
      }
    }
  }
}