{
  "format_version": "1.16.0",
  "minecraft:entity": {
    "description": {
      "identifier": "4ks_wp:uranium_projectile",
      "is_spawnable": false,
      "is_summonable": true,
      "is_experimental": false,
      "animations": {
        "despawn": "animation.4ks_wp.despawn"
      },
      "scripts": {
        "animate": [
          {
            "despawn": "query.is_on_ground"
          }
        ]
      }
    },
    "component_groups": {
      "despawn": {
        "minecraft:instant_despawn": {}
      }
    },
    "components": {
      "minecraft:damage_sensor": {
        "triggers": [
          {
            "cause": "all",
            "deals_damage": false
          }
        ]
      },
      "minecraft:despawn": {
        "despawn_from_distance": {
          "max_distance": 160
        },
        "despawn_from_inactivity": true,
        "despawn_from_simulation_edge": true,
        "min_range_inactivity_timer": 10
      },
      "minecraft:type_family": {
        "family": [
          "projectile"
        ]
      },
      "minecraft:custom_hit_test": {
        "hitboxes": [
          {
            "width": 1,
            "height": 1,
            "pivot": [
              0,
              0,
              0
            ]
          }
        ]
      },
      "minecraft:projectile": {
        "on_hit": {
          "impact_damage": {
            "damage": 0,
            "knockback": true,
            "semi_random_diff_damage": false,
            "destroy_on_hit": false
          },
          "stick_in_ground": {
            "shake_time": 0.35
          }
        },
        "power": 1.6,
        "gravity": 0.05,
        "uncertainty_base": 16,
        "uncertainty_multiplier": 4,
        "anchor": 1,
        "should_bounce": true,
        "offset": [
          0,
          -0.1,
          0
        ]
      },
      "minecraft:physics": {
        "has_gravity": false
      },
      "minecraft:pushable": {
        "is_pushable": true,
        "is_pushable_by_piston": true
      },
      "minecraft:conditional_bandwidth_optimization": {
        "default_values": {
          "max_optimized_distance": 100.0,
          "max_dropped_ticks": 7,
          "use_motion_prediction_hints": true
        }
      }
    },
    "events": {
      "4ks_wp:despawn": {
        "add": {
          "component_groups": [
            "despawn"
          ]
        }
      }
    }
  }
}