{
	"format_version": "1.16.100",
	"minecraft:entity": {
		"description": {
			"identifier": "mbl_fish:casting_net_real",
			"is_spawnable": false,
			"is_summonable": false,
			"is_experimental": false
	},
		"component_groups": {
            "net_01":{

                "minecraft:timer": {
                 "looping": false,
                 "time": [60.0, 90.0],
                  "time_down_event": {
                    "event": "mbl_net_02"
          }
            },
				"minecraft:variant": {
					"value": 0
				}
			},
			"net_02":{
                "minecraft:timer": {
                    "looping": false,
                    "time": [90.0, 120.0],
                     "time_down_event": {
                       "event": "mbl_net_03"
             }
               },
                "minecraft:interact": {
                    "interactions": [
                        {
                            "on_interact": {
                                "filters": {
                                    "all_of": [
                                        {
                                            "test": "is_family",
                                            "subject": "other",
                                            "value": "player"
                                        }
                                    ]
                                },
                                "event": "mbl_net_01",
                                "target": "self"
                            },
                            "swing": true,
                            "play_sounds": "milk",
                            "interact_text": "Collect",
                            "spawn_items": {
                                "table": "loot_tables/gameplay/fishing/mbl_fish_net_c.json"
                            }
    
                        }
                    ]
                },
				"minecraft:variant": {
					"value": 1
				}
			},
			"net_03":{
                "minecraft:timer": {
                    "looping": false,
                    "time": [120.0, 150.0],
                     "time_down_event": {
                       "event": "mbl_net_04"
             }
               },
                "minecraft:interact": {
                    "interactions": [
                        {
                            "on_interact": {
                                "filters": {
                                    "all_of": [
                                        {
                                            "test": "is_family",
                                            "subject": "other",
                                            "value": "player"
                                        }
                                    ]
                                },
                                "event": "mbl_net_01",
                                "target": "self"
                            },
                            "swing": true,
                            "play_sounds": "milk",
                            "interact_text": "Collect",
                            "spawn_items": {
                                "table": "loot_tables/gameplay/fishing/mbl_fish_net_uc.json"
                            }
    
                        }
                    ]
                },
				"minecraft:variant": {
					"value": 2
				}
			},
			"net_04":{

                "minecraft:interact": {
                    "interactions": [
                        {
                            "on_interact": {
                                "filters": {
                                    "all_of": [
                                        {
                                            "test": "is_family",
                                            "subject": "other",
                                            "value": "player"
                                        }
                                    ]
                                },
                                "event": "mbl_net_01",
                                "target": "self"
                            },
                            "swing": true,
                            "play_sounds": "milk",
                            "interact_text": "Collect",
                            "spawn_items": {
                                "table": "loot_tables/gameplay/fishing/mbl_fish_net_r.json"
                            }
    
                        }
                    ]
                },
				"minecraft:variant": {
					"value": 3
				}
			}

		},
		"components": {

			"minecraft:collision_box": {
				"width": 1,
				"height": 1
			},
			"minecraft:health": {
				"value": 2,
				"max": 2
			},
			"minecraft:hurt_on_condition": {
				"damage_conditions": [
					{
						"filters": {
							"test": "in_lava",
							"subject": "self",
							"operator": "==",
							"value": true
						},
						"cause": "lava",
						"damage_per_tick": 4
					}
				]
			},
			"minecraft:loot": {
				"table": "loot_tables/mobblocks/fish/entities/sea_net.json"
			},
			"minecraft:scale": {
				"value": 1
			},
			"minecraft:breathable": {
				"total_supply": 15,
				"suffocate_time": 0,
				"breathes_air": false,
				"breathes_water": true
			},

			"minecraft:underwater_movement": {
				"value": 0.1
			},
			"minecraft:physics": {
				"has_gravity": true
			},
			"minecraft:pushable": {
				"is_pushable": true,
				"is_pushable_by_piston": true
			},
			"minecraft:movement": {
				"value": 0.25
			},
			"minecraft:navigation.walk": {
				"is_amphibious": false,
				"can_path_over_water": true,
				"can_pass_doors": false,
				"can_open_doors": true,
				"avoid_water": true
			},
			"minecraft:movement.basic": {},
			"minecraft:jump.static": {},
			"minecraft:can_climb": {},
			"minecraft:behavior.float": {
				"priority": 0
			  }


		},

		"events":{
			"minecraft:entity_spawned": {
				"add": {"component_groups": ["net_01"]},
                "remove": {"component_groups": ["net_02","net_03","net_04"]}
					
				
			},
            "mbl_net_01": {
				"add": {"component_groups": ["net_01"]},
                "remove": {"component_groups": ["net_02","net_03","net_04"]}
					
				
			},
            "mbl_net_02": {
				"add": {"component_groups": ["net_02"]},
                "remove": {"component_groups": ["net_01","net_03","net_04"]}
					
				
			},
            "mbl_net_03": {
				"add": {"component_groups": ["net_03"]},
                "remove": {"component_groups": ["net_02","net_01","net_04"]}
					
				
			},
            "mbl_net_04": {
				"add": {"component_groups": ["net_04"]},
                "remove": {"component_groups": ["net_02","net_03","net_01"]}
					
				
			}
		}
	}
}