{
	"format_version": "1.10.0",
	"particle_effect": {
		"description": {
			"identifier": "xp_furniture:merchant.run.puffs",
			"basic_render_parameters": {
				"material": "particles_blend",
				"texture": "textures/xp/fpack/particle/xp_sprite"
			}
		},
		"curves": {
			"variable.size": {
				"type": "linear",
				"input": "v.particle_age",
				"horizontal_range": "v.particle_lifetime",
				"nodes": [1, 0]
			}
		},
		"components": {
			"minecraft:emitter_rate_instant": {
				"num_particles": 1
			},
			"minecraft:emitter_lifetime_expression": {
				"activation_expression": "q.is_on_ground",
				"expiration_expression": "!q.is_on_ground"
			},
			"minecraft:emitter_shape_disc": {
				"offset": [0, -0.05, 0],
				"radius": 0.15,
				"surface_only": true,
				"direction": ["math.random(-1, 1)", 0, "math.random(-1, 21)"]
			},
			"minecraft:particle_lifetime_expression": {
				"max_lifetime": "math.random(0.2,1)"
			},
			"minecraft:particle_expire_if_in_blocks": ["minecraft:water"],
			"minecraft:particle_initial_spin": {
				"rotation": "math.random(0, 360)",
				"rotation_rate": "math.random(5, 30)"
			},
			"minecraft:particle_initial_speed": "math.random(0.5, 1.5)",
			"minecraft:particle_motion_dynamic": {
				"linear_acceleration": [0, "v.particle_random_2 * 0.5", 0],
				"linear_drag_coefficient": "math.random(1, 2)",
				"rotation_drag_coefficient": 5
			},
			"minecraft:particle_appearance_billboard": {
				"size": ["(0.45*v.particle_random_1)*v.size", "(0.45*v.particle_random_1)*v.size"],
				"facing_camera_mode": "rotate_xyz",
				"uv": {
					"texture_width": 256,
					"texture_height": 256,
					"flipbook": {
						"base_UV": [240, 0],
						"size_UV": [16, 16],
						"step_UV": [0, 16],
						"frames_per_second": 1,
						"max_frame": 8,
						"stretch_to_lifetime": true
					}
				}
			},
			"minecraft:particle_appearance_lighting": {},
			"minecraft:particle_appearance_tinting": {
				"color": [0.81961, 0.81961, 0.81961, 0.25098]
			}
		}
	}
}