{
	"format_version": "1.10.0",
	"particle_effect": {
		"description": {
			"identifier": "xp_furniture:merchant.run.bits",
			"basic_render_parameters": {
				"material": "particles_alpha",
				"texture": "textures/particle/particles"
			}
		},
		"curves": {
			"variable.size": {
				"type": "linear",
				"input": "v.particle_age",
				"horizontal_range": "v.particle_lifetime",
				"nodes": [1, 1, 1, 1, 1, 1, 0]
			}
		},
		"components": {
			"minecraft:emitter_rate_instant": {
				"num_particles": 1
			},
			"minecraft:emitter_lifetime_expression": {
				"activation_expression": "q.is_on_ground",
				"expiration_expression": "!q.is_on_ground"
			},
			"minecraft:emitter_shape_disc": {
				"offset": [0, -0.1, 0],
				"radius": 0.1,
				"direction": ["Math.random(-3,3)", -6, "Math.random(-3,13)"]
			},
			"minecraft:particle_lifetime_expression": {
				"max_lifetime": "Math.random(3,6)"
			},
			"minecraft:particle_initial_speed": "Math.random(1, 3)",
			"minecraft:particle_motion_dynamic": {
				"linear_acceleration": [0, -9.8, 0],
				"linear_drag_coefficient": 0.5
			},
			"minecraft:particle_appearance_billboard": {
				"size": ["(variable.particle_random_1*0.25)*v.size", "(variable.particle_random_1*0.25)*v.size"],
				"facing_camera_mode": "lookat_xyz",
				"uv": {
					"texture_width": 128,
					"texture_height": 128,
					"uv": [0, 0],
					"uv_size": [8, 8]
				}
			},
			"minecraft:particle_motion_collision": {
				"collision_drag": 3,
				"coefficient_of_restitution": 0.25,
				"collision_radius": 0.05
			},
			"minecraft:particle_appearance_lighting": {},
			"minecraft:particle_appearance_tinting": {
				"color": {
					"interpolant": "v.particle_random_4",
					"gradient": {
						"0.0": "#FF79553A",
						"0.42": "#FF79553A",
						"0.48": "#FF593D29",
						"0.69": "#FF593D29",
						"0.76": "#FFB9855C",
						"1.0": "#FFB9855C"
					}
				}
			}
		}
	}
}