{
	"format_version": "1.8.0",
	"animations": {
		"animation.pod_farm.bison.idle_mouth": {
			"loop": true,
			"bones": {
				"mouth": {
					"rotation": [1.8, 0, 0]
				},
				"neck": {
					"position": [0, 0, 0]
				}
			}
		},
		"animation.pod_farm.bison.roaring": {
			"loop": true,
			"bones": {
				"mouth": {
					"rotation": ["math.sin(math.min(query.anim_time / variable.roar_length, 1.0) * 180) * 40.0", 0, 0]
				}
			}
		},
		"animation.pod_farm.bison.stunned": {
			"loop": true,
			"bones": {
				"neck": {
					"rotation": [15, 0, 0],
					"position": ["math.sin(query.life_time * 180.0) * 1", -2, 0]
				}
			}
		},
		"animation.pod_farm.bison.walk": {
			"anim_time_update": "query.modified_distance_moved",
			"loop": true,
			"bones": {
				"leg0": {
					"rotation": ["math.cos(query.anim_time * 38.17) *  22.92", 0, 0]
				},
				"leg1": {
					"rotation": ["math.cos(query.anim_time * 38.17) * -22.92", 0, 0]
				},
				"leg2": {
					"rotation": ["math.cos(query.anim_time * 38.17) * -22.92", 0, 0]
				},
				"leg3": {
					"rotation": ["math.cos(query.anim_time * 38.17) *  22.92", 0, 0]
				}
			}
		}
	}
}