{
	"format_version": "1.8.0",
	"animations": {
		"animation.pod_farm.blender_fill.blend": {
			"animation_length": 1.7917,
			"bones": {
				"main": {
					"rotation": {
						"0.0": [0, 0, 0],
						"0.0417": {"pre": [0, 0, 0], "post": [0, 90, 0]},
						"0.0833": {"pre": [0, 90, 0], "post": [0, 180, 0]},
						"0.125": {"pre": [0, 180, 0], "post": [0, 270, 0]},
						"0.1667": {"pre": [0, 270, 0], "post": [0, 0, 0]},
						"0.2083": {"pre": [0, 0, 0], "post": [0, 90, 0]},
						"0.25": {"pre": [0, 90, 0], "post": [0, 180, 0]},
						"0.2917": {"pre": [0, 180, 0], "post": [0, 270, 0]},
						"0.3333": {"pre": [0, 270, 0], "post": [0, 0, 0]},
						"0.375": {"pre": [0, 0, 0], "post": [0, 90, 0]},
						"0.4167": {"pre": [0, 90, 0], "post": [0, 180, 0]},
						"0.4583": {"pre": [0, 180, 0], "post": [0, 270, 0]},
						"0.5": {"pre": [0, 270, 0], "post": [0, 0, 0]},
						"0.5417": {"pre": [0, 0, 0], "post": [0, 90, 0]},
						"0.5833": {"pre": [0, 90, 0], "post": [0, 180, 0]},
						"0.625": {"pre": [0, 180, 0], "post": [0, 270, 0]},
						"0.6667": {"pre": [0, 270, 0], "post": [0, 0, 0]},
						"0.7083": {"pre": [0, 0, 0], "post": [0, 90, 0]},
						"0.75": {"pre": [0, 90, 0], "post": [0, 180, 0]},
						"0.7917": {"pre": [0, 180, 0], "post": [0, 270, 0]},
						"0.8333": {"pre": [0, 270, 0], "post": [0, 0, 0]},
						"0.875": {"pre": [0, 0, 0], "post": [0, 90, 0]},
						"0.9167": {"pre": [0, 90, 0], "post": [0, 180, 0]},
						"0.9583": {"pre": [0, 180, 0], "post": [0, 270, 0]},
						"1.0": {"pre": [0, 270, 0], "post": [0, 0, 0]},
						"1.0417": {"pre": [0, 0, 0], "post": [0, 90, 0]},
						"1.0833": {"pre": [0, 90, 0], "post": [0, 180, 0]},
						"1.125": {"pre": [0, 180, 0], "post": [0, 270, 0]},
						"1.1667": {"pre": [0, 270, 0], "post": [0, 0, 0]},
						"1.2083": {"pre": [0, 0, 0], "post": [0, 90, 0]},
						"1.25": {"pre": [0, 90, 0], "post": [0, 180, 0]},
						"1.2917": {"pre": [0, 180, 0], "post": [0, 270, 0]},
						"1.3333": {"pre": [0, 270, 0], "post": [0, 0, 0]},
						"1.375": {"pre": [0, 0, 0], "post": [0, 90, 0]},
						"1.4167": {"pre": [0, 90, 0], "post": [0, 180, 0]},
						"1.4583": {"pre": [0, 180, 0], "post": [0, 270, 0]},
						"1.5": {"pre": [0, 270, 0], "post": [0, 0, 0]},
						"1.5833": {"pre": [0, 0, 0], "post": [0, 90, 0]},
						"1.6667": {"pre": [0, 90, 0], "post": [0, 180, 0]},
						"1.75": {"pre": [0, 180, 0], "post": [0, 270, 0]}
					}
				}
			}
		}
	}
}