{
	"format_version": "1.8.0",
	"animations": {
		"animation.pod_farm.mini_fridge.new": {
			"loop": true
		},
		"animation.pod_farm.fridge.single": {
			"loop": true,
			"bones": {
				"connect_up": {
					"scale": 0
				},
				"connect_down": {
					"scale": 0
				}
			}
		},
		"animation.pod_farm.fridge.connect_down": {
			"loop": "hold_on_last_frame",
			"bones": {
				"connect_up": {
					"scale": 0
				},
				"connect_down": {
					"scale": 1
				},
				"single": {
					"scale": 0
				}
			}
		},
		"animation.pod_farm.fridge.connect_up": {
			"loop": "hold_on_last_frame",
			"bones": {
				"connect_up": {
					"scale": 1
				},
				"connect_down": {
					"scale": 0
				},
				"single": {
					"scale": 0
				}
			}
		},
		"animation.pod_farm.fridge.open": {
			"loop": "hold_on_last_frame",
			"animation_length": 0.5,
			"bones": {
				"door": {
					"rotation": {
						"0.0": [0, 0, 0],
						"0.2": [0, 90, 0],
						"0.3": [0, 91, 0],
						"0.4": [0, 89.5, 0]
					}
				}
			}
		},
		"animation.pod_farm.fridge.close": {
			"loop": "hold_on_last_frame",
			"animation_length": 0.5,
			"bones": {
				"door": {
					"rotation": {
						"0.0": [0, 89.5, 0],
						"0.2": [0, 0, 0],
						"0.3": [0, -0.75, 0],
						"0.4": [0, 0, 0]
					}
				}
			}
		}
	}
}