{
  "format_version": "1.8.0",
  "animations": {
    "animation.pod_farm.goose.baby_transform": {
      "loop": true,
      "bones": {
        "head": {
          "scale": 1.2
        }
      }
    },
    "animation.pod_farm.goose.general": {
      "loop": true,
      "bones": {
        "wing0": {
          "rotation": [
            "math.abs(variable.wing_flap) < 5 ? 0 : -22.5",
            0,
            "0+variable.wing_flap - this"
          ]
        },
        "wing1": {
          "rotation": [
            "math.abs(variable.wing_flap) < 5 ? 0 : -22.5",
            0,
            "0-variable.wing_flap - this"
          ]
        }
      }
    },
    "animation.pod_farm.goose.move": {
      "loop": true,
      "anim_time_update": "query.modified_distance_moved * (query.is_in_water ? 10 : 1)",
      "bones": {
        "leg0": {
          "rotation": ["math.cos(query.anim_time * 38.17) *  80.0", 0, 0]
        },
        "leg1": {
          "rotation": ["math.cos(query.anim_time * 38.17) * -80.0", 0, 0]
        }
      }
    },
    "animation.pod_farm.goose.swim": {
      "loop": "hold_on_last_frame",
      "bones": {
        "leg0": {
          "rotation": [50, 0, 0],
          "position": [0, 0, 2]
        },
        "leg1": {
          "rotation": [50, 0, 0],
          "position": [0, 0, 2]
        },
        "foot0": {
          "rotation": [-40, 0, 0]
        },
        "foot1": {
          "rotation": [-40, 0, 0]
        }
      }
    }
  }
}
