{
  "format_version": "1.8.0",
  "animations": {
    "animation.pod_farm.peacock.baby_transform": {
      "loop": true,
      "bones": {
        "head": {
          "scale": 1.5
        }
      }
    },
    "animation.pod_farm.peacock.general": {
      "loop": true,
      "bones": {
        "wing0": {
          "rotation": [0, 0, "variable.wing_flap - this"]
        },
        "wing1": {
          "rotation": [0, 0, "-variable.wing_flap - this"]
        }
      }
    },
    "animation.pod_farm.peacock.move": {
      "loop": true,
      "anim_time_update": "query.modified_distance_moved",
      "bones": {
        "leg0": {
          "rotation": ["math.cos(query.anim_time * 38.17) *  80.0", 0, 0]
        },
        "leg1": {
          "rotation": ["math.cos(query.anim_time * 38.17) * -80.0", 0, 0]
        }
      }
    },
    "animation.pod_farm.peacock.expand": {
      "animation_length": 10,
      "bones": {
        "left2": {
          "rotation": {
            "0.0": [0, 0, 0],
            "0.5": [40.98084, 11.43563, 9.77243],
            "9.0": [40, 15, 0],
            "10.0": [0, 0, 0]
          }
        },
        "middle": {
          "rotation": {
            "0.0": [0, 0, 0],
            "0.5": [40, 0, 0],
            "9.0": [40, 0, 0],
            "10.0": [0, 0, 0]
          }
        },
        "right": {
          "rotation": {
            "0.0": [0, 0, 0],
            "0.5": [40.98084, -11.43563, -9.77243],
            "9.0": [40, -15, 0],
            "10.0": [0, 0, 0]
          }
        },
        "left": {
          "rotation": {
            "0.0": [0, 0, 0],
            "0.5": [40.98084, 11.43563, 9.77243],
            "9.0": [40, 15, 0],
            "10.0": [0, 0, 0]
          }
        },
        "right2": {
          "rotation": {
            "0.0": [0, 0, 0],
            "0.5": [40.98084, -11.43563, -9.77243],
            "9.0": [40, -15, 0],
            "10.0": [0, 0, 0]
          }
        },
        "middle2": {
          "rotation": {
            "0.0": [0, 0, 0],
            "0.5": [40, 0, 0],
            "9.0": [40, 0, 0],
            "10.0": [0, 0, 0]
          }
        }
      }
    }
  }
}
