{
  "format_version": "1.10.0",
  "minecraft:client_entity": {
    "description": {
      "identifier": "xp_furniture:aquarium",
      "materials": {
        "default": "entity_alphatest",
        "case": "xp_furniture_uvanim",
        "water": "xp_furniture_uvanimblend",

        "block_outline": "xp_furniture_boutline",
        "block_destruct_masked": "xp_furniture_bdestructmask"
      },
      "textures": {
        "empty": "textures/xp/fpack/entity/func/aquarium/empty",
        "full": "textures/xp/fpack/entity/func/aquarium/empty",
        "half_full": "textures/xp/fpack/entity/func/aquarium/empty",
        "water": "textures/xp/fpack/entity/func/aquarium/water",

        "salmon": "textures/xp/fpack/entity/func/aquarium/salmon",
        "cod": "textures/xp/fpack/entity/func/aquarium/cod",
        "pufferfish": "textures/xp/fpack/entity/func/aquarium/pufferfish",
        "clownfish": "textures/xp/fpack/entity/func/aquarium/clownfish",
        "cotton_candy_betta": "textures/xp/fpack/entity/func/aquarium/betta",
        "dottyback": "textures/xp/fpack/entity/func/aquarium/dottyback",
        "ornate_butterflyfish": "textures/xp/fpack/entity/func/aquarium/ornate",

        "block_outline": "textures/xp/fpack/entity/block_outline",

        "block_destruct.stage_1": "textures/xp/fpack/overlays/destroy_64/3",
        "block_destruct.stage_2": "textures/xp/fpack/overlays/destroy_64/6",
        "block_destruct.stage_3": "textures/xp/fpack/overlays/destroy_64/9"
      },
      "geometry": {
        "empty": "geometry.xp_furniture.aquarium_empty",
        "full": "geometry.xp_furniture.aquarium_full",
        "half_full": "geometry.xp_furniture.aquarium_half_full",

        "salmon": "geometry.xp_furniture.aquarium_fish.salmon",
        "cod": "geometry.xp_furniture.aquarium_fish.cod",
        "pufferfish": "geometry.xp_furniture.aquarium_fish.pufferfish",
        "tropical_a": "geometry.xp_furniture.aquarium_fish.tropical_a",
        "tropical_a2": "geometry.xp_furniture.aquarium_fish.tropical_a2",
        "tropical_b": "geometry.xp_furniture.aquarium_fish.tropical_b",
        "tropical_b2": "geometry.xp_furniture.aquarium_fish.tropical_b2"
      },
      "scripts": {
        "pre_animation": [
          /* Psuedo-block visual expression parameters */
          "v.horizontal_threshold = 35;",
          "v.vertical_threshold = 35;",
          "v.vertical_offset = 0;",

          "v.camera_rot = -Math.atan2(-q.distance_from_camera * Math.sin(q.rotation_to_camera(0)) + v.vertical_offset, q.distance_from_camera * Math.cos(q.rotation_to_camera(0)));",
          "v.look_at_entity = Math.abs(Math.abs(q.rotation_to_camera(1) - q.camera_rotation(1)) - 180) < (v.horizontal_threshold / q.distance_from_camera) && Math.abs(v.camera_rot + q.camera_rotation(0)) < (v.vertical_threshold / q.distance_from_camera);"
        ],
        "animate": [
          "root",
          "align",
          "seaweed"
        ]
      },
      "animations": {
        "root": "controller.animation.xp_furniture.aquarium",
        "align": "animation.xp_furniture.aquarium.align",
        "seaweed": "animation.xp_furniture.aquarium.seaweed",

        "fish.empty": "animation.xp_furniture.aquarium.fish.empty",
        "fish.salmon": "animation.xp_furniture.aquarium.fish.salmon",
        "fish.cod": "animation.xp_furniture.aquarium.fish.cod",
        "fish.pufferfish": "animation.xp_furniture.aquarium.fish.pufferfish",
        "fish.tropical_a1_a2": "animation.xp_furniture.aquarium.fish.tropical_a1_a2",
        "fish.tropical_b1_b2": "animation.xp_furniture.aquarium.fish.tropical_b1_b2",
        "fish.tropical_a1_b2": "animation.xp_furniture.aquarium.fish.tropical_a1_b2",
        "fish.tropical_b1_a2": "animation.xp_furniture.aquarium.fish.tropical_b1_a2"
      },
      "render_controllers": [
        "controller.render.xp_furniture.aquarium.case",
        "controller.render.xp_furniture.aquarium.water",
        { "controller.render.xp_furniture.aquarium.fish": "q.property('xp_furniture:fish_type') != 'empty'" },
        "controller.render.xp_furniture.aquarium.block_destruct",

        "controller.render.xp_furniture.aquarium.block_outline"
      ],
      "spawn_egg": {
        "texture": "xp_furniture:aquarium",
        "texture_index": 0
      }
    }
  }
}
