{
  "format_version": "1.10.0",
  "minecraft:client_entity": {
    "description": {
      "identifier": "xp_furniture:barred_door",
      "materials": {
        "default": "entity_alphatest",

        "block_outline": "xp_furniture_boutline",
        "block_destruct_masked": "xp_furniture_bdestructmask"
      },
      "textures": {
        "default": "textures/xp/fpack/entity/func/barred_door",

        "block_outline": "textures/xp/fpack/entity/block_outline",

        "block_destruct.stage_1": "textures/xp/fpack/overlays/destroy_80/3",
        "block_destruct.stage_2": "textures/xp/fpack/overlays/destroy_80/6",
        "block_destruct.stage_3": "textures/xp/fpack/overlays/destroy_80/9"
      },
      "geometry": {
        "default": "geometry.xp_furniture.barred_door"
      },
      "scripts": {
        "pre_animation": [
          /* Psuedo-block visual expression parameters */
          "v.horizontal_threshold = 35;",
          "v.vertical_threshold = 35;",
          "v.vertical_offset = 0;",

          "v.camera_rot = -Math.atan2(-q.distance_from_camera * Math.sin(q.rotation_to_camera(0)) + v.vertical_offset, q.distance_from_camera * Math.cos(q.rotation_to_camera(0)));",
          "v.look_at_entity = Math.abs(Math.abs(q.rotation_to_camera(1) - q.camera_rotation(1)) - 180) < (v.horizontal_threshold / q.distance_from_camera) && Math.abs(v.camera_rot + q.camera_rotation(0)) < (v.vertical_threshold / q.distance_from_camera);"
        ],
        "animate": [
          "open_and_close",
          "barred_front",
          "barred_back",
          "align"
        ]
      },
      "animations": {
        "open_and_close": "controller.animation.xp_furniture.barred_door.open_and_close",
        "align": "animation.xp_furniture.barred_door.align",

        "barred_front": "controller.animation.xp_furniture.barred_door.barred_front",
        "closed_state": "animation.xp_furniture.barred_door.closed_state",
        "open": "animation.xp_furniture.barred_door.open",
        "open_state": "animation.xp_furniture.barred_door.open_state",
        "close": "animation.xp_furniture.barred_door.close",
        "shake": "animation.xp_furniture.barred_door.shake",
        "locked_state": "animation.xp_furniture.barred_door.locked_state",
        "unlock": "animation.xp_furniture.barred_door.unlock",
        "unlocked_state": "animation.xp_furniture.barred_door.unlocked_state",
        "lock": "animation.xp_furniture.barred_door.lock",

        "barred_back": "controller.animation.xp_furniture.barred_door.barred_back",
        "open_reversed": "animation.xp_furniture.barred_door.open_reversed",
        "open_state_reversed": "animation.xp_furniture.barred_door.open_state_reversed",
        "close_reversed": "animation.xp_furniture.barred_door.close_reversed",
        "shake_reversed": "animation.xp_furniture.barred_door.shake_reversed",
        "locked_state_reversed": "animation.xp_furniture.barred_door.locked_state_reversed",
        "unlock_reversed": "animation.xp_furniture.barred_door.unlock_reversed",
        "unlocked_state_reversed": "animation.xp_furniture.barred_door.unlocked_state_reversed",
        "lock_reversed": "animation.xp_furniture.barred_door.lock_reversed"
      },
      "sound_effects": {
        "close": "xp_furniture:barred_door.close",
        "lock": "xp_furniture:barred_door.lock",
        "locked": "xp_furniture:barred_door.locked",
        "open": "xp_furniture:barred_door.open",
        "unlock": "xp_furniture:barred_door.unlock"
      },
      "render_controllers": [
        "controller.render.xp_furniture.barred_door",
        "controller.render.xp_furniture.barred_door.block_outline",

        "controller.render.xp_furniture.block_destruct_masked"
      ]
    }
  }
}
