{
  "format_version": "1.10.0",
  "minecraft:client_entity": {
    "description": {
      "identifier": "xp_furniture:big_chest",
      "materials": {
        "default": "entity_alphatest",

        "block_outline": "xp_furniture_boutline",
        "block_destruct_masked": "xp_furniture_bdestructmask"
      },
      "textures": {
        "default": "textures/xp/fpack/entity/func/big_chest/big_chest",
        "christmas": "textures/xp/fpack/entity/func/big_chest/big_chest_christmas",

        "black": "textures/xp/fpack/entity/func/big_chest/painted/black_big_chest",
        "blue": "textures/xp/fpack/entity/func/big_chest/painted/blue_big_chest",
        "brown": "textures/xp/fpack/entity/func/big_chest/painted/brown_big_chest",
        "cyan": "textures/xp/fpack/entity/func/big_chest/painted/cyan_big_chest",
        "gray": "textures/xp/fpack/entity/func/big_chest/painted/gray_big_chest",
        "green": "textures/xp/fpack/entity/func/big_chest/painted/green_big_chest",
        "light_blue": "textures/xp/fpack/entity/func/big_chest/painted/light_blue_big_chest",
        "light_gray": "textures/xp/fpack/entity/func/big_chest/painted/light_gray_big_chest",
        "lime": "textures/xp/fpack/entity/func/big_chest/painted/lime_big_chest",
        "magenta": "textures/xp/fpack/entity/func/big_chest/painted/magenta_big_chest",
        "orange": "textures/xp/fpack/entity/func/big_chest/painted/orange_big_chest",
        "pink": "textures/xp/fpack/entity/func/big_chest/painted/pink_big_chest",
        "purple": "textures/xp/fpack/entity/func/big_chest/painted/purple_big_chest",
        "red": "textures/xp/fpack/entity/func/big_chest/painted/red_big_chest",
        "white": "textures/xp/fpack/entity/func/big_chest/painted/white_big_chest",
        "yellow": "textures/xp/fpack/entity/func/big_chest/painted/yellow_big_chest",

        "block_outline": "textures/xp/fpack/entity/block_outline",

        "block_destruct.stage_1": "textures/xp/fpack/overlays/destroy_128/3",
        "block_destruct.stage_2": "textures/xp/fpack/overlays/destroy_128/6",
        "block_destruct.stage_3": "textures/xp/fpack/overlays/destroy_128/9"
      },
      "geometry": {
        "default": "geometry.xp_furniture.big_chest",
        "christmas": "geometry.xp_furniture.big_chest_christmas"
      },
      "scripts": {
        "pre_animation": [
          /* Psuedo-block visual expression parameters */
          "v.horizontal_threshold = 35;",
          "v.vertical_threshold = 35;",
          "v.vertical_offset = 0;",

          "v.camera_rot = -Math.atan2(-q.distance_from_camera * Math.sin(q.rotation_to_camera(0)) + v.vertical_offset, q.distance_from_camera * Math.cos(q.rotation_to_camera(0)));",
          "v.look_at_entity = Math.abs(Math.abs(q.rotation_to_camera(1) - q.camera_rotation(1)) - 180) < (v.horizontal_threshold / q.distance_from_camera) && Math.abs(v.camera_rot + q.camera_rotation(0)) < (v.vertical_threshold / q.distance_from_camera);"
        ],
        "animate": [ "root", "align" ]
      },
      "animations": {
        "root": "controller.animation.xp_furniture.containers",
        "align": "animation.xp_furniture.big_chest.align",

        "closed_state": "animation.xp_furniture.big_chest.closed_state",
        "open": "animation.xp_furniture.big_chest.open",
        "open_state": "animation.xp_furniture.big_chest.open_state",
        "close": "animation.xp_furniture.big_chest.close"
      },
      "sound_effects": {
        "open": "xp_furniture:big_chest.open",
        "closed": "xp_furniture:big_chest.close"
      },
      "render_controllers": [
        { "controller.render.xp_furniture.big_chest": "!q.property('xp_furniture:is_dyed')" },
        { "controller.render.xp_furniture.dye_variants": "q.property('xp_furniture:is_dyed')" },

        "controller.render.xp_furniture.big_chest.block_outline",
        "controller.render.xp_furniture.block_destruct_masked"
      ]
    }
  }
}
