{
  "format_version": "1.10.0",
  "minecraft:client_entity": {
    "description": {
      "identifier": "xp_furniture:chicken_nest",
      "materials": {
        "default": "entity_alphatest",

        "block_outline": "xp_furniture_boutline",
        "block_destruct_masked": "xp_furniture_bdestructmask"
      },
      "textures": {
        "default": "textures/xp/fpack/entity/func/chicken_nest",

        "block_outline": "textures/xp/fpack/entity/block_outline",

        "block_destruct.stage_1": "textures/xp/fpack/overlays/destroy_64/3",
        "block_destruct.stage_2": "textures/xp/fpack/overlays/destroy_64/6",
        "block_destruct.stage_3": "textures/xp/fpack/overlays/destroy_64/9"
      },
      "geometry": {
        "default": "geometry.xp_furniture.chicken_nest",

        "block_outline": "geometry.xp_furniture.block_outline"
      },
      "scripts": {
        "pre_animation": [
          /* Psuedo-block visual expression parameters */
          "v.horizontal_threshold = 40;",
          "v.vertical_threshold = 40;",
          "v.vertical_offset = -0;",

          "v.block_outline_size_x = 0.705;",
          "v.block_outline_size_y = 0.4;",
          "v.block_outline_size_z = 0.705;",
          "v.block_outline_offset_x = 0.0;",
          "v.block_outline_offset_y = -0.3;",
          "v.block_outline_offset_z = 0.0;",

          "v.camera_rot = -Math.atan2(-q.distance_from_camera * Math.sin(q.rotation_to_camera(0)) + v.vertical_offset, q.distance_from_camera * Math.cos(q.rotation_to_camera(0)));",
          "v.look_at_entity = Math.abs(Math.abs(q.rotation_to_camera(1) - q.camera_rotation(1)) - 180) < (v.horizontal_threshold / q.distance_from_camera) && Math.abs(v.camera_rot + q.camera_rotation(0)) < (v.vertical_threshold / q.distance_from_camera);"
        ],
        "animate": [
          "align",
          { "no_egg": "!q.property('xp_furniture:is_interacted_with')" },

          "block_outline"
        ]
      },
      "animations": {
        "align": "animation.xp_furniture.chicken_nest.align",
        "no_egg": "animation.xp_furniture.chicken_nest.no_egg",

        "block_outline": "animation.xp_furniture.block_outline.scale"
      },
      "render_controllers": [
        "controller.render.xp_furniture.default",

        "controller.render.xp_furniture.block_outline",
        "controller.render.xp_furniture.block_destruct_masked"
      ],
      "spawn_egg": {
        "texture": "xp_furniture:chicken_nest",
        "texture_index": 0
      }
    }
  }
}
