{
  "format_version": "1.10.0",
  "minecraft:client_entity": {
    "description": {
      "identifier": "xp_furniture:crate",
      "materials": {
        "default": "entity_alphatest",

        "block_outline": "xp_furniture_boutline",
        "block_destruct": "xp_furniture_bdestruct"
      },
      "textures": {
        "acacia": "textures/xp/fpack/entity/func/crates/acacia_crate",
        "bamboo": "textures/xp/fpack/entity/func/crates/bamboo_crate",
        "birch": "textures/xp/fpack/entity/func/crates/birch_crate",
        "cherry": "textures/xp/fpack/entity/func/crates/cherry_crate",
        "crimson": "textures/xp/fpack/entity/func/crates/crimson_crate",
        "dark_oak": "textures/xp/fpack/entity/func/crates/dark_oak_crate",
        "jungle": "textures/xp/fpack/entity/func/crates/jungle_crate",
        "mangrove": "textures/xp/fpack/entity/func/crates/mangrove_crate",
        "oak": "textures/xp/fpack/entity/func/crates/oak_crate",
        "spruce": "textures/xp/fpack/entity/func/crates/spruce_crate",
        "template": "textures/xp/fpack/entity/func/crates/template_crate",
        "warped": "textures/xp/fpack/entity/func/crates/warped_crate",

        "black": "textures/xp/fpack/entity/func/crates/painted/black_crate",
        "blue": "textures/xp/fpack/entity/func/crates/painted/blue_crate",
        "brown": "textures/xp/fpack/entity/func/crates/painted/brown_crate",
        "cyan": "textures/xp/fpack/entity/func/crates/painted/cyan_crate",
        "gray": "textures/xp/fpack/entity/func/crates/painted/gray_crate",
        "green": "textures/xp/fpack/entity/func/crates/painted/green_crate",
        "light_blue": "textures/xp/fpack/entity/func/crates/painted/light_blue_crate",
        "light_gray": "textures/xp/fpack/entity/func/crates/painted/light_gray_crate",
        "lime": "textures/xp/fpack/entity/func/crates/painted/lime_crate",
        "magenta": "textures/xp/fpack/entity/func/crates/painted/magenta_crate",
        "orange": "textures/xp/fpack/entity/func/crates/painted/orange_crate",
        "pink": "textures/xp/fpack/entity/func/crates/painted/pink_crate",
        "purple": "textures/xp/fpack/entity/func/crates/painted/purple_crate",
        "red": "textures/xp/fpack/entity/func/crates/painted/red_crate",
        "white": "textures/xp/fpack/entity/func/crates/painted/white_crate",
        "yellow": "textures/xp/fpack/entity/func/crates/painted/yellow_crate",

        "block_outline": "textures/xp/fpack/entity/block_outline",

        "block_destruct.stage_1": "textures/environment/destroy_stage_3",
        "block_destruct.stage_2": "textures/environment/destroy_stage_6",
        "block_destruct.stage_3": "textures/environment/destroy_stage_9"
      },
      "geometry": {
        "default": "geometry.xp_furniture.crate",

        "block_outline": "geometry.xp_furniture.block_outline"
      },
      "scripts": {
        "pre_animation": [
          /* Psuedo-block visual expression parameters */
          "v.horizontal_threshold = 35;",
          "v.vertical_threshold = 35;",
          "v.vertical_offset = 0;",
          "v.block_destruct_size_factor = 1.0;",

          "v.block_outline_size_x = 1.005;",
          "v.block_outline_size_y = 1.005;",
          "v.block_outline_size_z = 1.005;",
          "v.block_outline_offset_x = 0.0;",
          "v.block_outline_offset_y = 0.0;",
          "v.block_outline_offset_z = 0.0;",

          "v.camera_rot = -Math.atan2(-q.distance_from_camera * Math.sin(q.rotation_to_camera(0)) + v.vertical_offset, q.distance_from_camera * Math.cos(q.rotation_to_camera(0)));",
          "v.look_at_entity = Math.abs(Math.abs(q.rotation_to_camera(1) - q.camera_rotation(1)) - 180) < (v.horizontal_threshold / q.distance_from_camera) && Math.abs(v.camera_rot + q.camera_rotation(0)) < (v.vertical_threshold / q.distance_from_camera);"
        ],
        "animate": [
          "align",
          "block_outline"
        ]
      },
      "animations": {
        "align": "animation.xp_furniture.crate.align",

        "block_outline": "animation.xp_furniture.block_outline.scale"
      },
      "render_controllers": [
        { "controller.render.xp_furniture.wood_variants": "!q.property('xp_furniture:is_dyed')" },
        { "controller.render.xp_furniture.dye_variants": "q.property('xp_furniture:is_dyed')" },

        "controller.render.xp_furniture.block_outline",
        "controller.render.xp_furniture.block_destruct"
      ]
    }
  }
}
