{
  "format_version": "1.10.0",
  "minecraft:client_entity": {
    "description": {
      "identifier": "xp_furniture:grow_lamp",
      "materials": {
        "default": "entity_alphatest",

        "block_outline": "xp_furniture_boutline",
        "block_destruct_masked": "xp_furniture_bdestructmask"
      },
      "textures": {
        "default_off": "textures/xp/fpack/entity/func/grow_lamp_off",
        "default_on": "textures/xp/fpack/entity/func/grow_lamp_on",
        "square_off": "textures/xp/fpack/entity/func/grow_lamp_square_off",
        "square_on": "textures/xp/fpack/entity/func/grow_lamp_square_on",

        "none": "textures/xp/fpack/othing",
        "block_outline": "textures/xp/fpack/entity/block_outline",

        "block_destruct.stage_1": "textures/xp/fpack/overlays/destroy_64/3",
        "block_destruct.stage_2": "textures/xp/fpack/overlays/destroy_64/6",
        "block_destruct.stage_3": "textures/xp/fpack/overlays/destroy_64/9"
      },
      "geometry": {
        "default_base": "geometry.xp_furniture.grow_lamp",
        "default_ambience": "geometry.xp_furniture.grow_lamp.ambience",
        "square_base": "geometry.xp_furniture.grow_lamp_square",
        "square_ambience": "geometry.xp_furniture.grow_lamp_square.ambience",

        "block_outline": "geometry.xp_furniture.block_outline"
      },
      "scripts": {
        "pre_animation": [
          /* Psuedo-block visual expression parameters */
          "v.horizontal_threshold = 35;",
          "v.vertical_threshold = 35;",
          "v.vertical_offset = -1;",

          "v.block_outline_size_x = 1.005;",
          "v.block_outline_size_y = 0.55;",
          "v.block_outline_size_z = 1.005;",
          "v.block_outline_offset_x = 0.0;",
          "v.block_outline_offset_y = 0.2;",
          "v.block_outline_offset_z = 0.0;",

          "v.camera_rot = -Math.atan2(-q.distance_from_camera * Math.sin(q.rotation_to_camera(0)) + v.vertical_offset, q.distance_from_camera * Math.cos(q.rotation_to_camera(0)));",
          "v.look_at_entity = Math.abs(Math.abs(q.rotation_to_camera(1) - q.camera_rotation(1)) - 180) < (v.horizontal_threshold / q.distance_from_camera) && Math.abs(v.camera_rot + q.camera_rotation(0)) < (v.vertical_threshold / q.distance_from_camera);"
        ],
        "animate": [
          "align",
          "sounds",
          { "grow_lamp.glow": "!q.variant && q.property('xp_furniture:is_interacted_with')" },
          { "grow_lamp_square.glow": "q.variant && q.property('xp_furniture:is_interacted_with')" },

          "block_outline"
        ],
        "should_update_bones_and_effects_offscreen": true
      },
      "animations": {
        "align": "animation.xp_furniture.grow_lamp.align",
        "sounds": "controller.animation.xp_furniture.lamp",
        "grow_lamp.glow": "animation.xp_furniture.grow_lamp.glow",
        "grow_lamp_square.glow": "animation.xp_furniture.grow_lamp_square.glow",

        "block_outline": "animation.xp_furniture.block_outline.scale"
      },
      "sound_effects": {
        "on": "xp_furniture:lamp.on",
        "off": "xp_furniture:lamp.off"
      },
      "particle_effects": {
        "grow_lamp.outer_glow": "xp_furniture:grow_lamp.outer_glow",
        "grow_lamp.inner_glow": "xp_furniture:grow_lamp.inner_glow",
        "grow_lamp.inner_glow.bottom": "xp_furniture:grow_lamp.inner_glow.bottom",
        "grow_lamp.top_glow": "xp_furniture:grow_lamp.top_glow",
        "grow_lamp.dust": "xp_furniture:grow_lamp.dust",
        "grow_lamp.dust.1": "xp_furniture:grow_lamp.dust.1",
        "grow_lamp.lightray": "xp_furniture:grow_lamp.lightray",
        "grow_lamp.lightray.1": "xp_furniture:grow_lamp.lightray.1",

        "grow_lamp_square.outer_glow": "xp_furniture:grow_lamp_square.outer_glow",
        "grow_lamp_square.inner_glow": "xp_furniture:grow_lamp_square.inner_glow",
        "grow_lamp_square.inner_glow.bottom": "xp_furniture:grow_lamp_square.inner_glow.bottom",
        "grow_lamp_square.top_glow": "xp_furniture:grow_lamp_square.top_glow",
        "grow_lamp_square.dust": "xp_furniture:grow_lamp_square.dust",
        "grow_lamp_square.dust.1": "xp_furniture:grow_lamp_square.dust.1",
        "grow_lamp_square.lightray": "xp_furniture:grow_lamp_square.lightray",
        "grow_lamp_square.lightray.1": "xp_furniture:grow_lamp_square.lightray.1"
      },
      "render_controllers": [
        "controller.render.xp_furniture.grow_lamp.base",
        "controller.render.xp_furniture.grow_lamp.ambience",
        "controller.render.xp_furniture.grow_lamp.block_destruct",

        "controller.render.xp_furniture.block_outline"
      ]
    }
  }
}
