{
  "format_version": "1.10.0",
  "minecraft:client_entity": {
    "description": {
      "identifier": "xp_furniture:hanging_item_sign",
      "materials": {
        "default": "entity_alphatest",

        "block_outline": "xp_furniture_boutline",
        "block_destruct_masked": "xp_furniture_bdestructmask"
      },
      "textures": {
        "oak": "textures/xp/fpack/entity/func/h_land_sign/oak",
        "acacia": "textures/xp/fpack/entity/func/h_land_sign/acacia",
        "bamboo": "textures/xp/fpack/entity/func/h_land_sign/bamboo",
        "birch": "textures/xp/fpack/entity/func/h_land_sign/birch",
        "cherry": "textures/xp/fpack/entity/func/h_land_sign/cherry",
        "crimson": "textures/xp/fpack/entity/func/h_land_sign/crimson",
        "dark_oak": "textures/xp/fpack/entity/func/h_land_sign/dark_oak",
        "jungle": "textures/xp/fpack/entity/func/h_land_sign/jungle",
        "mangrove": "textures/xp/fpack/entity/func/h_land_sign/mangrove",
        "spruce": "textures/xp/fpack/entity/func/h_land_sign/spruce",
        "template": "textures/xp/fpack/entity/func/h_land_sign/template",
        "warped": "textures/xp/fpack/entity/func/h_land_sign/warped",

        "block_outline": "textures/xp/fpack/entity/block_outline",

        "block_destruct.stage_1": "textures/xp/fpack/overlays/destroy_48/3",
        "block_destruct.stage_2": "textures/xp/fpack/overlays/destroy_48/6",
        "block_destruct.stage_3": "textures/xp/fpack/overlays/destroy_48/9"
      },
      "geometry": {
        "default": "geometry.xp_furniture.hanging_item_sign",
        "wall_mounted": "geometry.xp_furniture.hanging_item_sign_wall",

        "block_outline": "geometry.xp_furniture.block_outline"
      },
      "scripts": {
        "pre_animation": [
          /* Psuedo-block visual expression parameters */
          "v.horizontal_threshold = 40;",
          "v.vertical_threshold = 40;",
          "v.vertical_offset = -0;",

          "v.block_outline_size_x = 1.010;",
          "v.block_outline_size_y = 1.2510;",
          "v.block_outline_size_z = 0.1275;",
          "v.block_outline_offset_x = 0.0;",
          "v.block_outline_offset_y = -0.1275;",
          "v.block_outline_offset_z = 0.0;",

          "v.camera_rot = -Math.atan2(-q.distance_from_camera * Math.sin(q.rotation_to_camera(0)) + v.vertical_offset, q.distance_from_camera * Math.cos(q.rotation_to_camera(0)));",
          "v.look_at_entity = Math.abs(Math.abs(q.rotation_to_camera(1) - q.camera_rotation(1)) - 180) < (v.horizontal_threshold / q.distance_from_camera) && Math.abs(v.camera_rot + q.camera_rotation(0)) < (v.vertical_threshold / q.distance_from_camera);",

          /* Hanging Item Sign */
          "v.is_holding_block = q.is_item_name_any('slot.weapon.mainhand', 0, 'minecraft:acacia_button', 'minecraft:acacia_door', 'minecraft:acacia_fence', 'minecraft:acacia_fence_gate', 'minecraft:acacia_hanging_sign', 'minecraft:acacia_log', 'minecraft:acacia_pressure_plate', 'minecraft:acacia_stairs', 'minecraft:acacia_standing_sign', 'minecraft:acacia_trapdoor', 'minecraft:acacia_wall_sign', 'minecraft:activator_rail', 'minecraft:allow', 'minecraft:amethyst_block', 'minecraft:amethyst_cluster', 'minecraft:ancient_debris', 'minecraft:andesite_stairs', 'minecraft:anvil', 'minecraft:azalea', 'minecraft:azalea_leaves', 'minecraft:azalea_leaves_flowered', 'minecraft:bamboo', 'minecraft:bamboo_block', 'minecraft:bamboo_button', 'minecraft:bamboo_door', 'minecraft:bamboo_double_slab', 'minecraft:bamboo_fence', 'minecraft:bamboo_fence_gate', 'minecraft:bamboo_hanging_sign', 'minecraft:bamboo_mosaic', 'minecraft:bamboo_mosaic_double_slab', 'minecraft:bamboo_mosaic_slab', 'minecraft:bamboo_mosaic_stairs', 'minecraft:bamboo_planks', 'minecraft:bamboo_pressure_plate', 'minecraft:bamboo_sapling', 'minecraft:bamboo_slab', 'minecraft:bamboo_stairs', 'minecraft:bamboo_standing_sign', 'minecraft:bamboo_trapdoor', 'minecraft:bamboo_wall_sign', 'minecraft:barrel', 'minecraft:barrier', 'minecraft:basalt', 'minecraft:beacon', 'minecraft:bed', 'minecraft:bedrock', 'minecraft:bee_nest', 'minecraft:beehive', 'minecraft:beetroot', 'minecraft:bell', 'minecraft:big_dripleaf', 'minecraft:birch_button', 'minecraft:birch_door', 'minecraft:birch_fence', 'minecraft:birch_fence_gate', 'minecraft:birch_hanging_sign', 'minecraft:birch_log', 'minecraft:birch_pressure_plate', 'minecraft:birch_stairs', 'minecraft:birch_standing_sign', 'minecraft:birch_trapdoor', 'minecraft:birch_wall_sign', 'minecraft:black_candle', 'minecraft:black_candle_cake', 'minecraft:black_carpet', 'minecraft:black_concrete', 'minecraft:black_glazed_terracotta', 'minecraft:black_shulker_box', 'minecraft:black_wool', 'minecraft:blackstone', 'minecraft:blackstone_double_slab', 'minecraft:blackstone_slab', 'minecraft:blackstone_stairs', 'minecraft:blackstone_wall', 'minecraft:blast_furnace', 'minecraft:blue_candle', 'minecraft:blue_candle_cake', 'minecraft:blue_carpet', 'minecraft:blue_concrete', 'minecraft:blue_glazed_terracotta', 'minecraft:blue_ice', 'minecraft:blue_shulker_box', 'minecraft:blue_wool', 'minecraft:bone_block', 'minecraft:bookshelf', 'minecraft:border_block', 'minecraft:brain_coral', 'minecraft:brewing_stand', 'minecraft:brick_block', 'minecraft:brick_stairs', 'minecraft:brown_candle', 'minecraft:brown_candle_cake', 'minecraft:brown_carpet', 'minecraft:brown_concrete', 'minecraft:brown_glazed_terracotta', 'minecraft:brown_mushroom', 'minecraft:brown_mushroom_block', 'minecraft:brown_shulker_box', 'minecraft:brown_wool', 'minecraft:bubble_column', 'minecraft:bubble_coral', 'minecraft:budding_amethyst', 'minecraft:cactus', 'minecraft:cake', 'minecraft:calcite', 'minecraft:calibrated_sculk_sensor', 'minecraft:camera', 'minecraft:campfire', 'minecraft:candle', 'minecraft:candle_cake', 'minecraft:carpet', 'minecraft:carrots', 'minecraft:cartography_table', 'minecraft:cauldron', 'minecraft:cave_vines', 'minecraft:cave_vines_body_with_berries', 'minecraft:cave_vines_head_with_berries', 'minecraft:chain', 'minecraft:chain_command_block', 'minecraft:cherry_button', 'minecraft:cherry_door', 'minecraft:cherry_double_slab', 'minecraft:cherry_fence', 'minecraft:cherry_fence_gate', 'minecraft:cherry_hanging_sign', 'minecraft:cherry_leaves', 'minecraft:cherry_log', 'minecraft:cherry_planks', 'minecraft:cherry_pressure_plate', 'minecraft:cherry_sapling', 'minecraft:cherry_slab', 'minecraft:cherry_stairs', 'minecraft:cherry_standing_sign', 'minecraft:cherry_trapdoor', 'minecraft:cherry_wall_sign', 'minecraft:cherry_wood', 'minecraft:chest', 'minecraft:chiseled_bookshelf', 'minecraft:chiseled_deepslate', 'minecraft:chiseled_nether_bricks', 'minecraft:chiseled_polished_blackstone', 'minecraft:chorus_flower', 'minecraft:chorus_plant', 'minecraft:clay', 'minecraft:coal_block', 'minecraft:coal_ore', 'minecraft:cobbled_deepslate', 'minecraft:cobbled_deepslate_double_slab', 'minecraft:cobbled_deepslate_slab', 'minecraft:cobbled_deepslate_stairs', 'minecraft:cobbled_deepslate_wall', 'minecraft:cobblestone', 'minecraft:cobblestone_wall', 'minecraft:cocoa', 'minecraft:command_block', 'minecraft:composter', 'minecraft:concrete', 'minecraft:concretePowder', 'minecraft:conduit', 'minecraft:copper_block', 'minecraft:copper_ore', 'minecraft:coral', 'minecraft:coral_block', 'minecraft:coral_fan', 'minecraft:coral_fan_dead', 'minecraft:coral_fan_hang', 'minecraft:coral_fan_hang2', 'minecraft:coral_fan_hang3', 'minecraft:cracked_deepslate_bricks', 'minecraft:cracked_deepslate_tiles', 'minecraft:cracked_nether_bricks', 'minecraft:cracked_polished_blackstone_bricks', 'minecraft:crafting_table', 'minecraft:crimson_button', 'minecraft:crimson_door', 'minecraft:crimson_double_slab', 'minecraft:crimson_fence', 'minecraft:crimson_fence_gate', 'minecraft:crimson_fungus', 'minecraft:crimson_hanging_sign', 'minecraft:crimson_hyphae', 'minecraft:crimson_nylium', 'minecraft:crimson_planks', 'minecraft:crimson_pressure_plate', 'minecraft:crimson_roots', 'minecraft:crimson_slab', 'minecraft:crimson_stairs', 'minecraft:crimson_standing_sign', 'minecraft:crimson_stem', 'minecraft:crimson_trapdoor', 'minecraft:crimson_wall_sign', 'minecraft:crying_obsidian', 'minecraft:cut_copper', 'minecraft:cut_copper_slab', 'minecraft:cut_copper_stairs', 'minecraft:cyan_candle', 'minecraft:cyan_candle_cake', 'minecraft:cyan_carpet', 'minecraft:cyan_concrete', 'minecraft:cyan_glazed_terracotta', 'minecraft:cyan_shulker_box', 'minecraft:cyan_wool', 'minecraft:dark_oak_button', 'minecraft:dark_oak_door', 'minecraft:dark_oak_fence', 'minecraft:dark_oak_fence_gate', 'minecraft:dark_oak_hanging_sign', 'minecraft:dark_oak_log', 'minecraft:dark_oak_pressure_plate', 'minecraft:dark_oak_stairs', 'minecraft:dark_oak_trapdoor', 'minecraft:dark_prismarine_stairs', 'minecraft:darkoak_standing_sign', 'minecraft:darkoak_wall_sign', 'minecraft:daylight_detector', 'minecraft:daylight_detector_inverted', 'minecraft:dead_brain_coral', 'minecraft:dead_bubble_coral', 'minecraft:dead_fire_coral', 'minecraft:dead_horn_coral', 'minecraft:dead_tube_coral', 'minecraft:deadbush', 'minecraft:decorated_pot', 'minecraft:deepslate', 'minecraft:deepslate_brick_double_slab', 'minecraft:deepslate_brick_slab', 'minecraft:deepslate_brick_stairs', 'minecraft:deepslate_brick_wall', 'minecraft:deepslate_bricks', 'minecraft:deepslate_coal_ore', 'minecraft:deepslate_copper_ore', 'minecraft:deepslate_diamond_ore', 'minecraft:deepslate_emerald_ore', 'minecraft:deepslate_gold_ore', 'minecraft:deepslate_iron_ore', 'minecraft:deepslate_lapis_ore', 'minecraft:deepslate_redstone_ore', 'minecraft:deepslate_tile_double_slab', 'minecraft:deepslate_tile_slab', 'minecraft:deepslate_tile_stairs', 'minecraft:deepslate_tile_wall', 'minecraft:deepslate_tiles', 'minecraft:deny', 'minecraft:detector_rail', 'minecraft:diamond_block', 'minecraft:diamond_ore', 'minecraft:diorite_stairs', 'minecraft:dirt', 'minecraft:dirt_with_roots', 'minecraft:dispenser', 'minecraft:double_cut_copper_slab', 'minecraft:double_plant', 'minecraft:double_stone_slab', 'minecraft:double_stone_slab2', 'minecraft:double_stone_slab3', 'minecraft:double_stone_slab4', 'minecraft:double_wooden_slab', 'minecraft:dragon_egg', 'minecraft:dried_kelp_block', 'minecraft:dripstone_block', 'minecraft:dropper', 'minecraft:emerald_block', 'minecraft:emerald_ore', 'minecraft:enchanting_table', 'minecraft:end_brick_stairs', 'minecraft:end_bricks', 'minecraft:end_gateway', 'minecraft:end_portal', 'minecraft:end_portal_frame', 'minecraft:end_rod', 'minecraft:end_stone', 'minecraft:ender_chest', 'minecraft:exposed_copper', 'minecraft:exposed_cut_copper', 'minecraft:exposed_cut_copper_slab', 'minecraft:exposed_cut_copper_stairs', 'minecraft:exposed_double_cut_copper_slab', 'minecraft:farmland', 'minecraft:fence', 'minecraft:fence_gate', 'minecraft:fire', 'minecraft:fire_coral', 'minecraft:fletching_table', 'minecraft:flower_pot', 'minecraft:flowering_azalea', 'minecraft:flowing_lava', 'minecraft:flowing_water', 'minecraft:frame', 'minecraft:frog_spawn', 'minecraft:frosted_ice', 'minecraft:furnace', 'minecraft:gilded_blackstone', 'minecraft:glass', 'minecraft:glass_pane', 'minecraft:glow_frame', 'minecraft:glow_lichen', 'minecraft:glowingobsidian', 'minecraft:glowstone', 'minecraft:gold_block', 'minecraft:gold_ore', 'minecraft:golden_rail', 'minecraft:granite_stairs', 'minecraft:grass', 'minecraft:grass_path', 'minecraft:gravel', 'minecraft:gray_candle', 'minecraft:gray_candle_cake', 'minecraft:gray_carpet', 'minecraft:gray_concrete', 'minecraft:gray_glazed_terracotta', 'minecraft:gray_shulker_box', 'minecraft:gray_wool', 'minecraft:green_candle', 'minecraft:green_candle_cake', 'minecraft:green_carpet', 'minecraft:green_concrete', 'minecraft:green_glazed_terracotta', 'minecraft:green_shulker_box', 'minecraft:green_wool', 'minecraft:grindstone', 'minecraft:hanging_roots', 'minecraft:hardened_clay', 'minecraft:hay_block', 'minecraft:heavy_weighted_pressure_plate', 'minecraft:honey_block', 'minecraft:honeycomb_block', 'minecraft:hopper', 'minecraft:horn_coral', 'minecraft:ice', 'minecraft:infested_deepslate', 'minecraft:info_update', 'minecraft:info_update2', 'minecraft:invisibleBedrock', 'minecraft:iron_bars', 'minecraft:iron_block', 'minecraft:iron_door', 'minecraft:iron_ore', 'minecraft:iron_trapdoor', 'minecraft:jigsaw', 'minecraft:jukebox', 'minecraft:jungle_button', 'minecraft:jungle_door', 'minecraft:jungle_fence', 'minecraft:jungle_fence_gate', 'minecraft:jungle_hanging_sign', 'minecraft:jungle_log', 'minecraft:jungle_pressure_plate', 'minecraft:jungle_stairs', 'minecraft:jungle_standing_sign', 'minecraft:jungle_trapdoor', 'minecraft:jungle_wall_sign', 'minecraft:kelp', 'minecraft:ladder', 'minecraft:lantern', 'minecraft:lapis_block', 'minecraft:lapis_ore', 'minecraft:large_amethyst_bud', 'minecraft:lava', 'minecraft:lava_cauldron', 'minecraft:leaves', 'minecraft:leaves2', 'minecraft:lectern', 'minecraft:lever', 'minecraft:light_block', 'minecraft:light_blue_candle', 'minecraft:light_blue_candle_cake', 'minecraft:light_blue_carpet', 'minecraft:light_blue_concrete', 'minecraft:light_blue_glazed_terracotta', 'minecraft:light_blue_shulker_box', 'minecraft:light_blue_wool', 'minecraft:light_gray_candle', 'minecraft:light_gray_candle_cake', 'minecraft:light_gray_carpet', 'minecraft:light_gray_concrete', 'minecraft:light_gray_shulker_box', 'minecraft:light_gray_wool', 'minecraft:light_weighted_pressure_plate', 'minecraft:lightning_rod', 'minecraft:lime_candle', 'minecraft:lime_candle_cake', 'minecraft:lime_carpet', 'minecraft:lime_concrete', 'minecraft:lime_glazed_terracotta', 'minecraft:lime_shulker_box', 'minecraft:lime_wool', 'minecraft:lit_blast_furnace', 'minecraft:lit_deepslate_redstone_ore', 'minecraft:lit_furnace', 'minecraft:lit_pumpkin', 'minecraft:lit_redstone_lamp', 'minecraft:lit_redstone_ore', 'minecraft:lit_smoker', 'minecraft:lodestone', 'minecraft:log', 'minecraft:log2', 'minecraft:loom', 'minecraft:magenta_candle', 'minecraft:magenta_candle_cake', 'minecraft:magenta_carpet', 'minecraft:magenta_concrete', 'minecraft:magenta_glazed_terracotta', 'minecraft:magenta_shulker_box', 'minecraft:magenta_wool', 'minecraft:magma', 'minecraft:mangrove_button', 'minecraft:mangrove_door', 'minecraft:mangrove_double_slab', 'minecraft:mangrove_fence', 'minecraft:mangrove_fence_gate', 'minecraft:mangrove_hanging_sign', 'minecraft:mangrove_leaves', 'minecraft:mangrove_log', 'minecraft:mangrove_planks', 'minecraft:mangrove_pressure_plate', 'minecraft:mangrove_propagule', 'minecraft:mangrove_roots', 'minecraft:mangrove_slab', 'minecraft:mangrove_stairs', 'minecraft:mangrove_standing_sign', 'minecraft:mangrove_trapdoor', 'minecraft:mangrove_wall_sign', 'minecraft:mangrove_wood', 'minecraft:medium_amethyst_bud', 'minecraft:melon_block', 'minecraft:melon_stem', 'minecraft:mob_spawner', 'minecraft:monster_egg', 'minecraft:moss_block', 'minecraft:moss_carpet', 'minecraft:mossy_cobblestone', 'minecraft:mossy_cobblestone_stairs', 'minecraft:mossy_stone_brick_stairs', 'minecraft:movingBlock', 'minecraft:mud', 'minecraft:mud_brick_double_slab', 'minecraft:mud_brick_slab', 'minecraft:mud_brick_stairs', 'minecraft:mud_brick_wall', 'minecraft:mud_bricks', 'minecraft:muddy_mangrove_roots', 'minecraft:mycelium', 'minecraft:nether_brick', 'minecraft:nether_brick_fence', 'minecraft:nether_brick_stairs', 'minecraft:nether_gold_ore', 'minecraft:nether_sprouts', 'minecraft:nether_wart', 'minecraft:nether_wart_block', 'minecraft:netherite_block', 'minecraft:netherrack', 'minecraft:netherreactor', 'minecraft:normal_stone_stairs', 'minecraft:noteblock', 'minecraft:oak_fence', 'minecraft:oak_hanging_sign', 'minecraft:oak_log', 'minecraft:oak_stairs', 'minecraft:observer', 'minecraft:obsidian', 'minecraft:ochre_froglight', 'minecraft:orange_candle', 'minecraft:orange_candle_cake', 'minecraft:orange_carpet', 'minecraft:orange_concrete', 'minecraft:orange_glazed_terracotta', 'minecraft:orange_shulker_box', 'minecraft:orange_wool', 'minecraft:oxidized_copper', 'minecraft:oxidized_cut_copper', 'minecraft:oxidized_cut_copper_slab', 'minecraft:oxidized_cut_copper_stairs', 'minecraft:oxidized_double_cut_copper_slab', 'minecraft:packed_ice', 'minecraft:packed_mud', 'minecraft:pearlescent_froglight', 'minecraft:pink_candle', 'minecraft:pink_candle_cake', 'minecraft:pink_carpet', 'minecraft:pink_concrete', 'minecraft:pink_glazed_terracotta', 'minecraft:pink_petals', 'minecraft:pink_shulker_box', 'minecraft:pink_wool', 'minecraft:piston', 'minecraft:pistonArmCollision', 'minecraft:pitcher_crop', 'minecraft:pitcher_plant', 'minecraft:planks', 'minecraft:podzol', 'minecraft:pointed_dripstone', 'minecraft:polished_andesite_stairs', 'minecraft:polished_basalt', 'minecraft:polished_blackstone', 'minecraft:polished_blackstone_brick_double_slab', 'minecraft:polished_blackstone_brick_slab', 'minecraft:polished_blackstone_brick_stairs', 'minecraft:polished_blackstone_brick_wall', 'minecraft:polished_blackstone_bricks', 'minecraft:polished_blackstone_button', 'minecraft:polished_blackstone_double_slab', 'minecraft:polished_blackstone_pressure_plate', 'minecraft:polished_blackstone_slab', 'minecraft:polished_blackstone_stairs', 'minecraft:polished_blackstone_wall', 'minecraft:polished_deepslate', 'minecraft:polished_deepslate_double_slab', 'minecraft:polished_deepslate_slab', 'minecraft:polished_deepslate_stairs', 'minecraft:polished_deepslate_wall', 'minecraft:polished_diorite_stairs', 'minecraft:polished_granite_stairs', 'minecraft:portal', 'minecraft:potatoes', 'minecraft:powder_snow', 'minecraft:powered_comparator', 'minecraft:powered_repeater', 'minecraft:prismarine', 'minecraft:prismarine_bricks_stairs', 'minecraft:prismarine_stairs', 'minecraft:pumpkin', 'minecraft:pumpkin_stem', 'minecraft:purple_candle', 'minecraft:purple_candle_cake', 'minecraft:purple_carpet', 'minecraft:purple_concrete', 'minecraft:purple_glazed_terracotta', 'minecraft:purple_shulker_box', 'minecraft:purple_wool', 'minecraft:purpur_block', 'minecraft:purpur_stairs', 'minecraft:quartz_block', 'minecraft:quartz_bricks', 'minecraft:quartz_ore', 'minecraft:quartz_stairs', 'minecraft:rail', 'minecraft:raw_copper_block', 'minecraft:raw_gold_block', 'minecraft:raw_iron_block', 'minecraft:red_candle', 'minecraft:red_candle_cake', 'minecraft:red_carpet', 'minecraft:red_concrete', 'minecraft:red_flower', 'minecraft:red_glazed_terracotta', 'minecraft:red_mushroom', 'minecraft:red_mushroom_block', 'minecraft:red_nether_brick', 'minecraft:red_nether_brick_stairs', 'minecraft:red_sandstone', 'minecraft:red_sandstone_stairs', 'minecraft:red_shulker_box', 'minecraft:red_wool', 'minecraft:redstone_block', 'minecraft:redstone_lamp', 'minecraft:redstone_ore', 'minecraft:redstone_torch', 'minecraft:redstone_wire', 'minecraft:reeds', 'minecraft:reinforced_deepslate', 'minecraft:repeating_command_block', 'minecraft:reserved6', 'minecraft:respawn_anchor', 'minecraft:sand', 'minecraft:sandstone', 'minecraft:sandstone_stairs', 'minecraft:sapling', 'minecraft:scaffolding', 'minecraft:sculk', 'minecraft:sculk_catalyst', 'minecraft:sculk_sensor', 'minecraft:sculk_shrieker', 'minecraft:sculk_vein', 'minecraft:seaLantern', 'minecraft:sea_pickle', 'minecraft:seagrass', 'minecraft:shroomlight', 'minecraft:shulker_box', 'minecraft:silver_glazed_terracotta', 'minecraft:skull', 'minecraft:slime', 'minecraft:small_amethyst_bud', 'minecraft:small_dripleaf_block', 'minecraft:smithing_table', 'minecraft:smoker', 'minecraft:smooth_basalt', 'minecraft:smooth_quartz_stairs', 'minecraft:smooth_red_sandstone_stairs', 'minecraft:smooth_sandstone_stairs', 'minecraft:smooth_stone', 'minecraft:sniffer_egg', 'minecraft:snow', 'minecraft:snow_layer', 'minecraft:soul_campfire', 'minecraft:soul_fire', 'minecraft:soul_lantern', 'minecraft:soul_sand', 'minecraft:soul_soil', 'minecraft:soul_torch', 'minecraft:sponge', 'minecraft:spore_blossom', 'minecraft:spruce_button', 'minecraft:spruce_door', 'minecraft:spruce_fence', 'minecraft:spruce_fence_gate', 'minecraft:spruce_hanging_sign', 'minecraft:spruce_log', 'minecraft:spruce_pressure_plate', 'minecraft:spruce_stairs', 'minecraft:spruce_standing_sign', 'minecraft:spruce_trapdoor', 'minecraft:spruce_wall_sign', 'minecraft:stained_glass', 'minecraft:stained_glass_pane', 'minecraft:stained_hardened_clay', 'minecraft:standing_banner', 'minecraft:standing_sign', 'minecraft:stickyPistonArmCollision', 'minecraft:sticky_piston', 'minecraft:stone', 'minecraft:stone_brick_stairs', 'minecraft:stone_button', 'minecraft:stone_pressure_plate', 'minecraft:stone_slab', 'minecraft:stone_slab2', 'minecraft:stone_slab3', 'minecraft:stone_slab4', 'minecraft:stone_stairs', 'minecraft:stonebrick', 'minecraft:stonecutter', 'minecraft:stonecutter_block', 'minecraft:stripped_acacia_log', 'minecraft:stripped_bamboo_block', 'minecraft:stripped_birch_log', 'minecraft:stripped_cherry_log', 'minecraft:stripped_cherry_wood', 'minecraft:stripped_crimson_hyphae', 'minecraft:stripped_crimson_stem', 'minecraft:stripped_dark_oak_log', 'minecraft:stripped_jungle_log', 'minecraft:stripped_mangrove_log', 'minecraft:stripped_mangrove_wood', 'minecraft:stripped_oak_log', 'minecraft:stripped_spruce_log', 'minecraft:stripped_warped_hyphae', 'minecraft:stripped_warped_stem', 'minecraft:structure_block', 'minecraft:structure_void', 'minecraft:suspicious_gravel', 'minecraft:suspicious_sand', 'minecraft:sweet_berry_bush', 'minecraft:tallgrass', 'minecraft:target', 'minecraft:tinted_glass', 'minecraft:tnt', 'minecraft:torch', 'minecraft:torchflower', 'minecraft:torchflower_crop', 'minecraft:trapdoor', 'minecraft:trapped_chest', 'minecraft:tripWire', 'minecraft:tripwire_hook', 'minecraft:tube_coral', 'minecraft:tuff', 'minecraft:turtle_egg', 'minecraft:twisting_vines', 'minecraft:undyed_shulker_box', 'minecraft:unlit_redstone_torch', 'minecraft:unpowered_comparator', 'minecraft:unpowered_repeater', 'minecraft:verdant_froglight', 'minecraft:vine', 'minecraft:wall_banner', 'minecraft:wall_sign', 'minecraft:warped_button', 'minecraft:warped_door', 'minecraft:warped_double_slab', 'minecraft:warped_fence', 'minecraft:warped_fence_gate', 'minecraft:warped_fungus', 'minecraft:warped_hanging_sign', 'minecraft:warped_hyphae', 'minecraft:warped_nylium', 'minecraft:warped_planks', 'minecraft:warped_pressure_plate', 'minecraft:warped_roots', 'minecraft:warped_slab', 'minecraft:warped_stairs', 'minecraft:warped_standing_sign', 'minecraft:warped_stem', 'minecraft:warped_trapdoor', 'minecraft:warped_wall_sign', 'minecraft:warped_wart_block', 'minecraft:water', 'minecraft:waterlily', 'minecraft:waxed_copper', 'minecraft:waxed_cut_copper', 'minecraft:waxed_cut_copper_slab', 'minecraft:waxed_cut_copper_stairs', 'minecraft:waxed_double_cut_copper_slab', 'minecraft:waxed_exposed_copper', 'minecraft:waxed_exposed_cut_copper', 'minecraft:waxed_exposed_cut_copper_slab', 'minecraft:waxed_exposed_cut_copper_stairs', 'minecraft:waxed_exposed_double_cut_copper_slab', 'minecraft:waxed_oxidized_copper', 'minecraft:waxed_oxidized_cut_copper', 'minecraft:waxed_oxidized_cut_copper_slab', 'minecraft:waxed_oxidized_cut_copper_stairs', 'minecraft:waxed_oxidized_double_cut_copper_slab', 'minecraft:waxed_weathered_copper', 'minecraft:waxed_weathered_cut_copper', 'minecraft:waxed_weathered_cut_copper_slab', 'minecraft:waxed_weathered_cut_copper_stairs', 'minecraft:waxed_weathered_double_cut_copper_slab', 'minecraft:weathered_copper', 'minecraft:weathered_cut_copper', 'minecraft:weathered_cut_copper_slab', 'minecraft:weathered_cut_copper_stairs', 'minecraft:weathered_double_cut_copper_slab', 'minecraft:web', 'minecraft:weeping_vines', 'minecraft:wheat', 'minecraft:white_candle', 'minecraft:white_candle_cake', 'minecraft:white_carpet', 'minecraft:white_concrete', 'minecraft:white_glazed_terracotta', 'minecraft:white_shulker_box', 'minecraft:white_wool', 'minecraft:wither_rose', 'minecraft:wood', 'minecraft:wooden_button', 'minecraft:wooden_door', 'minecraft:wooden_pressure_plate', 'minecraft:wooden_slab', 'minecraft:wool', 'minecraft:yellow_candle', 'minecraft:yellow_candle_cake', 'minecraft:yellow_carpet', 'minecraft:yellow_concrete', 'minecraft:yellow_flower', 'minecraft:yellow_glazed_terracotta', 'minecraft:yellow_shulker_box', 'minecraft:yellow_wool');"
        ],
        "animate": [
          "align",

          { "item_position": "q.variant && !v.is_holding_block" },
          { "item_position_wall": "!q.variant && !v.is_holding_block" },
          { "item_position_block": "q.variant && v.is_holding_block" },
          { "item_position_wall_block": "!q.variant && v.is_holding_block" },

          "block_outline"
        ]
      },
      "animations": {
        "align": "animation.xp_furniture.hanging_item_sign.align",

        "item_position": "animation.xp_furniture.hanging_item_sign.item_position",
        "item_position_wall": "animation.xp_furniture.hanging_item_sign.item_position_wall",
        "item_position_block": "animation.xp_furniture.hanging_item_sign.item_position_block",
        "item_position_wall_block": "animation.xp_furniture.hanging_item_sign.item_position_wall_block",

        "block_outline": "animation.xp_furniture.block_outline.scale"
      },
      "render_controllers": [
        "controller.render.xp_furniture.hanging_item_sign",
        { "controller.render.xp_furniture.hanging_item_sign.wall_mounted": "q.variant" },
        "controller.render.xp_furniture.hanging_item_sign.block_destruct",

        "controller.render.xp_furniture.block_outline"
      ],
      "spawn_egg": {
        "texture": "xp_furniture:hanging_item_sign",
        "texture_index": 0
      },
      "enable_attachables": true,
      "held_item_ignores_lighting": false
    }
  }
}