{
  "format_version": "1.10.0",
  "minecraft:client_entity": {
    "description": {
      "identifier": "xp_furniture:juice_barrel_v2",
      "materials": {
        "default": "entity_alphatest",

        "block_outline": "xp_furniture_boutline",
        "block_destruct_masked": "xp_furniture_bdestructmask"
      },
      "textures": {
        "default": "textures/xp/fpack/blocks/func/juice_barrel",

        "block_outline": "textures/xp/fpack/entity/block_outline",

        "block_destruct.stage_1": "textures/xp/fpack/overlays/destroy_80/3",
        "block_destruct.stage_2": "textures/xp/fpack/overlays/destroy_80/6",
        "block_destruct.stage_3": "textures/xp/fpack/overlays/destroy_80/9"
      },
      "geometry": {
        "default": "geometry.xp_furniture.juice_barrel_v2"
      },
      "scripts": {
        "pre_animation": [
          /* Psuedo-block visual expression parameters */
          "v.horizontal_threshold = 35;",
          "v.vertical_threshold = 35;",
          "v.vertical_offset = 0;",

          "v.camera_rot = -Math.atan2(-q.distance_from_camera * Math.sin(q.rotation_to_camera(0)) + v.vertical_offset, q.distance_from_camera * Math.cos(q.rotation_to_camera(0)));",
          "v.look_at_entity = Math.abs(Math.abs(q.rotation_to_camera(1) - q.camera_rotation(1)) - 180) < (v.horizontal_threshold / q.distance_from_camera) && Math.abs(v.camera_rot + q.camera_rotation(0)) < (v.vertical_threshold / q.distance_from_camera);"
        ],
        "animate": [
          "align",
          { "drip": "q.is_saddled" }
        ]
      },
      "animations": {
        "align": "animation.xp_furniture.juice_barrel.align",
        "drip": "animation.xp_furniture.juice_barrel.drip"
      },
      "particle_effects": {
        "drip": "xp_furniture:juice_barrel.drip"
      },
      "render_controllers": [
        "controller.render.xp_furniture.juice_barrel",
        "controller.render.xp_furniture.juice_barrel.block_outline",

        "controller.render.xp_furniture.block_destruct_masked"
      ]
    }
  }
}
