{
  "format_version": "1.10.0",
  "minecraft:client_entity": {
    "description": {
      "identifier": "xp_furniture:rocking_chair",
      "materials": {
        "default": "entity_alphatest",

        "block_outline": "xp_furniture_boutline",
        "block_destruct_masked": "xp_furniture_bdestructmask"
      },
      "textures": {
        "default": "textures/xp/fpack/entity/func/rocking_chair",

        "block_outline": "textures/xp/fpack/entity/block_outline",

        "block_destruct.stage_1": "textures/xp/fpack/overlays/destroy_128/3",
        "block_destruct.stage_2": "textures/xp/fpack/overlays/destroy_128/6",
        "block_destruct.stage_3": "textures/xp/fpack/overlays/destroy_128/9"
      },
      "geometry": {
        "default": "geometry.xp_furniture.acacia_rocking_chair",

        "acacia": "geometry.xp_furniture.acacia_rocking_chair",
        "bamboo": "geometry.xp_furniture.bamboo_rocking_chair",
        "birch": "geometry.xp_furniture.birch_rocking_chair",
        "cherry": "geometry.xp_furniture.cherry_rocking_chair",
        "crimson": "geometry.xp_furniture.crimson_rocking_chair",
        "dark_oak": "geometry.xp_furniture.dark_oak_rocking_chair",
        "jungle": "geometry.xp_furniture.jungle_rocking_chair",
        "mangrove": "geometry.xp_furniture.mangrove_rocking_chair",
        "oak": "geometry.xp_furniture.oak_rocking_chair",
        "spruce": "geometry.xp_furniture.spruce_rocking_chair",
        "template": "geometry.xp_furniture.warped_rocking_chair", // dummy
        "warped": "geometry.xp_furniture.warped_rocking_chair",
        "block_outline": "geometry.xp_furniture.block_outline"
      },
      "scripts": {
        "pre_animation": [
          "v.horizontal_threshold = 35;",
          "v.vertical_threshold = 25;",
          "v.vertical_offset = 0;",

          "v.block_outline_size_x = 0.7505;",
          "v.block_outline_size_y = 0.5;",
          "v.block_outline_size_z = 0.7505;",
          "v.block_outline_offset_x = 0.0;",
          "v.block_outline_offset_y = -0.18125;",
          "v.block_outline_offset_z = 0.0;",

          "v.camera_rot = -Math.atan2(-q.distance_from_camera * Math.sin(q.rotation_to_camera(0)) + v.vertical_offset, q.distance_from_camera * Math.cos(q.rotation_to_camera(0)));",
          "v.look_at_entity = Math.abs(Math.abs(q.rotation_to_camera(1) - q.camera_rotation(1)) - 180) < (v.horizontal_threshold / q.distance_from_camera) && Math.abs(v.camera_rot + q.camera_rotation(0)) < (v.vertical_threshold / q.distance_from_camera);"
        ],
        "animate": [
          "root",
          "align",
          "block_outline"
        ]
      },
      "animations": {
        "root": "controller.animation.xp_furniture.rocking_chair",
        "align": "animation.xp_furniture.rocking_chair.align",
        "exit": "animation.xp_furniture.rocking_chair.exit",
        "idle": "animation.xp_furniture.rocking_chair.idle",
        "block_outline": "animation.xp_furniture.block_outline.scale"
      },
      "sound_effects": {
        "rocking": "xp_furniture:rocking"
      },
      "render_controllers": [
        "controller.render.xp_furniture.wood_variants_compressed",

        "controller.render.xp_furniture.block_outline",
        "controller.render.xp_furniture.block_destruct_masked"
      ],
      "spawn_egg": {
        "texture": "xp_furniture:standing_camera",
        "texture_index": 0
      }
    }
  }
}