{
  "format_version": "1.10.0",
  "minecraft:client_entity": {
    "description": {
      "identifier": "xp_furniture:sprinkler",
      "materials": {
        "default": "entity_alphatest",
        "base": "xp_furniture_uvanim",
        "water": "xp_furniture_uvanimblend",

        "block_outline": "xp_furniture_boutline",
        "block_destruct_masked": "xp_furniture_bdestructmask"
      },
      "textures": {
        "default": "textures/xp/fpack/entity/func/sprinkler",

        "block_outline": "textures/xp/fpack/entity/block_outline",

        "block_destruct.stage_1": "textures/xp/fpack/overlays/destroy_48/3",
        "block_destruct.stage_2": "textures/xp/fpack/overlays/destroy_48/6",
        "block_destruct.stage_3": "textures/xp/fpack/overlays/destroy_48/9"
      },
      "geometry": {
        "default": "geometry.xp_furniture.sprinkler",

        "block_outline": "geometry.xp_furniture.block_outline"
      },
      "scripts": {
        "pre_animation": [
          /* Psuedo-block visual expression parameters */
          "v.horizontal_threshold = 40;",
          "v.vertical_threshold = 40;",
          "v.vertical_offset = 0;",

          "v.block_outline_size_x = 0.7505;",
          "v.block_outline_size_y = 0.62505;",
          "v.block_outline_size_z = 0.7505;",
          "v.block_outline_offset_x = 0.0;",
          "v.block_outline_offset_y = -0.1875;",
          "v.block_outline_offset_z = 0.0;",

          "v.camera_rot = -Math.atan2(-q.distance_from_camera * Math.sin(q.rotation_to_camera(0)) + v.vertical_offset, q.distance_from_camera * Math.cos(q.rotation_to_camera(0)));",
          "v.look_at_entity = Math.abs(Math.abs(q.rotation_to_camera(1) - q.camera_rotation(1)) - 180) < (v.horizontal_threshold / q.distance_from_camera) && Math.abs(v.camera_rot + q.camera_rotation(0)) < (v.vertical_threshold / q.distance_from_camera);"
        ],
        "animate": [
          "root",
          "align",
          "water" /* For now */,

          "block_outline"
        ]
      },
      "animations": {
        "root": "controller.animation.xp_furniture.sprinkler",
        "water": "controller.animation.xp_furniture.sprinkler.water",
        "align": "animation.xp_furniture.sprinkler.align",

        "water_full": "animation.xp_furniture.sprinkler.water_full",
        "water_empty": "animation.xp_furniture.sprinkler.water_empty",
        "off": "animation.xp_furniture.sprinkler.off",
        "on": "animation.xp_furniture.sprinkler.on",
        "on2": "animation.xp_furniture.sprinkler.on2",

        "block_outline": "animation.xp_furniture.block_outline.scale"
      },
      "particle_effects": {
        "sprinkler": "xp_furniture:sprinkler"
      },
      "sound_effects": {
        "sprinkler": "xp_furniture:sprinkler"
      },
      "render_controllers": [
        "controller.render.xp_furniture.sprinkler.base",
        "controller.render.xp_furniture.sprinkler.water",

        "controller.render.xp_furniture.block_outline",
        "controller.render.xp_furniture.block_destruct_masked"
      ],
      "spawn_egg": {
        "texture": "xp_furniture:metal_pump",
        "texture_index": 0
      }
    }
  }
}
