{
  "format_version": "1.10.0",
  "minecraft:client_entity": {
    "description": {
      "identifier": "xp_furniture:stove",
      "materials": {
        "default": "xp_furniture_uvanim",

        "block_outline": "xp_furniture_boutline",
        "block_destruct": "xp_furniture_bdestruct"
      },
      "textures": {
        "blackstone": "textures/xp/fpack/entity/func/stove_blackstone",
        "copper": "textures/xp/fpack/entity/func/stove_copper",
        "iron": "textures/xp/fpack/entity/func/stove_iron",
        "stone": "textures/xp/fpack/entity/func/stove_stone",

        "block_outline": "textures/xp/fpack/entity/block_outline",

        "block_destruct.stage_1": "textures/environment/destroy_stage_3",
        "block_destruct.stage_2": "textures/environment/destroy_stage_6",
        "block_destruct.stage_3": "textures/environment/destroy_stage_9"
      },
      "geometry": {
        "on": "geometry.xp_furniture.stove_on",
        "off": "geometry.xp_furniture.stove_off",

        "block_outline": "geometry.xp_furniture.block_outline"
      },
      "scripts": {
        "pre_animation": [
          /* Psuedo-block visual expression parameters */
          "v.horizontal_threshold = 35;",
          "v.vertical_threshold = 35;",
          "v.vertical_offset = 0;",
          "v.block_destruct_size_factor = 1.0;",

          "v.block_outline_size_x = 1.005;",
          "v.block_outline_size_y = 1.005;",
          "v.block_outline_size_z = 1.005;",
          "v.block_outline_offset_x = 0.0;",
          "v.block_outline_offset_y = 0.0;",
          "v.block_outline_offset_z = 0.0;",

          "v.camera_rot = -Math.atan2(-q.distance_from_camera * Math.sin(q.rotation_to_camera(0)) + v.vertical_offset, q.distance_from_camera * Math.cos(q.rotation_to_camera(0)));",
          "v.look_at_entity = Math.abs(Math.abs(q.rotation_to_camera(1) - q.camera_rotation(1)) - 180) < (v.horizontal_threshold / q.distance_from_camera) && Math.abs(v.camera_rot + q.camera_rotation(0)) < (v.vertical_threshold / q.distance_from_camera);"
        ],
        "animate": [
          "align",
          { "lit_1": "q.variant && q.property('xp_furniture:is_interacted_with')" },
          { "lit_2": "!q.variant && q.property('xp_furniture:is_interacted_with')" },

          "block_outline"
        ]
      },
      "animations": {
        "align": "animation.xp_furniture.stove.align",
        "lit_1": "animation.xp_furniture.stove.lit_1",
        "lit_2": "animation.xp_furniture.stove.lit_2",

        "block_outline": "animation.xp_furniture.block_outline.scale"
      },
      "particle_effects": {
        "stove_on_1": "xp_furniture:stove_on_1",
        "stove_on_2": "xp_furniture:stove_on_2"
      },
      "render_controllers": [
        "controller.render.xp_furniture.stove",

        "controller.render.xp_furniture.block_outline",
        "controller.render.xp_furniture.block_destruct"
      ],
      "spawn_egg": {
        "texture": "xp_furniture:stove",
        "texture_index": 0
      }
    }
  }
}
