{
  "format_version": "1.10.0",
  "minecraft:client_entity": {
    "description": {
      "identifier": "xp_furniture:tool_rack",
      "materials": {
        "default": "entity_alphatest",

        "block_outline": "xp_furniture_boutline",
        "block_destruct_masked": "xp_furniture_bdestructmask"
      },
      "textures": {
        "default": "textures/xp/fpack/entity/func/tool_rack",

        "item_diamond_axe": "textures/xp/fpack/blocks/items/diamond_axe",
        "item_diamond_hoe": "textures/xp/fpack/blocks/items/diamond_hoe",
        "item_diamond_pickaxe": "textures/xp/fpack/blocks/items/diamond_pickaxe",
        "item_diamond_shovel": "textures/xp/fpack/blocks/items/diamond_shovel",
        "item_diamond_sword": "textures/xp/fpack/blocks/items/diamond_sword",
        "item_golden_axe": "textures/xp/fpack/blocks/items/golden_axe",
        "item_golden_hoe": "textures/xp/fpack/blocks/items/golden_hoe",
        "item_golden_pickaxe": "textures/xp/fpack/blocks/items/golden_pickaxe",
        "item_golden_shovel": "textures/xp/fpack/blocks/items/golden_shovel",
        "item_golden_sword": "textures/xp/fpack/blocks/items/golden_sword",
        "item_iron_axe": "textures/xp/fpack/blocks/items/iron_axe",
        "item_iron_hoe": "textures/xp/fpack/blocks/items/iron_hoe",
        "item_iron_pickaxe": "textures/xp/fpack/blocks/items/iron_pickaxe",
        "item_iron_shovel": "textures/xp/fpack/blocks/items/iron_shovel",
        "item_iron_sword": "textures/xp/fpack/blocks/items/iron_sword",
        "item_leather_axe": "textures/xp/fpack/blocks/items/leather_axe",
        "item_leather_hoe": "textures/xp/fpack/blocks/items/leather_hoe",
        "item_leather_pickaxe": "textures/xp/fpack/blocks/items/leather_pickaxe",
        "item_leather_shovel": "textures/xp/fpack/blocks/items/leather_shovel",
        "item_leather_sword": "textures/xp/fpack/blocks/items/leather_sword",
        "item_netherite_axe": "textures/xp/fpack/blocks/items/netherite_axe",
        "item_netherite_hoe": "textures/xp/fpack/blocks/items/netherite_hoe",
        "item_netherite_pickaxe": "textures/xp/fpack/blocks/items/netherite_pickaxe",
        "item_netherite_shovel": "textures/xp/fpack/blocks/items/netherite_shovel",
        "item_netherite_sword": "textures/xp/fpack/blocks/items/netherite_sword",
        "item_stone_axe": "textures/xp/fpack/blocks/items/stone_axe",
        "item_stone_hoe": "textures/xp/fpack/blocks/items/stone_hoe",
        "item_stone_pickaxe": "textures/xp/fpack/blocks/items/stone_pickaxe",
        "item_stone_shovel": "textures/xp/fpack/blocks/items/stone_shovel",
        "item_stone_sword": "textures/xp/fpack/blocks/items/stone_sword",
        "item_wooden_axe": "textures/xp/fpack/blocks/items/wooden_axe",
        "item_wooden_hoe": "textures/xp/fpack/blocks/items/wooden_hoe",
        "item_wooden_pickaxe": "textures/xp/fpack/blocks/items/wooden_pickaxe",
        "item_wooden_shovel": "textures/xp/fpack/blocks/items/wooden_shovel",
        "item_wooden_sword": "textures/xp/fpack/blocks/items/wooden_sword",

        "block_outline": "textures/xp/fpack/entity/block_outline",

        "block_destruct.stage_1": "textures/xp/fpack/overlays/destroy_64/3",
        "block_destruct.stage_2": "textures/xp/fpack/overlays/destroy_64/6",
        "block_destruct.stage_3": "textures/xp/fpack/overlays/destroy_64/9"
      },
      "geometry": {
        "default": "geometry.xp_furniture.tool_rack",

        "block_outline": "geometry.xp_furniture.block_outline"
      },
      "scripts": {
        "pre_animation": [
          /* Psuedo-block visual expression parameters */
          "v.horizontal_threshold = 35;",
          "v.vertical_threshold = 35;",
          "v.vertical_offset = 0;",

          "v.block_outline_size_x = 1.005;",
          "v.block_outline_size_y = 1.005;",
          "v.block_outline_size_z = 0.4;",
          "v.block_outline_offset_x = 0.0;",
          "v.block_outline_offset_y = 0.0;",
          "v.block_outline_offset_z = 0.3;",

          "v.camera_rot = -Math.atan2(-q.distance_from_camera * Math.sin(q.rotation_to_camera(0)) + v.vertical_offset, q.distance_from_camera * Math.cos(q.rotation_to_camera(0)));",
          "v.look_at_entity = Math.abs(Math.abs(q.rotation_to_camera(1) - q.camera_rotation(1)) - 180) < (v.horizontal_threshold / q.distance_from_camera) && Math.abs(v.camera_rot + q.camera_rotation(0)) < (v.vertical_threshold / q.distance_from_camera);",

          /* Tool Rack */
          "v.slot_1 = q.property('xp_furniture:slot_1_tool_type');",
          "v.slot_1_axes = q.any(v.slot_1, 1, 6, 11, 16, 21, 26, 31);",
          "v.slot_1_hoes = q.any(v.slot_1, 2, 7, 12, 17, 22, 27, 32);",
          "v.slot_1_pickaxes = q.any(v.slot_1, 3, 8, 13, 18, 23, 28, 33);",
          "v.slot_1_shovels = q.any(v.slot_1, 4, 9, 14, 19, 24, 29, 34);",
          "v.slot_1_swords = q.any(v.slot_1, 5, 10, 15, 20, 25, 30, 35);",

          "v.slot_2 = q.property('xp_furniture:slot_2_tool_type');",
          "v.slot_2_axes = q.any(v.slot_2, 1, 6, 11, 16, 21, 26, 31);",
          "v.slot_2_hoes = q.any(v.slot_2, 2, 7, 12, 17, 22, 27, 32);",
          "v.slot_2_pickaxes = q.any(v.slot_2, 3, 8, 13, 18, 23, 28, 33);",
          "v.slot_2_shovels = q.any(v.slot_2, 4, 9, 14, 19, 24, 29, 34);",
          "v.slot_2_swords = q.any(v.slot_2, 5, 10, 15, 20, 25, 30, 35);"
        ],
        "animate": [ "align", "block_outline" ]
      },
      "animations": {
        "align": "animation.xp_furniture.tool_rack.align",

        "block_outline": "animation.xp_furniture.block_outline.scale"
      },
      "render_controllers": [
        "controller.render.xp_furniture.tool_rack.base",
        { "controller.render.xp_furniture.tool_rack.tool_slot_1": "v.slot_1" },
        { "controller.render.xp_furniture.tool_rack.tool_slot_2": "v.slot_2" },
        "controller.render.xp_furniture.tool_rack.block_destruct",

        "controller.render.xp_furniture.block_outline"
      ],
      "spawn_egg": {
        "texture": "xp_furniture:tool_rack",
        "texture_index": 0
      }
    }
  }
}
