{
  "format_version": "1.10.0",
  "minecraft:client_entity": {
    "description": {
      "identifier": "xp_furniture:wind_mill",
      "materials": {
        "default": "entity_alphatest",

        "block_outline": "xp_furniture_boutline",
        "block_destruct": "xp_furniture_bdestruct"
      },
      "textures": {
        "default": "textures/xp/fpack/entity/func/wind_mill",

        "block_outline": "textures/xp/fpack/entity/block_outline",

        "block_destruct.stage_1": "textures/environment/destroy_stage_3",
        "block_destruct.stage_2": "textures/environment/destroy_stage_6",
        "block_destruct.stage_3": "textures/environment/destroy_stage_9"
      },
      "geometry": {
        "default": "geometry.xp_furniture.wind_mill",

        "block_outline": "geometry.xp_furniture.block_outline"
      },
      "scripts": {
        "initialize": [
          "v.state_time = q.life_time;",
          "v.next_spin_time = Math.random(25, 75);",
          "v.next_spin = Math.random_integer(0, 1);"
        ],
        "pre_animation": [
          /* Psuedo-block visual expression parameters */
          "v.horizontal_threshold = 35;",
          "v.vertical_threshold = 35;",
          "v.vertical_offset = -1;",
          "v.block_destruct_size_factor = 1.0;",

          "v.block_outline_size_x = 1.005;",
          "v.block_outline_size_y = 1.005;",
          "v.block_outline_size_z = 1.005;",
          "v.block_outline_offset_x = 0.0;",
          "v.block_outline_offset_y = 0.0;",
          "v.block_outline_offset_z = 0.0;",

          "v.camera_rot = -Math.atan2(-q.distance_from_camera * Math.sin(q.rotation_to_camera(0)) + v.vertical_offset, q.distance_from_camera * Math.cos(q.rotation_to_camera(0)));",
          "v.look_at_entity = Math.abs(Math.abs(q.rotation_to_camera(1) - q.camera_rotation(1)) - 180) < (v.horizontal_threshold / q.distance_from_camera) && Math.abs(v.camera_rot + q.camera_rotation(0)) < (v.vertical_threshold / q.distance_from_camera);",

          /* Wind Mill */
          "v.spin_speed = math.min(70, math.abs(q.position(1))) / 2;"
        ],
        "animate": [
          "spin",
          "spin_sfx",
          "align",

          "block_outline"
        ],
        "should_update_bones_and_effects_offscreen": true
      },
      "animations": {
        "spin": "animation.xp_furniture.wind_mill.spin",
        "spin_sfx": "animation.xp_furniture.water_mill.spin_sfx",
        "align": "animation.xp_furniture.wind_mill.align",

        "block_outline": "animation.xp_furniture.block_outline.scale"
      },
      "sound_effects": {
        "idle": "xp_furniture:wind_mill"
      },
      "render_controllers": [
        "controller.render.xp_furniture.default",

        "controller.render.xp_furniture.block_outline",
        "controller.render.xp_furniture.block_destruct"
      ],
      "spawn_egg": {
        "texture": "xp_furniture:wind_mill",
        "texture_index": 0
      }
    }
  }
}
