{
	"format_version": "1.12.0",
	"minecraft:geometry": [
		{
			"description": {
				"identifier": "geometry.pod_farm.bush_2_layer",
				"texture_width": 40,
				"texture_height": 32,
				"visible_bounds_width": 2,
				"visible_bounds_height": 2.5,
				"visible_bounds_offset": [0, 0.75, 0]
			},
			"bones": [
				{
					"name": "layer_0",
					"pivot": [0, 0, 0],
					"cubes": [
						{
							"origin": [-10, 0, 0],
							"size": [20, 16, 0],
							"pivot": [0, 0, 0],
							"rotation": [0, 135, 0],
							"uv": {
								"south": {"uv": [0, 0], "uv_size": [20, 16]}
							}
						},
						{
							"origin": [-10, 0, 0],
							"size": [20, 16, 0],
							"pivot": [0, 0, 0],
							"rotation": [0, 45, 0],
							"uv": {
								"south": {"uv": [0, 0], "uv_size": [20, 16]}
							}
						}
					]
				},
				{
					"name": "layer_1",
					"pivot": [0, 0, 0],
					"cubes": [
						{
							"origin": [-10, 0, 0],
							"size": [20, 16, 0],
							"pivot": [0, 0, 0],
							"rotation": [0, 135, 0],
							"uv": {
								"south": {"uv": [20, 0], "uv_size": [20, 16]}
							}
						},
						{
							"origin": [-10, 0, 0],
							"size": [20, 16, 0],
							"pivot": [0, 0, 0],
							"rotation": [0, 45, 0],
							"uv": {
								"south": {"uv": [20, 0], "uv_size": [20, 16]}
							}
						}
					]
				}
			]
		}
	]
}