{
  "format_version": "1.10.0",
  "minecraft:client_entity": {
    "description": {
      "identifier": "xp_furniture:standing_lamp",
      "materials": {
        "default": "entity_alphatest",
        "lit": "spider",

        "block_outline": "xp_furniture_boutline",
        "block_destruct_masked": "xp_furniture_bdestructmask"
      },
      "textures": {
        "default": "textures/xp/fpack/entity/core/standing_lamp/base",
        "lamp_light": "textures/xp/fpack/entity/core/standing_lamp/lamp",

        "block_outline": "textures/xp/fpack/entity/block_outline",

        "block_destruct.stage_1": "textures/xp/fpack/overlays/destroy_128/3",
        "block_destruct.stage_2": "textures/xp/fpack/overlays/destroy_128/6",
        "block_destruct.stage_3": "textures/xp/fpack/overlays/destroy_128/9"
      },
      "geometry": {
        "acacia": "geometry.xp_furniture.acacia_standing_lamp",
        "bamboo": "geometry.xp_furniture.bamboo_standing_lamp",
        "birch": "geometry.xp_furniture.birch_standing_lamp",
        "cherry": "geometry.xp_furniture.cherry_standing_lamp",
        "crimson": "geometry.xp_furniture.crimson_standing_lamp",
        "dark_oak": "geometry.xp_furniture.dark_oak_standing_lamp",
        "jungle": "geometry.xp_furniture.jungle_standing_lamp",
        "mangrove": "geometry.xp_furniture.mangrove_standing_lamp",
        "oak": "geometry.xp_furniture.oak_standing_lamp",
        "spruce": "geometry.xp_furniture.spruce_standing_lamp",
        "template": "geometry.xp_furniture.spruce_standing_lamp",
        "warped": "geometry.xp_furniture.warped_standing_lamp",
        "block_outline": "geometry.xp_furniture.block_outline"
      },
      "scripts": {
        "pre_animation": [
          /* Psuedo-block visual expression parameters */
          "v.horizontal_threshold = 35;",
          "v.vertical_threshold = 35;",
          "v.vertical_offset = -1;",

          "v.block_outline_size_x = 0.77505;",
          "v.block_outline_size_y = 1.8905;",
          "v.block_outline_size_z = 0.77505;",
          "v.block_outline_offset_x = 0.0;",
          "v.block_outline_offset_y = 0.445;",
          "v.block_outline_offset_z = 0.0;",

          "v.camera_rot = -Math.atan2(-q.distance_from_camera * Math.sin(q.rotation_to_camera(0)) + v.vertical_offset, q.distance_from_camera * Math.cos(q.rotation_to_camera(0)));",
          "v.look_at_entity = Math.abs(Math.abs(q.rotation_to_camera(1) - q.camera_rotation(1)) - 180) < (v.horizontal_threshold / q.distance_from_camera) && Math.abs(v.camera_rot + q.camera_rotation(0)) < (v.vertical_threshold / q.distance_from_camera);"
        ],
        "animate": [
          "align",
          { "glow": "q.property('xp_furniture:is_interacted_with')" },
          "sounds",
          "block_outline"
        ],
        "should_update_bones_and_effects_offscreen": true
      },
      "animations": {
        "align": "animation.xp_furniture.standing_lamp.align",
        "glow": "animation.xp_furniture.standing_lamp.glow",
        "sounds": "controller.animation.xp_furniture.lamp",
        "block_outline": "animation.xp_furniture.block_outline.scale"
      },
      "particle_effects": {
        "light": "xp_furniture:standing_lamp"
      },
      "sound_effects": {
        "on": "xp_furniture:lamp.on",
        "off": "xp_furniture:lamp.off"
      },
      "render_controllers": [
        "controller.render.xp_furniture.standing_lamp.base",
        "controller.render.xp_furniture.standing_lamp.lamp",
        "controller.render.xp_furniture.standing_lamp.block_destruct",

        "controller.render.xp_furniture.block_outline"
      ]
    }
  }
}