{
  "format_version": "1.19.0",
  "minecraft:geometry": [
    {
      "description": {
        "identifier": "geometry.xp_furniture.flower_cluster",
        "texture_width": 16,
        "texture_height": 16,
        "visible_bounds_width": 2,
        "visible_bounds_height": 1.5,
        "visible_bounds_offset": [
          0,
          0.25,
          0
        ]
      },
      "bones": [
        {
          "name": "bb_main",
          "pivot": [
            0,
            0,
            0
          ],
          "cubes": [
            {
              "origin": [
                -8,
                3,
                -7
              ],
              "size": [
                16,
                0,
                6
              ],
              "uv": {
                "up": {
                  "uv": [
                    16,
                    7
                  ],
                  "uv_size": [
                    -16,
                    6
                  ]
                }
              }
            },
            {
              "origin": [
                -8,
                3,
                1
              ],
              "size": [
                16,
                0,
                6
              ],
              "uv": {
                "up": {
                  "uv": [
                    0,
                    13
                  ],
                  "uv_size": [
                    16,
                    -6
                  ]
                }
              }
            },
            {
              "origin": [
                -8,
                4,
                -7
              ],
              "size": [
                16,
                0,
                7
              ],
              "pivot": [
                0,
                4,
                0
              ],
              "rotation": [
                0,
                90,
                0
              ],
              "uv": {
                "up": {
                  "uv": [
                    0,
                    7
                  ],
                  "uv_size": [
                    16,
                    -7
                  ]
                }
              }
            },
            {
              "origin": [
                -8,
                4,
                0
              ],
              "size": [
                16,
                0,
                7
              ],
              "pivot": [
                0,
                4,
                0
              ],
              "rotation": [
                0,
                90,
                0
              ],
              "uv": {
                "up": {
                  "uv": [
                    16,
                    0
                  ],
                  "uv_size": [
                    -16,
                    7
                  ]
                }
              }
            },
            {
              "origin": [
                -8,
                0,
                0
              ],
              "size": [
                16,
                3,
                0
              ],
              "pivot": [
                0,
                0,
                0
              ],
              "rotation": [
                0,
                45,
                0
              ],
              "uv": {
                "north": {
                  "uv": [
                    0,
                    13
                  ],
                  "uv_size": [
                    16,
                    3
                  ]
                }
              }
            },
            {
              "origin": [
                -8,
                0,
                0
              ],
              "size": [
                16,
                3,
                0
              ],
              "pivot": [
                0,
                1.5,
                0
              ],
              "rotation": [
                -180,
                45,
                180
              ],
              "uv": {
                "north": {
                  "uv": [
                    0,
                    13
                  ],
                  "uv_size": [
                    16,
                    3
                  ]
                }
              }
            }
          ]
        }
      ]
    },
    {
      "description": {
        "identifier": "geometry.xp_furniture.shelf_fungus",
        "texture_width": 32,
        "texture_height": 16,
        "visible_bounds_width": 5,
        "visible_bounds_height": 3.5,
        "visible_bounds_offset": [
          0,
          1.25,
          0
        ]
      },
      "bones": [
        {
          "name": "root",
          "pivot": [
            0,
            0,
            0
          ],
          "cubes": [
            {
              "origin": [
                -4,
                7,
                3
              ],
              "size": [
                10,
                2,
                10
              ],
              "pivot": [
                1,
                8,
                0
              ],
              "rotation": [
                0,
                0,
                1
              ],
              "uv": {
                "north": {
                  "uv": [
                    0,
                    10
                  ],
                  "uv_size": [
                    10,
                    2
                  ],
                  "material_instance": "tree_fungus"
                },
                "east": {
                  "uv": [
                    0,
                    10
                  ],
                  "uv_size": [
                    10,
                    2
                  ],
                  "material_instance": "tree_fungus"
                },
                "south": {
                  "uv": [
                    0,
                    10
                  ],
                  "uv_size": [
                    10,
                    2
                  ],
                  "material_instance": "tree_fungus"
                },
                "west": {
                  "uv": [
                    0,
                    10
                  ],
                  "uv_size": [
                    10,
                    2
                  ],
                  "material_instance": "tree_fungus"
                },
                "up": {
                  "uv": [
                    10,
                    10
                  ],
                  "uv_size": [
                    -10,
                    -10
                  ],
                  "material_instance": "tree_fungus"
                },
                "down": {
                  "uv": [
                    10,
                    0
                  ],
                  "uv_size": [
                    -10,
                    10
                  ],
                  "material_instance": "tree_fungus"
                }
              }
            },
            {
              "origin": [
                -10,
                3,
                5
              ],
              "size": [
                9,
                2,
                9
              ],
              "pivot": [
                -5,
                4,
                0
              ],
              "rotation": [
                0,
                0,
                1
              ],
              "uv": {
                "north": {
                  "uv": [
                    10,
                    9
                  ],
                  "uv_size": [
                    9,
                    2
                  ],
                  "material_instance": "tree_fungus"
                },
                "east": {
                  "uv": [
                    10,
                    9
                  ],
                  "uv_size": [
                    9,
                    2
                  ],
                  "material_instance": "tree_fungus"
                },
                "south": {
                  "uv": [
                    10,
                    9
                  ],
                  "uv_size": [
                    9,
                    2
                  ],
                  "material_instance": "tree_fungus"
                },
                "west": {
                  "uv": [
                    10,
                    9
                  ],
                  "uv_size": [
                    9,
                    2
                  ],
                  "material_instance": "tree_fungus"
                },
                "up": {
                  "uv": [
                    19,
                    9
                  ],
                  "uv_size": [
                    -9,
                    -9
                  ],
                  "material_instance": "tree_fungus"
                },
                "down": {
                  "uv": [
                    19,
                    0
                  ],
                  "uv_size": [
                    -9,
                    9
                  ],
                  "material_instance": "tree_fungus"
                }
              }
            },
            {
              "origin": [
                2,
                11,
                6
              ],
              "size": [
                8,
                2,
                8
              ],
              "pivot": [
                6,
                12,
                10
              ],
              "rotation": [
                0,
                -1,
                1
              ],
              "uv": {
                "north": {
                  "uv": [
                    19,
                    8
                  ],
                  "uv_size": [
                    8,
                    2
                  ],
                  "material_instance": "tree_fungus"
                },
                "east": {
                  "uv": [
                    19,
                    8
                  ],
                  "uv_size": [
                    8,
                    2
                  ],
                  "material_instance": "tree_fungus"
                },
                "south": {
                  "uv": [
                    19,
                    8
                  ],
                  "uv_size": [
                    8,
                    2
                  ],
                  "material_instance": "tree_fungus"
                },
                "west": {
                  "uv": [
                    19,
                    8
                  ],
                  "uv_size": [
                    8,
                    2
                  ],
                  "material_instance": "tree_fungus"
                },
                "up": {
                  "uv": [
                    27,
                    8
                  ],
                  "uv_size": [
                    -8,
                    -8
                  ],
                  "material_instance": "tree_fungus"
                },
                "down": {
                  "uv": [
                    27,
                    0
                  ],
                  "uv_size": [
                    -8,
                    8
                  ],
                  "material_instance": "tree_fungus"
                }
              }
            }
          ]
        }
      ]
    },
    {
      "description": {
        "identifier": "geometry.xp_furniture.cross",
        "texture_width": 16,
        "texture_height": 16,
        "visible_bounds_width": 2,
        "visible_bounds_height": 2.5,
        "visible_bounds_offset": [
          0,
          0.75,
          0
        ]
      },
      "bones": [
        {
          "name": "root",
          "pivot": [
            0,
            0,
            0
          ],
          "rotation": [
            0,
            45,
            0
          ],
          "cubes": [
            {
              "origin": [
                0,
                0,
                -8
              ],
              "size": [
                0,
                16,
                16
              ],
              "uv": {
                "north": {
                  "uv": [
                    0,
                    0
                  ],
                  "uv_size": [
                    0,
                    16
                  ]
                },
                "south": {
                  "uv": [
                    0,
                    0
                  ],
                  "uv_size": [
                    0,
                    16
                  ]
                },
                "west": {
                  "uv": [
                    0,
                    0
                  ],
                  "uv_size": [
                    16,
                    16
                  ]
                },
                "up": {
                  "uv": [
                    0,
                    16
                  ],
                  "uv_size": [
                    0,
                    -16
                  ]
                },
                "down": {
                  "uv": [
                    0,
                    16
                  ],
                  "uv_size": [
                    0,
                    -16
                  ]
                }
              }
            },
            {
              "origin": [
                -8,
                0,
                0
              ],
              "size": [
                16,
                16,
                0
              ],
              "uv": {
                "east": {
                  "uv": [
                    0,
                    0
                  ],
                  "uv_size": [
                    0,
                    16
                  ]
                },
                "south": {
                  "uv": [
                    16,
                    0
                  ],
                  "uv_size": [
                    -16,
                    16
                  ]
                },
                "west": {
                  "uv": [
                    0,
                    0
                  ],
                  "uv_size": [
                    0,
                    16
                  ]
                },
                "up": {
                  "uv": [
                    16,
                    0
                  ],
                  "uv_size": [
                    -16,
                    0
                  ]
                },
                "down": {
                  "uv": [
                    16,
                    0
                  ],
                  "uv_size": [
                    -16,
                    0
                  ]
                }
              }
            }
          ]
        }
      ]
    }
  ]
}