{
  "format_version": "1.20.50",
  "minecraft:block": {
    "description": {
      "identifier": "4ks_wp:fake_bedrock",
      "menu_category": {
        "category": "nature",
        "group": "itemGroup.name.mushroom"
      }
    },
    "components": {
      "tag:4ks_wp_custom_block": {},
      "minecraft:selection_box": {
        "size": [
          16,
          16,
          16
        ]
      },
      "minecraft:collision_box": {
        "size": [
          16,
          16,
          16
        ]
      },
      "minecraft:display_name": "block.4ks_wp:fake_bedrock.name",
      "minecraft:destructible_by_mining": {
        "seconds_to_destroy": 30
      },
      "minecraft:destructible_by_explosion": {
        "explosion_resistance": 100
      },
      "minecraft:geometry": "minecraft:geometry.full_block",
      "minecraft:material_instances": {
        "*": {
          "render_method": "opaque",
          "texture": "bedrock"
        }
      },
      "minecraft:light_emission": 0,
      "minecraft:light_dampening": 0,
      "minecraft:map_color": "#323232"
    }
  }
}