  {
    "format_version": "1.20.30",
    "minecraft:recipe_shaped": {
      "description": {
        "identifier": "mbl_fish:cast_net_recipe"
      },
      "tags": [
        "crafting_table"
      ],
      "pattern": [
        "###",
        "###",
        "###"
      ],
      "key": {
        "#": {
          "item": "minecraft:string"
        }
      },
      "unlock": [
        {
          "item": "minecraft:string"
        }
        ],
      "result": [
        {
          "item": "mbl_fish:casting_net"
        }
      ]
    }
  }