{
  "format_version": "1.21.0",
  "minecraft:block": {
    "description": {
      "identifier": "xp_furniture:icicle",
      "menu_category": {
        "category": "none"
      },
      "states": {
        "xp_furniture:hanging_part": [
          0,
          1,
          2,
          3,
          4
        ],
        "xp_furniture:is_reversed": [
          0,
          1
        ]
      }
    },
    "components": {
      "minecraft:destructible_by_mining": {
        "seconds_to_destroy": 0.4
      },
      "minecraft:material_instances": {
        "*": {
          "texture": "xp_furniture:icicle",
          "render_method": "alpha_test_single_sided"
        }
      },
      "minecraft:custom_components": [
        "xp_furniture:icicle"
      ],
      "minecraft:placement_filter": {
        "conditions": [
          {
            "allowed_faces": [
              "up",
              "down"
            ]
          }
        ]
      },
      "minecraft:loot": "loot_tables/xp/fpack/blocks/icon/icicle.json"
    },
    "permutations": [
      {
        "condition": "q.block_state('xp_furniture:hanging_part') == 0",
        "components": {
          "minecraft:geometry": "geometry.xp_furniture.icicle.0",
          "minecraft:collision_box": {
            "origin": [
              -5,
              0,
              -5
            ],
            "size": [
              10,
              16,
              10
            ]
          },
          "minecraft:selection_box": {
            "origin": [
              -5,
              0,
              -5
            ],
            "size": [
              10,
              16,
              10
            ]
          }
        }
      },
      {
        "condition": "q.block_state('xp_furniture:hanging_part') == 1",
        "components": {
          "minecraft:geometry": "geometry.xp_furniture.icicle.1",
          "minecraft:collision_box": {
            "origin": [
              -4,
              0,
              -4
            ],
            "size": [
              8,
              16,
              8
            ]
          },
          "minecraft:selection_box": {
            "origin": [
              -4,
              0,
              -4
            ],
            "size": [
              8,
              16,
              8
            ]
          }
        }
      },
      {
        "condition": "q.block_state('xp_furniture:hanging_part') == 2",
        "components": {
          "minecraft:geometry": "geometry.xp_furniture.icicle.2",
          "minecraft:collision_box": {
            "origin": [
              -3,
              0,
              -3
            ],
            "size": [
              6,
              16,
              6
            ]
          },
          "minecraft:selection_box": {
            "origin": [
              -3,
              0,
              -3
            ],
            "size": [
              6,
              16,
              6
            ]
          }
        }
      },
      {
        "condition": "q.block_state('xp_furniture:hanging_part') == 3",
        "components": {
          "minecraft:geometry": "geometry.xp_furniture.icicle.3",
          "minecraft:collision_box": {
            "origin": [
              -1,
              8,
              -1
            ],
            "size": [
              2,
              8,
              2
            ]
          },
          "minecraft:selection_box": {
            "origin": [
              -1,
              8,
              -1
            ],
            "size": [
              2,
              8,
              2
            ]
          }
        }
      },
      {
        "condition": "q.block_state('xp_furniture:hanging_part') == 4",
        "components": {
          "minecraft:geometry": "geometry.xp_furniture.icicle.4",
          "minecraft:collision_box": {
            "origin": [
              -1,
              0,
              -1
            ],
            "size": [
              2,
              16,
              2
            ]
          },
          "minecraft:selection_box": {
            "origin": [
              -1,
              0,
              -1
            ],
            "size": [
              2,
              16,
              2
            ]
          }
        }
      },
      {
        "condition": "q.block_state('xp_furniture:is_reversed') == 0",
        "components": {
          "minecraft:transformation": {
            "rotation": [
              0,
              0,
              180
            ]
          }
        }
      },
      {
        "condition": "q.block_state('xp_furniture:is_reversed') == 1",
        "components": {
          "minecraft:transformation": {
            "rotation": [
              0,
              0,
              0
            ]
          }
        }
      }
    ]
  }
}