{
  "format_version": "1.21.0",
  "minecraft:block": {
    "description": {
      "identifier": "xp_furniture:rope_sock_3",
      "menu_category": {
        "category": "construction"
      },
      "traits": {
        "minecraft:placement_direction": {
          "y_rotation_offset": 180,
          "enabled_states": [
            "minecraft:cardinal_direction"
          ]
        }
      }
    },
    "components": {
      "minecraft:geometry": "geometry.xp_furniture.rope_sock_3",
      "minecraft:destructible_by_mining": {
        "seconds_to_destroy": 0.4
      },
      "minecraft:collision_box": false,
      "minecraft:light_dampening": 0,
      "minecraft:material_instances": {
        "*": {
          "texture": "xp_furniture:rope_socks",
          "render_method": "alpha_test_single_sided"
        },
        "rope": {
          "texture": "xp_furniture:rope_flags.rope",
          "render_method": "alpha_test_single_sided"
        }
      }
    },
    "permutations": [
      {
        "condition": "q.block_state('minecraft:cardinal_direction') == 'north'",
        "components": {
          "minecraft:destructible_by_mining": {
            "seconds_to_destroy": 0.4
          },
          "minecraft:transformation": {
            "rotation": [
              0,
              0,
              0
            ]
          }
        }
      },
      {
        "condition": "q.block_state('minecraft:cardinal_direction') == 'east'",
        "components": {
          "minecraft:destructible_by_mining": {
            "seconds_to_destroy": 0.4
          },
          "minecraft:transformation": {
            "rotation": [
              0,
              270,
              0
            ]
          }
        }
      },
      {
        "condition": "q.block_state('minecraft:cardinal_direction') == 'south'",
        "components": {
          "minecraft:destructible_by_mining": {
            "seconds_to_destroy": 0.4
          },
          "minecraft:transformation": {
            "rotation": [
              0,
              180,
              0
            ]
          }
        }
      },
      {
        "condition": "q.block_state('minecraft:cardinal_direction') == 'west'",
        "components": {
          "minecraft:destructible_by_mining": {
            "seconds_to_destroy": 0.4
          },
          "minecraft:transformation": {
            "rotation": [
              0,
              90,
              0
            ]
          }
        }
      }
    ]
  }
}