{
	"format_version": "1.10.0",
	"particle_effect": {
		"description": {
			"identifier": "xp_furniture:candle_holder_light_2",
			"basic_render_parameters": {
				"material": "particles_add",
				"texture": "textures/xp/fpack/particle/xp_sprite"
			}
		},
		"curves": {
			"variable.size1": {
				"type": "bezier_chain",
				"input": "v.particle_age/v.particle_lifetime",
				"nodes": {
					"0.0": {
						"value": 0,
						"slope": 2.55
					},
					"1.0": {
						"value": 1,
						"slope": 0
					},
					"0.32": {
						"value": 1,
						"slope": 0
					}
				}
			}
		},
		"components": {
			"minecraft:emitter_rate_steady": {
				"spawn_rate": 6,
				"max_particles": 30
			},
			"minecraft:emitter_lifetime_once": {
				"active_time": 1
			},
			"minecraft:emitter_shape_point": {
				"offset": [0, -0.1, 0]
			},
			"minecraft:particle_lifetime_expression": {
				"max_lifetime": 1.2
			},
			"minecraft:particle_initial_spin": {
				"rotation": "math.random(-360, 360)",
				"rotation_rate": "math.random(-90, 90)"
			},
			"minecraft:particle_initial_speed": 0,
			"minecraft:particle_motion_dynamic": {},
			"minecraft:particle_appearance_billboard": {
				"size": ["0.4*variable.size1", "0.4*variable.size1"],
				"facing_camera_mode": "rotate_xyz",
				"uv": {
					"texture_width": 256,
					"texture_height": 256,
					"uv": [128, 128],
					"uv_size": [64, 64]
				}
			},
			"minecraft:particle_appearance_tinting": {
				"color": {
					"interpolant": "v.particle_age / v.particle_lifetime",
					"gradient": {
						"0.0": "#00F0FB41",
						"0.67": "#17FFBD7B",
						"1.0": "#00FFBD7B"
					}
				}
			}
		}
	}
}