{
  "format_version": "1.10.0",
  "minecraft:client_entity": {
    "description": {
      "identifier": "xp_furniture:cabinet",
      "materials": {
        "default": "entity_alphatest",

        "block_outline": "xp_furniture_boutline",
        "block_destruct": "xp_furniture_bdestruct"
      },
      "textures": {
        "default": "textures/xp/fpack/entity/core/cabinets",
        "block_outline": "textures/xp/fpack/entity/block_outline",

        "block_destruct.stage_1": "textures/environment/destroy_stage_3",
        "block_destruct.stage_2": "textures/environment/destroy_stage_6",
        "block_destruct.stage_3": "textures/environment/destroy_stage_9"
      },
      "geometry": {
        "acacia": "geometry.xp_furniture.acacia_cabinet",
        "bamboo": "geometry.xp_furniture.bamboo_cabinet",
        "birch": "geometry.xp_furniture.birch_cabinet",
        "cherry": "geometry.xp_furniture.cherry_cabinet",
        "crimson": "geometry.xp_furniture.crimson_cabinet",
        "dark_oak": "geometry.xp_furniture.dark_oak_cabinet",
        "jungle": "geometry.xp_furniture.jungle_cabinet",
        "mangrove": "geometry.xp_furniture.mangrove_cabinet",
        "oak": "geometry.xp_furniture.oak_cabinet",
        "spruce": "geometry.xp_furniture.spruce_cabinet",
        "template": "geometry.xp_furniture.spruce_cabinet",
        "warped": "geometry.xp_furniture.warped_cabinet",
        "block_outline": "geometry.xp_furniture.block_outline"
      },
      "scripts": {
        "pre_animation": [
          /* Psuedo-block visual expression parameters */
          "v.horizontal_threshold = 35;",
          "v.vertical_threshold = 35;",
          "v.vertical_offset = 0;",
          "v.block_destruct_size_factor = 1.0;",

          "v.block_outline_size_x = 1.005;",
          "v.block_outline_size_y = 1.005;",
          "v.block_outline_size_z = 1.005;",
          "v.block_outline_offset_x = 0.0;",
          "v.block_outline_offset_y = 0.0;",
          "v.block_outline_offset_z = 0.0;",

          "v.camera_rot = -Math.atan2(-q.distance_from_camera * Math.sin(q.rotation_to_camera(0)) + v.vertical_offset, q.distance_from_camera * Math.cos(q.rotation_to_camera(0)));",
          "v.look_at_entity = Math.abs(Math.abs(q.rotation_to_camera(1) - q.camera_rotation(1)) - 180) < (v.horizontal_threshold / q.distance_from_camera) && Math.abs(v.camera_rot + q.camera_rotation(0)) < (v.vertical_threshold / q.distance_from_camera);"
        ],
        "animate": [
          "root",
          "align",
          "block_outline"
        ]
      },
      "animations": {
        "root": "controller.animation.xp_furniture.containers",
        "align": "animation.xp_furniture.cabinet.align",
        "closed_state": "animation.xp_furniture.cabinet.closed_state",
        "open": "animation.xp_furniture.cabinet.open",
        "open_state": "animation.xp_furniture.cabinet.open_state",
        "close": "animation.xp_furniture.cabinet.close",
        "block_outline": "animation.xp_furniture.block_outline.scale"
      },
      "sound_effects": {
        "open": "xp_furniture:sideboard.open",
        "close": "xp_furniture:sideboard.close"
      },
      "render_controllers": [
        "controller.render.xp_furniture.wood_variants_compressed",
        "controller.render.xp_furniture.block_outline",
        "controller.render.xp_furniture.block_destruct"
      ]
    }
  }
}