{
  "format_version": "1.10.0",
  "minecraft:client_entity": {
    "description": {
      "identifier": "xp_furniture:cupboard",
      "materials": {
        "default": "entity_alphatest",

        "block_outline": "xp_furniture_boutline",
        "block_destruct_masked": "xp_furniture_bdestructmask"
      },
      "textures": {
        "acacia": "textures/xp/fpack/entity/core/cupboard/acacia",
        "bamboo": "textures/xp/fpack/entity/core/cupboard/bamboo",
        "birch": "textures/xp/fpack/entity/core/cupboard/birch",
        "cherry": "textures/xp/fpack/entity/core/cupboard/cherry",
        "crimson": "textures/xp/fpack/entity/core/cupboard/crimson",
        "dark_oak": "textures/xp/fpack/entity/core/cupboard/dark_oak",
        "jungle": "textures/xp/fpack/entity/core/cupboard/jungle",
        "mangrove": "textures/xp/fpack/entity/core/cupboard/mangrove",
        "oak": "textures/xp/fpack/entity/core/cupboard/oak",
        "spruce": "textures/xp/fpack/entity/core/cupboard/spruce",
        "template": "textures/xp/fpack/entity/core/cupboard/template",
        "warped": "textures/xp/fpack/entity/core/cupboard/warped",

        "contents": "textures/xp/fpack/entity/core/cupboard/contents",

        "block_outline": "textures/xp/fpack/entity/block_outline",

        "block_destruct.stage_1": "textures/xp/fpack/overlays/destroy_128/3",
        "block_destruct.stage_2": "textures/xp/fpack/overlays/destroy_128/6",
        "block_destruct.stage_3": "textures/xp/fpack/overlays/destroy_128/9"
      },
      "geometry": {
        "default": "geometry.xp_furniture.cupboard",

        "block_outline": "geometry.xp_furniture.block_outline",
        "block_destruct": "geometry.xp_furniture.block_destruct"
      },
      "scripts": {
        "pre_animation": [
          /* Psuedo-block visual expression parameters */
          "v.horizontal_threshold = 60;",
          "v.vertical_threshold = 60;",
          "v.vertical_offset = -1;",

          "v.camera_rot = -Math.atan2(-q.distance_from_camera * Math.sin(q.rotation_to_camera(0)) + v.vertical_offset, q.distance_from_camera * Math.cos(q.rotation_to_camera(0)));",
          "v.look_at_entity = Math.abs(Math.abs(q.rotation_to_camera(1) - q.camera_rotation(1)) - 180) < (v.horizontal_threshold / q.distance_from_camera) && Math.abs(v.camera_rot + q.camera_rotation(0)) < (v.vertical_threshold / q.distance_from_camera);"
        ],
        "animate": [
          "root",
          "align"
        ]
      },
      "animations": {
        "root": "controller.animation.xp_furniture.containers",
        "align": "animation.xp_furniture.cupboard.align",

        "closed_state": "animation.xp_furniture.cupboard.closed_state",
        "open": "animation.xp_furniture.cupboard.open",
        "open_state": "animation.xp_furniture.cupboard.open_state",
        "close": "animation.xp_furniture.cupboard.close"
      },
      "sound_effects": {
        "open": "xp_furniture:wardrobe.open",
        "close": "xp_furniture:wardrobe.close"
      },
      "render_controllers": [
        "controller.render.xp_furniture.cupboard",
        // "controller.render.xp_furniture.cupboard.contents",
        "controller.render.xp_furniture.cupboard.block_outline",

        "controller.render.xp_furniture.block_destruct_masked"
      ]
    }
  }
}
