{
  "format_version": "1.10.0",
  "minecraft:client_entity": {
    "description": {
      "identifier": "xp_furniture:wood_pillow",
      "materials": {
        "default": "entity_alphatest",

        "block_outline": "xp_furniture_boutline",
        "block_destruct_masked": "xp_furniture_bdestructmask"
      },
      "textures": {
        "black": "textures/xp/fpack/entity/core/wood_pillow/black",
        "blue": "textures/xp/fpack/entity/core/wood_pillow/blue",
        "brown": "textures/xp/fpack/entity/core/wood_pillow/brown",
        "cyan": "textures/xp/fpack/entity/core/wood_pillow/cyan",
        "gray": "textures/xp/fpack/entity/core/wood_pillow/gray",
        "green": "textures/xp/fpack/entity/core/wood_pillow/green",
        "light_blue": "textures/xp/fpack/entity/core/wood_pillow/light_blue",
        "light_gray": "textures/xp/fpack/entity/core/wood_pillow/light_gray",
        "lime": "textures/xp/fpack/entity/core/wood_pillow/lime",
        "magenta": "textures/xp/fpack/entity/core/wood_pillow/magenta",
        "orange": "textures/xp/fpack/entity/core/wood_pillow/orange",
        "pink": "textures/xp/fpack/entity/core/wood_pillow/pink",
        "purple": "textures/xp/fpack/entity/core/wood_pillow/purple",
        "red": "textures/xp/fpack/entity/core/wood_pillow/red",
        "white": "textures/xp/fpack/entity/core/wood_pillow/white",
        "yellow": "textures/xp/fpack/entity/core/wood_pillow/yellow",

        "block_outline": "textures/xp/fpack/entity/block_outline",

        "block_destruct.stage_1": "textures/xp/fpack/overlays/destroy_64/3",
        "block_destruct.stage_2": "textures/xp/fpack/overlays/destroy_64/6",
        "block_destruct.stage_3": "textures/xp/fpack/overlays/destroy_64/9"
      },
      "geometry": {
        "default": "geometry.xp_furniture.wood_pillow",

        "block_outline": "geometry.xp_furniture.block_outline"
      },
      "scripts": {
        "pre_animation": [
          /* Psuedo-block visual expression parameters */
          "v.horizontal_threshold = 35;",
          "v.vertical_threshold = 30;",
          "v.vertical_offset = 0;",
          //"v.block_destruct_size_factor = 1.0;",

          "v.block_outline_size_x = 1.005;",
          "v.block_outline_size_y = 0.475;",
          "v.block_outline_size_z = 1.005;",
          "v.block_outline_offset_x = 0.0;",
          "v.block_outline_offset_y = -0.230;",
          "v.block_outline_offset_z = 0.0;",

          "v.camera_rot = -Math.atan2(-q.distance_from_camera * Math.sin(q.rotation_to_camera(0)) + v.vertical_offset, q.distance_from_camera * Math.cos(q.rotation_to_camera(0)));",
          "v.look_at_entity = Math.abs(Math.abs(q.rotation_to_camera(1) - q.camera_rotation(1)) - 180) < (v.horizontal_threshold / q.distance_from_camera) && Math.abs(v.camera_rot + q.camera_rotation(0)) < (v.vertical_threshold / q.distance_from_camera);"
        ],
        "animate": [ "root", "align", "block_outline" ]
      },
      "animations": {
        "root": "controller.animation.xp_furniture.pillow",
        "align": "animation.xp_furniture.wood_pillow.align",

        "normal_state": "animation.xp_furniture.pillow.normal_state",
        "compress": "animation.xp_furniture.pillow.compress",
        "compressed_state": "animation.xp_furniture.pillow.compressed_state",
        "decompress": "animation.xp_furniture.pillow.decompress",
        "jumped_on": "animation.xp_furniture.pillow.jumped_on",

        "block_outline": "animation.xp_furniture.block_outline.scale"
      },
      "render_controllers": [
        "controller.render.xp_furniture.dye_variants",

        "controller.render.xp_furniture.block_outline",
        "controller.render.xp_furniture.block_destruct_masked"
      ]
    }
  }
}
