{
  "format_version": "1.12.0",
  "minecraft:geometry": [
    {
      "description": {
        "identifier": "geometry.tall_crop.pod_farm",
        "texture_width": 16,
        "texture_height": 32,
        "visible_bounds_width": 2,
        "visible_bounds_height": 3.5,
        "visible_bounds_offset": [0, 1.25, 0]
      },
      "bones": [
        {
          "name": "main",
          "pivot": [0, 0, 0],
          "cubes": [
            {
              "origin": [-8, -1, -4],
              "size": [16, 32, 0],
              "uv": {
                "north": { "uv": [0, 0], "uv_size": [0, 0] },
                "east": { "uv": [0, 0], "uv_size": [0, 0] },
                "south": { "uv": [0, 0], "uv_size": [16, 32] },
                "west": { "uv": [0, 0], "uv_size": [0, 0] },
                "up": { "uv": [0, 0], "uv_size": [0, 0] },
                "down": { "uv": [0, 0], "uv_size": [0, 0] }
              }
            },
            {
              "origin": [-8, -1, 4],
              "size": [16, 32, 0],
              "uv": {
                "north": { "uv": [0, 0], "uv_size": [16, 32] },
                "east": { "uv": [0, 0], "uv_size": [0, 0] },
                "south": { "uv": [0, 0], "uv_size": [0, 0] },
                "west": { "uv": [0, 0], "uv_size": [0, 0] },
                "up": { "uv": [0, 0], "uv_size": [0, 0] },
                "down": { "uv": [0, 0], "uv_size": [0, 0] }
              }
            },
            {
              "origin": [-8, -1, -4],
              "size": [16, 32, 0],
              "pivot": [0, 0, 0],
              "rotation": [0, -90, 0],
              "uv": {
                "north": { "uv": [0, 0], "uv_size": [0, 0] },
                "east": { "uv": [0, 0], "uv_size": [0, 0] },
                "south": { "uv": [0, 0], "uv_size": [16, 32] },
                "west": { "uv": [0, 0], "uv_size": [0, 0] },
                "up": { "uv": [0, 0], "uv_size": [0, 0] },
                "down": { "uv": [16, 32], "uv_size": [-16, -32] }
              }
            },
            {
              "origin": [-8, -1, 4],
              "size": [16, 32, 0],
              "pivot": [0, 0, 0],
              "rotation": [0, -90, 0],
              "uv": {
                "north": { "uv": [0, 0], "uv_size": [16, 32] },
                "east": { "uv": [0, 0], "uv_size": [0, 0] },
                "south": { "uv": [0, 0], "uv_size": [0, 0] },
                "west": { "uv": [0, 0], "uv_size": [0, 0] },
                "up": { "uv": [0, 0], "uv_size": [0, 0] },
                "down": { "uv": [0, 0], "uv_size": [0, 0] }
              }
            }
          ]
        }
      ]
    }
  ]
}
