{
  "format_version": "1.12.0",
  "minecraft:geometry": [
    {
      "description": {
        "identifier": "geometry.pod_farm.tree",
        "texture_width": 22,
        "texture_height": 32,
        "visible_bounds_width": 2,
        "visible_bounds_height": 3.5,
        "visible_bounds_offset": [0, 1.25, 0]
      },
      "bones": [
        {
          "name": "main",
          "pivot": [0, 0, 0],
          "cubes": [
            {
              "origin": [-11, 0, 0],
              "size": [22, 32, 0],
              "pivot": [0, 0, 0],
              "rotation": [0, 135, 0],
              "uv": {
                "south": { "uv": [0, 0], "uv_size": [22, 32] }
              }
            },
            {
              "origin": [-11, 0, 0],
              "size": [22, 32, 0],
              "pivot": [0, 0, 0],
              "rotation": [0, 45, 0],
              "uv": {
                "south": { "uv": [0, 0], "uv_size": [22, 32] }
              }
            }
          ]
        }
      ]
    }
  ]
}
