{
	"format_version": "1.10.0",
	"particle_effect": {
		"description": {
			"identifier": "xp_furniture:candle.bloom",
			"basic_render_parameters": {
				"material": "particles_add",
				"texture": "textures/xp/fpack/particle/xp_sprite"
			}
		},
		"components": {
			"minecraft:emitter_local_space": {
				"position": true,
				"rotation": false
			},
			"minecraft:emitter_rate_steady": {
				"spawn_rate": 4,
				"max_particles": 100
			},
			"minecraft:emitter_lifetime_expression": {
				"activation_expression": 1
			},
			"minecraft:emitter_shape_point": {
				"offset": [0, -0.05, 0]
			},
			"minecraft:particle_lifetime_expression": {
				"max_lifetime": "math.random(0.3, 0.6)"
			},
			"minecraft:particle_expire_if_in_blocks": ["minecraft:water", "minecraft:flowing_water"],
			"minecraft:particle_initial_speed": 0,
			"minecraft:particle_motion_dynamic": {},
			"minecraft:particle_appearance_billboard": {
				"size": ["0.07 + 0.1 * variable.particle_random_2 + 0.1 * math.sin(variable.particle_age / variable.particle_lifetime * 180)", "0.13 + 0.1 * variable.particle_random_2 + 0.1 * math.sin(variable.particle_age / variable.particle_lifetime * 180)"],
				"facing_camera_mode": "rotate_xyz",
				"uv": {
					"texture_width": 256,
					"texture_height": 256,
					"uv": [208, "16+math.floor(variable.particle_random_4 * 2) * 32"],
					"uv_size": [32, 32]
				}
			},
			"minecraft:particle_appearance_tinting": {
				"color": {
					"interpolant": "v.particle_age / v.particle_lifetime",
					"gradient": {
						"0.0": "#00EDA427",
						"0.5": "#ffffffff",
						"1.0": "#00FFFFFF"
					}
				}
			}
		}
	}
}