{
  "format_version": "1.20.51",
  "minecraft:item": {
    "description": {
      "identifier": "4ks_wp:emerald_sword_special",
      "menu_category": {
        "category": "equipment",
        "group": "itemGroup.name.sword"
      }
    },
    "components": {
      "minecraft:cooldown": {
        "category": "4ks_wp:emerald_sword",
        "duration": 2.5
      },
      "minecraft:use_modifiers": {
        "use_duration": 2e7,
        "movement_modifier": 1.0
      },
      "minecraft:shooter": {
        "max_draw_duration": 0.1,
        "scale_power_by_draw_duration": true,
        "charge_on_draw": false
      },
      "minecraft:use_animation": {
        "value": "bow"
      },
      "minecraft:enchantable": {
        "value": 10,
        "slot": "sword"
      },
      "minecraft:icon": {
        "texture": "4ks_wp:emerald_sword_special"
      },
      "minecraft:hand_equipped": true,
      "minecraft:display_name": {
        "value": "item.4ks_wp:emerald_sword_special.name"
      },
      "minecraft:max_stack_size": 1,
      "minecraft:durability": {
        "damage_chance": {
          "min": 100,
          "max": 100
        },
        "max_durability": 1050
      },
      "minecraft:repairable": {
        "repair_items": [
          {
            "items": [
              "minecraft:emerald"
            ],
            "repair_amount": "q.max_durability"
          }
        ]
      }
    }
  }
}