{
	"format_version": "1.10.0",
	"particle_effect": {
		"description": {
			"identifier": "xp_furniture:leaf_pile",
			"basic_render_parameters": {
				"material": "particles_blend",
				"texture": "textures/xp/fpack/particle/xp_sprite"
			}
		},
		"curves": {
			"variable.colour": {
				"type": "linear",
				"input": "v.particle_age",
				"horizontal_range": "v.particle_lifetime",
				"nodes": [0, 1]
			},
			"variable.size1": {
				"type": "bezier",
				"input": "v.particle_age",
				"horizontal_range": "v.particle_lifetime",
				"nodes": [0.66, 1, 0, 0]
			}
		},
		"components": {
			"minecraft:emitter_rate_instant": {
				"num_particles": 20
			},
			"minecraft:emitter_lifetime_once": {
				"active_time": 3
			},
			"minecraft:emitter_shape_point": {
				"offset": [0, 0.1, 0],
				"direction": ["math.random(-5, 5)", "math.random(0, 5)", "math.random(-5, 5)"]
			},
			"minecraft:particle_lifetime_expression": {
				"max_lifetime": "math.random(2, 3)"
			},
			"minecraft:particle_initial_spin": {
				"rotation": "math.random(-360, 360)",
				"rotation_rate": "math.random(-360, 360)"
			},
			"minecraft:particle_initial_speed": "math.random(2, 7)",
			"minecraft:particle_motion_dynamic": {
				"linear_acceleration": [0, "math.random(-1, -0.5)", 0],
				"linear_drag_coefficient": 3
			},
			"minecraft:particle_appearance_billboard": {
				"size": ["(0.3*v.particle_random_2+0.02) *variable.size1", "(0.3*v.particle_random_2+0.02) *variable.size1"],
				"facing_camera_mode": "direction_y",
				"uv": {
					"texture_width": 256,
					"texture_height": 256,
					"uv": [56, 9],
					"uv_size": [8, 8]
				}
			},
			"minecraft:particle_appearance_tinting": {
				"color": {
					"interpolant": "variable.colour",
					"gradient": {
						"0.0": "#FFFFFFFF",
						"0.9": "#ffffffff",
						"1.0": "#00F4F4F4"
					}
				}
			}
		}
	}
}