{
	"format_version": "1.10.0",
	"particle_effect": {
		"description": {
			"identifier": "xp_furniture:wind",
			"basic_render_parameters": {
				"material": "particles_add",
				"texture": "textures/xp/fpack/particle/wind"
			}
		},
		"components": {
			"minecraft:emitter_rate_steady": {
				"spawn_rate": 2,
				"max_particles": 2
			},
			"minecraft:emitter_lifetime_once": {
				"active_time": 1
			},
			"minecraft:emitter_shape_box": {
				"offset": [0, -0.1, 0],
				"half_dimensions": [0.3, 0.3, 0.3],
				"direction": [-1, 0, 0]
			},
			"minecraft:particle_lifetime_expression": {
				"max_lifetime": 1
			},
			"minecraft:particle_initial_speed": 1,
			"minecraft:particle_motion_dynamic": {},
			"minecraft:particle_appearance_billboard": {
				"size": [0.7, 0.5],
				"facing_camera_mode": "lookat_direction",
				"uv": {
					"texture_width": 20,
					"texture_height": 320,
					"flipbook": {
						"base_UV": [0, 0],
						"size_UV": [20, 20],
						"step_UV": [0, 20],
						"frames_per_second": 16,
						"max_frame": 16
					}
				}
			},
			"minecraft:particle_appearance_tinting": {
				"color": {
					"interpolant": "v.particle_age / v.particle_lifetime",
					"gradient": {
						"0.0": "#00FFFFFF",
						"0.2": "#C2FFFFFF",
						"0.71": "#0FFFFFFF",
						"1.0": "#00FFFFFF"
					}
				}
			}
		}
	}
}