{
  "format_version": "1.20.50",
  "minecraft:block": {
    "description": {
      "identifier": "xp_furniture:golden_chain_leaves",
      "menu_category": {
        "category": "nature",
        "group": "itemGroup.name.leaves"
      }
    },
    "components": {
      "minecraft:geometry": "geometry.xp_furniture.block_template",
      "minecraft:collision_box": true,
      "minecraft:material_instances": {
        "*": {
          "texture": "xp_furniture:golden_chain_leaves",
          "render_method": "blend",
          "ambient_occlusion": true
        }
      },
      "minecraft:map_color": "#F2EC70",
      "minecraft:destructible_by_mining": { "seconds_to_destroy": 0.2 }
    }
  }
}
