{
  "format_version": "1.20.50",
  "minecraft:block": {
    "description": {
      "identifier": "xp_furniture:willow_leaves_full",
      "menu_category": { "category": "none", "is_hidden_in_commands": false }
    },
    "components": {
      "minecraft:geometry": "geometry.xp_furniture.block_template",
      "minecraft:collision_box": true,
      "minecraft:material_instances": {
        "*": {
          "texture": "xp_furniture:willow_leaves_full",
          "render_method": "blend",
          "ambient_occlusion": true
        }
      },
      "minecraft:map_color": "#608a51",
      "minecraft:destructible_by_mining": { "seconds_to_destroy": 0.2 }
    }
  }
}
