{
  "format_version": "1.16.0",
  "minecraft:entity": {
    "description": {
      "identifier": "pod_farm:duck",
      "is_spawnable": true,
      "is_summonable": true,
      "is_experimental": false
    },
    "component_groups": {
      "minecraft:duck_baby": {
        "minecraft:damage_sensor": {
          "triggers": [
            {
              "cause": "drowning",
              "deals_damage": false
            }
          ]
        },
        "minecraft:is_baby": {},
        "minecraft:scale": {
          "value": 0.35
        },
        "minecraft:ageable": {
          "duration": 1200,
          "feed_items": [
            "wheat_seeds",
            "beetroot_seeds",
            "melon_seeds",
            "pumpkin_seeds",
            "pod_farm:bean_seeds",
            "pod_farm:oat_seeds",
            "pod_farm:kohlrabi_seeds",
            "pod_farm:rhubarb_seeds",
            "pod_farm:tomato_seeds",
            "pod_farm:peanut_seeds",
            "pod_farm:rice_seeds",
            "pod_farm:onion_seeds",
            "pod_farm:lettuce_seeds",
            "pod_farm:cucumber_seeds",
            "pod_farm:broccoli_seeds",
            "pod_farm:corn_seeds",
            "pod_farm:cauliflower_seeds"
          ],
          "grow_up": {
            "event": "minecraft:ageable_grow_up",
            "target": "self"
          }
        },
        "minecraft:behavior.follow_parent": {
          "priority": 5,
          "speed_multiplier": 1.1
        }
      },
      "minecraft:duck_adult": {
        "minecraft:experience_reward": {
          "on_bred": "Math.Random(1,7)",
          "on_death": "query.last_hit_by_player ? Math.Random(1,3) : 0"
        },
        "minecraft:scale": {
          "value": 0.8
        },
        "minecraft:breedable": {
          "require_tame": false,
          "breeds_with": {
            "mate_type": "pod_farm:duck",
            "baby_type": "pod_farm:duck",
            "breed_event": {
              "event": "minecraft:entity_born",
              "target": "baby"
            }
          },
          "breed_items": [
            "wheat_seeds",
            "beetroot_seeds",
            "melon_seeds",
            "pumpkin_seeds",
            "pod_farm:bean_seeds",
            "pod_farm:oat_seeds",
            "pod_farm:kohlrabi_seeds",
            "pod_farm:rhubarb_seeds",
            "pod_farm:tomato_seeds",
            "pod_farm:peanut_seeds",
            "pod_farm:rice_seeds",
            "pod_farm:onion_seeds",
            "pod_farm:lettuce_seeds",
            "pod_farm:cucumber_seeds",
            "pod_farm:broccoli_seeds",
            "pod_farm:corn_seeds",
            "pod_farm:cauliflower_seeds"
          ]
        },
        "minecraft:behavior.breed": {
          "priority": 3,
          "speed_multiplier": 1
        }
      },
      "pod_farm:duck_flying": {
        "minecraft:timer": {
          "time": [10, 20],
          "looping": false,
          "time_down_event": {
            "event": "pod_farm:duck_ground",
            "target": "self"
          }
        },
        "minecraft:flying_speed": {
          "value": 0.25
        },
        "minecraft:behavior.move_to_random_block": {
          "block_distance": 24,
          "within_radius": 32
        },
        "minecraft:behavior.random_fly": {
          "priority": 1,
          "xz_dist": 25,
          "y_dist": 15,
          "y_offset": 0,
          "speed_multiplier": 1.0,
          "can_land_on_trees": true,
          "avoid_damage_blocks": true
        },
        "minecraft:can_fly": {},
        "minecraft:navigation.fly": {
          "can_path_over_water": true,
          "can_path_from_air": true
        },
        "minecraft:movement.fly": {}
      },
      "pod_farm:duck_ground": {
        "minecraft:timer": {
          "time": [40, 240],
          "looping": false,
          "time_down_event": {
            "event": "pod_farm:duck_flying",
            "target": "self"
          }
        },
        "minecraft:movement.basic": {},
        "minecraft:behavior.random_stroll": {
          "priority": 6,
          "speed_multiplier": 1
        },
        "minecraft:can_climb": {},
        "minecraft:buoyant": {
          "apply_gravity": true,
          "base_buoyancy": 0.5,
          "simulate_waves": true,
          "liquid_blocks": ["minecraft:water", "minecraft:flowing_water"]
        },
        "minecraft:behavior.move_to_water": {
          "priority": 5,
          "search_range": 24,
          "search_height": 5,
          "search_count": 5,
          "goal_radius": 0.5
        },
        "minecraft:navigation.walk": {
          "can_path_over_water": true,
          "avoid_damage_blocks": true
        }
      }
    },
    "components": {
      "minecraft:jump.static": {
        "jump_power": 0.5
      },
      "minecraft:scale": {
        "value": 0.8
      },
      "minecraft:loot": {
        "table": "loot_tables/pod_farm_animals/duck.json"
      },
      "minecraft:type_family": {
        "family": ["pod_farm_duck", "pod_farm_animal", "pod_farm_bird", "mob"]
      },
      "minecraft:breathable": {
        "total_supply": 15,
        "suffocate_time": 0
      },
      "minecraft:collision_box": {
        "width": 0.6,
        "height": 0.8
      },
      "minecraft:nameable": {},
      "minecraft:health": {
        "value": 8,
        "max": 8
      },
      "minecraft:hurt_on_condition": {
        "damage_conditions": [
          {
            "filters": {
              "test": "in_lava",
              "subject": "self",
              "operator": "==",
              "value": true
            },
            "cause": "lava",
            "damage_per_tick": 4
          }
        ]
      },
      "minecraft:movement": {
        "value": 0.25
      },
      "minecraft:damage_sensor": {
        "triggers": {
          "cause": "fall",
          "deals_damage": false
        }
      },
      "minecraft:leashable": {
        "soft_distance": 4,
        "hard_distance": 6,
        "max_distance": 10
      },
      "minecraft:balloonable": {
        "mass": 0.5
      },

      "minecraft:despawn": {
        "despawn_from_distance": {}
      },
      "minecraft:behavior.float": {
        "priority": 0
      },
      "minecraft:behavior.panic": {
        "priority": 1,
        "speed_multiplier": 1.5
      },
      "minecraft:behavior.tempt": {
        "priority": 4,
        "speed_multiplier": 1,
        "items": [
          "wheat_seeds",
          "beetroot_seeds",
          "melon_seeds",
          "pumpkin_seeds",
          "pod_farm:bean_seeds",
          "pod_farm:bell_pepper_seeds",
          "pod_farm:broccoli_seeds",
          "pod_farm:cauliflower_seeds",
          "pod_farm:chili_seeds",
          "pod_farm:corn_seeds",
          "pod_farm:cotton_seeds",
          "pod_farm:cucumber_seeds",
          "pod_farm:ginger_seeds",
          "pod_farm:kohlrabi_seeds",
          "pod_farm:lettuce_seeds",
          "pod_farm:oat_seeds",
          "pod_farm:onion_seeds",
          "pod_farm:peanut_seeds",
          "pod_farm:rhubarb_seeds",
          "pod_farm:rice_seeds",
          "pod_farm:spinach_seeds",
          "pod_farm:tomato_seeds",
          "pod_farm:vanilla_seeds"
        ]
      },

      "minecraft:behavior.look_at_player": {
        "priority": 7,
        "look_distance": 6,
        "probability": 0.02
      },
      "minecraft:behavior.random_look_around": {
        "priority": 8
      },
      "minecraft:physics": {},
      "minecraft:pushable": {
        "is_pushable": true,
        "is_pushable_by_piston": true
      },
      "minecraft:conditional_bandwidth_optimization": {}
    },
    "events": {
      "minecraft:entity_spawned": {
        "sequence": [
          {
            "randomize": [
              {
                "weight": 95,
                "trigger": "minecraft:spawn_adult"
              },
              {
                "weight": 5,
                "add": {
                  "component_groups": [
                    "minecraft:duck_baby",
                    "pod_farm:duck_ground"
                  ]
                }
              }
            ]
          },
          {
            "randomize": [
              {
                "weight": 40,
                "trigger": "pod_farm:duck_flying"
              },
              {
                "weight": 60,
                "trigger": "pod_farm:duck_ground"
              }
            ]
          }
        ]
      },
      "minecraft:entity_born": {
        "add": {
          "component_groups": ["minecraft:duck_baby", "pod_farm:duck_ground"]
        }
      },
      "minecraft:ageable_grow_up": {
        "remove": {
          "component_groups": ["minecraft:duck_baby"]
        },
        "add": {
          "component_groups": ["minecraft:duck_adult"]
        }
      },
      "minecraft:spawn_adult": {
        "add": {
          "component_groups": ["minecraft:duck_adult"]
        }
      },
      "pod_farm:duck_flying": {
        "remove": {
          "component_groups": ["pod_farm:duck_ground"]
        },
        "add": {
          "component_groups": ["pod_farm:duck_flying"]
        }
      },
      "pod_farm:duck_ground": {
        "remove": {
          "component_groups": ["pod_farm:duck_flying"]
        },
        "add": {
          "component_groups": ["pod_farm:duck_ground"]
        }
      }
    }
  }
}
