{
  "format_version": "1.16.0",
  "minecraft:entity": {
    "description": {
      "identifier": "pod_farm:peacock",
      "is_spawnable": true,
      "is_summonable": true,
      "is_experimental": false,
      "properties": {
        "pod_farm:expand": {
          "client_sync": true,
          "default": false,
          "type": "bool"
        }
      },
      "animations": {
        "expand": "animation.pod_farm.peacock.expand",
        "ac": "controller.animation.pod_farm.peacock"
      },
      "scripts": {
        "animate": ["ac"]
      }
    },
    "component_groups": {
      "minecraft:peacock_baby": {
        "minecraft:is_baby": {},
        "minecraft:scale": {
          "value": 0.35
        },
        "minecraft:ageable": {
          "duration": 1200,
          "feed_items": [
            "pod_farm:bean",
            "pod_farm:broccoli",
            "pod_farm:lettuce",
            "pod_farm:kohlrabi"
          ],
          "grow_up": {
            "event": "minecraft:ageable_grow_up",
            "target": "self"
          }
        },
        "minecraft:behavior.follow_parent": {
          "priority": 5,
          "speed_multiplier": 1.1
        }
      },
      "minecraft:peacock_adult": {
        "minecraft:scale": {
          "value": 0.8
        },
        "minecraft:experience_reward": {
          "on_bred": "Math.Random(1,7)",
          "on_death": "query.last_hit_by_player ? Math.Random(1,3) : 0"
        },
        "minecraft:breedable": {
          "require_tame": false,
          "breeds_with": {
            "mate_type": "pod_farm:peacock",
            "baby_type": "pod_farm:peacock",
            "breed_event": {
              "event": "minecraft:entity_born",
              "target": "baby"
            }
          },
          "breed_items": [
            "pod_farm:bean",
            "pod_farm:broccoli",
            "pod_farm:lettuce",
            "pod_farm:kohlrabi"
          ]
        },
        "minecraft:behavior.breed": {
          "priority": 3,
          "speed_multiplier": 1
        },
        "minecraft:rideable": {
          "seat_count": 1,
          "family_types": ["zombie"],
          "seats": {
            "position": [0, 0.4, 0]
          }
        }
      }
    },
    "components": {
      "minecraft:loot": {
        "table": "loot_tables/pod_farm_animals/peacock.json"
      },
      "minecraft:timer": {
        "time": [40, 300],
        "looping": true,
        "time_down_event": {
          "event": "pod_farm:expand",
          "target": "self"
        }
      },
      "minecraft:scale": {
        "value": 0.8
      },
      "minecraft:type_family": {
        "family": [
          "pod_farm_peacock",
          "pod_farm_animal",
          "pod_farm_bird",
          "mob"
        ]
      },
      "minecraft:breathable": {
        "total_supply": 15,
        "suffocate_time": 0
      },
      "minecraft:collision_box": {
        "width": 0.6,
        "height": 0.8
      },
      "minecraft:nameable": {},
      "minecraft:health": {
        "value": 10,
        "max": 10
      },
      "minecraft:hurt_on_condition": {
        "damage_conditions": [
          {
            "filters": {
              "test": "in_lava",
              "subject": "self",
              "operator": "==",
              "value": true
            },
            "cause": "lava",
            "damage_per_tick": 4
          }
        ]
      },
      "minecraft:movement": {
        "value": 0.25
      },
      "minecraft:damage_sensor": {
        "triggers": {
          "cause": "fall",
          "deals_damage": false
        }
      },
      "minecraft:leashable": {
        "soft_distance": 4,
        "hard_distance": 6,
        "max_distance": 10
      },
      "minecraft:balloonable": {
        "mass": 0.5
      },
      "minecraft:navigation.walk": {
        "can_path_over_water": true,
        "avoid_damage_blocks": true
      },
      "minecraft:movement.basic": {},
      "minecraft:jump.static": {},
      "minecraft:can_climb": {},
      "minecraft:despawn": {
        "despawn_from_distance": {}
      },
      "minecraft:behavior.float": {
        "priority": 0
      },
      "minecraft:behavior.panic": {
        "priority": 1,
        "speed_multiplier": 1.5
      },
      "minecraft:behavior.mount_pathing": {
        "priority": 2,
        "speed_multiplier": 1.5,
        "target_dist": 0,
        "track_target": true
      },
      "minecraft:behavior.tempt": {
        "priority": 4,
        "speed_multiplier": 1,
        "items": [
          "pod_farm:bean",
          "pod_farm:broccoli",
          "pod_farm:lettuce",
          "pod_farm:kohlrabi"
        ]
      },
      "minecraft:behavior.random_stroll": {
        "priority": 6,
        "speed_multiplier": 1
      },
      "minecraft:behavior.look_at_player": {
        "priority": 7,
        "look_distance": 6,
        "probability": 0.02
      },
      "minecraft:behavior.random_look_around": {
        "priority": 8
      },
      "minecraft:physics": {},
      "minecraft:pushable": {
        "is_pushable": true,
        "is_pushable_by_piston": true
      },
      "minecraft:conditional_bandwidth_optimization": {}
    },
    "events": {
      "from_egg": {
        "add": {
          "component_groups": ["minecraft:peacock_baby"]
        }
      },
      "minecraft:entity_spawned": {
        "randomize": [
          {
            "weight": 95,
            "trigger": "minecraft:spawn_adult"
          },
          {
            "weight": 5,
            "add": {
              "component_groups": ["minecraft:peacock_baby"]
            }
          }
        ]
      },
      "minecraft:entity_born": {
        "remove": {},
        "add": {
          "component_groups": ["minecraft:peacock_baby"]
        }
      },
      "minecraft:ageable_grow_up": {
        "remove": {
          "component_groups": ["minecraft:peacock_baby"]
        },
        "add": {
          "component_groups": ["minecraft:peacock_adult"]
        }
      },
      "minecraft:spawn_adult": {
        "add": {
          "component_groups": ["minecraft:peacock_adult"]
        }
      },
      "pod_farm:expand": {
        "set_property": {
          "pod_farm:expand": true
        }
      },
      "pod_farm:reset_expand": {
        "set_property": {
          "pod_farm:expand": false
        }
      }
    }
  }
}
