{
  "format_version": "1.12.0",
  "minecraft:entity": {
    "description": {
      "identifier": "4ks_wp:burn_projectile",
      "is_spawnable": false,
      "is_summonable": true,
      "is_experimental": false

    },
    "component_groups": {
      "minecraft:exploding": {
        "minecraft:explode": {
          "fuse_length": 0,
          "fuse_lit": true,
          "power": 1,
          "causes_fire": true,
          "fire_affected_by_griefing": true,
          "destroy_affected_by_griefing": true
        }
      }
    },
    "components": {
      "minecraft:collision_box": {
        "width": 0.31,
        "height": 0.31
      },
      "minecraft:projectile": {
        "on_hit": {
          "catch_fire": true,
          "on_fire_time": 1,
          "remove_on_hit": {}
        },
        "catch_fire": true,
        "on_fire_time": 10,
        "knockback": false,
        "power": 0,
        "gravity": 0
      },
      "minecraft:physics": {},
      "minecraft:pushable": {
        "is_pushable": true,
        "is_pushable_by_piston": true
      },
      "minecraft:conditional_bandwidth_optimization": {
        "default_values": {
          "max_optimized_distance": 80.0,
          "max_dropped_ticks": 7,
          "use_motion_prediction_hints": true
        }
      }
    },
    "events": {
      "4ks_wp:explode": {
        "add": {
          "component_groups": [
            "minecraft:exploding"
          ]
        }
      }
    }
  }
}