{
  "format_version": "1.17.0",
  "minecraft:entity": {
    "description": {
      "identifier": "4ks_wp:item_checker",
      "is_spawnable": false,
      "is_summonable": true,
      "is_experimental": false,
      "animations": {
        "headlight": "animation.4ks_wp.headlight"
      },
      "scripts": {
        "animate": [
          "headlight"
        ]
      }
    },
    "components": {
      "minecraft:timer": {
        "time": 1,
        "looping": true,
        "time_down_event": {
          "event": "4ks_wp:check_item",
          "target": "self"
        }
      },
      "minecraft:persistent": {},
      "minecraft:tick_world": {
        "distance_to_players": 128,
        "never_despawn": true,
        "radius": 2
      },
      "minecraft:health": {
        "value": 1,
        "max": 1
      },
      "minecraft:collision_box": {
        "width": 0,
        "height": 0
      },
      "minecraft:physics": {
        "has_collision": false,
        "has_gravity": false
      },
      "minecraft:pushable": {
        "is_pushable": false,
        "is_pushable_by_piston": false
      },
      "minecraft:damage_sensor": {
        "triggers": [
          {
            "deals_damage": false
          }
        ]
      }
    },
    "events": {
      "4ks_wp:check_item": {
        "queue_command": {
          "command": "function 4ks/wp/checkItem"
        }
      }
    }
  }
}