{
  "format_version": "1.16.0",
  "minecraft:entity": {
    "description": {
      "identifier": "4ks_wp:lapis_wave",
      "is_spawnable": false,
      "is_summonable": true,
      "is_experimental": false
    },
    "component_groups": {
      "despawn": {
        "minecraft:instant_despawn": {}
      }
    },
    "components": {
      "minecraft:collision_box": {
        "width": 0,
        "height": 0
      },
      "minecraft:timer": {
        "time": 0.1,
        "looping": true,
        "time_down_event": {
          "event": "4ks_wp:run_checker",
          "target": "self"
        }
      },
      "minecraft:projectile": {
        "on_hit": {
          "impact_damage": {
            "damage": 0,
            "knockback": true,
            "semi_random_diff_damage": false,
            "destroy_on_hit": false
          },
          "stick_in_ground": {
            "shake_time": 0.35
          }
        },
        "power": 1.6,
        "gravity": 0.05,
        "uncertainty_base": 16,
        "uncertainty_multiplier": 4,
        "anchor": 1,
        "should_bounce": true,
        "offset": [
          0,
          -0.1,
          0
        ]
      },
      "minecraft:physics": {},
      "minecraft:pushable": {
        "is_pushable": true,
        "is_pushable_by_piston": true
      },
      "minecraft:conditional_bandwidth_optimization": {
        "default_values": {
          "max_optimized_distance": 100.0,
          "max_dropped_ticks": 7,
          "use_motion_prediction_hints": true
        }
      }
    },
    "events": {
      "4ks_wp:run_checker": {
        "queue_command": {
          "command": "scriptevent 4ks_wp:lapis_wave"
        }
      },
      "4ks_wp:despawn": {
        "add": {
          "component_groups": [
            "despawn"
          ]
        }
      }
    }
  }
}