{
  "format_version": "1.19.0",
  "minecraft:entity": {
    "description": {
      "identifier": "4ks_wp:uranium_tnt",
      "is_spawnable": false,
      "is_summonable": true,
      "is_experimental": false,
      "animations": {
        "fix_face_controller": "controller.animation.4ks_wp.misc.fix_face",
        "direction_north": "animation.4ks_wp.misc.fix_face.direction_north",
        "direction_west": "animation.4ks_wp.misc.fix_face.direction_west",
        "direction_south": "animation.4ks_wp.misc.fix_face.direction_south",
        "direction_east": "animation.4ks_wp.misc.fix_face.direction_east"
      },
      "scripts": {
        "animate": [
          "fix_face_controller"
        ]
      }
    },
    "component_groups": {
      "4ks_wp:on_fix_face": {
        "minecraft:is_illager_captain": {}
      },
      "4ks_wp:explode": {
        "minecraft:is_ignited": {},
        "minecraft:explode": {
          "fuse_length": 4,
          "fuse_lit": true,
          "power": 9,
          "causes_fire": false
        }
      }
    },
    "components": {
      "minecraft:interact": {
        "interactions": {
          "on_interact": {
            "filters": {
              "all_of": [
                
                {
                  "test": "has_equipment",
                  "domain": "hand",
                  "subject": "other",
                  "value": "flint_and_steel"
                }
              ]
            },
            "event": "4ks_wp:explode",
            "target": "self"
          },
          "hurt_item": 1,
          "swing": true,
          "play_sounds": "ignite",
          "interact_text": "action.interact.creeper"
        }
      },
      
      "minecraft:damage_sensor": {
        "triggers": [
          {
            "cause": "all",
            "deals_damage": false
          }
        ]
      },
      "minecraft:collision_box": {
        "width": 1,
        "height": 1
      },
      "minecraft:custom_hit_test": {
        "hitboxes": [
          {
            "width": 1,
            "height": 1,
            "pivot": [
              0,
              0.5,
              0
            ]
          }
        ]
      },
      "minecraft:physics": {},
      "minecraft:pushable": {
        "is_pushable": false,
        "is_pushable_by_piston": true
      },
      "minecraft:conditional_bandwidth_optimization": {
        "default_values": {
          "max_optimized_distance": 80.0,
          "max_dropped_ticks": 5,
          "use_motion_prediction_hints": true
        }
      }
    },
    "events": {
      "4ks_wp:on_fix_face": {
        "add": {
          "component_groups": [
            "4ks_wp:on_fix_face"
          ]
        }
      },
      "4ks_wp:explode": {
        "add": {
          "component_groups": [
            "4ks_wp:explode"
          ]
        }
      }
    }
  }
}