{
  "format_version": "1.12.0",
  "minecraft:recipe_shaped": {
    "description": {
      "identifier": "4ks_wp:cactus_sword"
    },
    "tags": [
      "crafting_table"
    ],
    "pattern": [
      " # ",
      " # ",
      " S "
    ],
    "key": {
      "#": {
        "item": "minecraft:cactus"
      },
      "S": {
        "item": "minecraft:stick"
      }
    },
    
    "unlock": {
      "context": "AlwaysUnlocked"
    },
    "result": {
      "item": "4ks_wp:cactus_sword",
      "count": 1
    }
  }
}