{
	"format_version": "1.12.0",
	"minecraft:geometry": [
		{
			"description": {
				"identifier": "geometry.mbl_fish.alligator_gar",
				"texture_width": 64,
				"texture_height": 64,
				"visible_bounds_width": 4,
				"visible_bounds_height": 2,
				"visible_bounds_offset": [0, 1, 0]
			},
			"bones": [
				{
					"name": "body_front",
					"pivot": [0, 4, 1],
					"cubes": [
						{"origin": [-2, 2, 1], "size": [4, 5, 7], "uv": [0, 0]},
						{"origin": [0, 0, 3], "size": [0, 2, 4], "uv": [0, 18]}
					]
				},
				{
					"name": "body_back",
					"parent": "body_front",
					"pivot": [0, 4, 8],
					"cubes": [
						{"origin": [0, 6.75, 8], "size": [0, 2, 4], "uv": [0, 22]},
						{"origin": [0, 0, 8], "size": [0, 2, 4], "uv": [0, 20]},
						{"origin": [-1, 2, 8], "size": [2, 5, 4], "uv": [14, 18]}
					]
				},
				{
					"name": "tailfin",
					"parent": "body_back",
					"pivot": [0, 4, 12],
					"cubes": [
						{"origin": [0, 2, 12], "size": [0, 5, 6], "uv": [13, 6]}
					]
				},
				{
					"name": "head",
					"parent": "body_front",
					"pivot": [0, 4, 1],
					"cubes": [
						{"origin": [-2, 2, -4], "size": [4, 5, 5], "uv": [0, 12]},
						{"origin": [-1, 4.25, -9], "size": [2, 2, 5], "uv": [32, 12]},
						{"origin": [-1, 2.75, -9], "size": [2, 2, 5], "uv": [27, 0]},
						{"origin": [-1, 4, -9], "size": [2, 1.25, 5], "uv": [0, 42]},
						{"origin": [0, 0, -4], "size": [0, 2, 5], "uv": [0, 35]}
					],
					"locators": {
						"lead": [0, 3, -4]
					}
				},
				{
					"name": "leftFin",
					"parent": "body_front",
					"pivot": [2, 3, 1],
					"rotation": [0, 0, 35],
					"cubes": [
						{"origin": [1.98758, 2.07491, 0], "size": [2, 1, 2], "uv": [22, 9]}
					]
				},
				{
					"name": "rightFin",
					"parent": "body_front",
					"pivot": [-2, 3, 1],
					"rotation": [0, 0, -35],
					"cubes": [
						{"origin": [-3.98758, 2.07491, 0], "size": [2, 1, 2], "uv": [22, 6]}
					]
				}
			]
		}
	]
}