{
	"format_version": "1.10.0",
	"geometry.mbl_fish.black_crappie": {
		"texturewidth": 32,
		"textureheight": 32,
		"visible_bounds_width": 3,
		"visible_bounds_height": 2.5,
		"visible_bounds_offset": [0, 0.75, 0],
		"bones": [
			{
				"name": "body",
				"pivot": [0, 0, 0],
				"cubes": [
					{"origin": [-1, 0, 1], "size": [2, 7, 7], "uv": [14, 0]},
					{"origin": [0, 6.75, 1], "size": [0, 2, 6], "uv": [0, 11]},
					{"origin": [0, -2, 2], "size": [0, 2, 5], "uv": [0, 14]}
				]
			},
			{
				"name": "head",
				"parent": "body",
				"pivot": [0, 2, 0],
				"cubes": [
					{"origin": [0.5008, 2.0008, -2.5], "size": [0.5, 2, 0.5], "uv": [0, 0]},
					{"origin": [-0.9992, 2.0008, -2.5], "size": [0.5, 2, 0.5], "uv": [0, 0]},
					{"origin": [-0.9992, 4.0008, -3], "size": [2, 1, 1], "uv": [0, 0]},
					{"origin": [-0.9992, 1.0008, -3], "size": [2, 1, 1], "uv": [0, 2]},
					{"origin": [-1, 1, -2], "size": [2, 5, 3], "uv": [12, 15]}
				]
			},
			{
				"name": "leftFin",
				"parent": "body",
				"pivot": [1, 1, 0],
				"rotation": [0, 0, 35],
				"cubes": [
					{"origin": [1, 0, 0], "size": [2, 1, 2], "uv": [11, 0]}
				]
			},
			{
				"name": "rightFin",
				"parent": "body",
				"pivot": [-1, 1, 0],
				"rotation": [0, 0, -35],
				"cubes": [
					{"origin": [-3, 0, 0], "size": [2, 1, 2], "uv": [11, 3]}
				]
			},
			{
				"name": "tailfin",
				"parent": "body",
				"pivot": [0, 0, 8],
				"cubes": [
					{"origin": [0, 0.5, 8], "size": [0, 5, 6], "uv": [0, 6]}
				]
			},
			{
				"name": "waist",
				"parent": "body",
				"pivot": [0, 0, 0]
			}
		]
	}
}