{
	"format_version": "1.12.0",
	"minecraft:geometry": [
		{
			"description": {
				"identifier": "geometry.mbl_fish.bluefin_tuna",
				"texture_width": 64,
				"texture_height": 64,
				"visible_bounds_width": 4,
				"visible_bounds_height": 2,
				"visible_bounds_offset": [0, 1, 0]
			},
			"bones": [
				{
					"name": "body_front",
					"pivot": [0, 0, -4],
					"cubes": [
						{"origin": [-2.5, 3.5, -4], "size": [5, 10, 14], "uv": [0, 0]},
						{"origin": [0, 0.5, -4], "size": [0, 3, 14], "uv": [0, 10]}
					]
				},
				{
					"name": "body_back",
					"parent": "body_front",
					"pivot": [0, 2, 10],
					"cubes": [
						{"origin": [-1.5, 4.5, 10], "size": [3, 7, 4], "uv": [0, 0]}
					]
				},
				{
					"name": "dorsal_back",
					"parent": "body_back",
					"pivot": [0, 8, 10],
					"cubes": [
						{"origin": [0, 11.5, 9], "size": [0, 5, 4], "uv": [12, 35]},
						{"origin": [0, -0.5, 10], "size": [0, 5, 4], "uv": [12, 30]}
					]
				},
				{
					"name": "tailfin",
					"parent": "body_back",
					"pivot": [0, 2, 14],
					"cubes": [
						{"origin": [0, 0.5, 14], "size": [0, 16, 7], "uv": [22, 20]}
					]
				},
				{
					"name": "dorsal_front",
					"parent": "body_front",
					"pivot": [0, 11, 2],
					"cubes": [
						{"origin": [0, 13.5, -3], "size": [0, 7, 11], "uv": [0, 16]}
					]
				},
				{
					"name": "head",
					"parent": "body_front",
					"pivot": [0, 3, -4],
					"cubes": [
						{"origin": [-2, 4.5, -8], "size": [4, 8, 4], "uv": [24, 0]},
						{"origin": [-2, 5.5, -10], "size": [4, 6, 2], "uv": [0, 34]}
					],
					"locators": {
						"lead": [0, 3, -4]
					}
				},
				{
					"name": "leftFin",
					"parent": "body_front",
					"pivot": [2.5, 2, -4],
					"rotation": [0, 0, 35],
					"cubes": [
						{"origin": [0.49248, 4.86703, -4], "size": [4, 0, 4], "uv": [32, 24]}
					]
				},
				{
					"name": "rightFin",
					"parent": "body_front",
					"pivot": [-2.5, 2, -4],
					"rotation": [0, 0, -35],
					"cubes": [
						{"origin": [-4.49258, 4.86703, -4], "size": [4, 0, 4], "uv": [32, 0]}
					]
				}
			]
		}
	]
}