{
	"format_version": "1.12.0",
	"minecraft:geometry": [
		{
			"description": {
				"identifier": "geometry.mbl_fish.blue_marlin",
				"texture_width": 64,
				"texture_height": 64,
				"visible_bounds_width": 4,
				"visible_bounds_height": 2,
				"visible_bounds_offset": [0, 1, 0]
			},
			"bones": [
				{
					"name": "body_front",
					"pivot": [0, 0, -4],
					"cubes": [
						{"origin": [-2.5, 3.5, -4], "size": [5, 8, 8], "uv": [0, 0]},
						{"origin": [1, -2.5, -4], "size": [0, 7, 7], "uv": [0, 38]},
						{"origin": [-1, -1.5, -4], "size": [0, 7, 7], "uv": [0, 38]}
					]
				},
				{
					"name": "body_back",
					"parent": "body_front",
					"pivot": [0, 2, 4],
					"cubes": [
						{"origin": [-1.5, 4.5, 4], "size": [3, 6, 8], "uv": [20, 13]},
						{"origin": [0, 0.5, 4], "size": [0, 5, 11], "uv": [0, 5]},
						{"origin": [-1.5, 5.5, 12], "size": [3, 4, 5], "uv": [0, 36]}
					]
				},
				{
					"name": "dorsal_back",
					"parent": "body_back",
					"pivot": [0, 7, 4],
					"cubes": [
						{"origin": [0, 9.5, 4], "size": [0, 7, 10], "uv": [0, 11]}
					]
				},
				{
					"name": "tailfin",
					"parent": "body_back",
					"pivot": [0, 2, 16],
					"cubes": [
						{"origin": [0, 0.5, 16], "size": [0, 14, 6], "uv": [20, 21]}
					]
				},
				{
					"name": "dorsal_front",
					"parent": "body_front",
					"pivot": [0, 7, 2],
					"cubes": [
						{"origin": [0, 10.5, -5], "size": [0, 8, 9], "uv": [0, 19]}
					]
				},
				{
					"name": "head",
					"parent": "body_front",
					"pivot": [0, 3, -4],
					"cubes": [
						{"origin": [-2, 3.5, -8], "size": [4, 7, 4], "uv": [34, 10]},
						{"origin": [-1, 4.5, -11], "size": [2, 2, 3], "uv": [32, 36]},
						{"origin": [-1, 6.5, -16], "size": [2, 2, 8], "uv": [26, 0]},
						{"origin": [-0.5, 7, -24], "size": [1, 1, 8], "uv": [32, 27]}
					],
					"locators": {
						"lead": [0, 3, -4]
					}
				},
				{
					"name": "leftFin",
					"parent": "body_front",
					"pivot": [2.5, 2, -4],
					"rotation": [0, 0, 35],
					"cubes": [
						{"origin": [0.49248, 4.86703, -4], "size": [7, 0, 4], "uv": [14, 4]}
					]
				},
				{
					"name": "rightFin",
					"parent": "body_front",
					"pivot": [-2.5, 2, -4],
					"rotation": [0, 0, -35],
					"cubes": [
						{"origin": [-7.49258, 4.86703, -4], "size": [7, 0, 4], "uv": [14, 0]}
					]
				}
			]
		}
	]
}