{
	"format_version": "1.12.0",
	"minecraft:geometry": [
		{
			"description": {
				"identifier": "geometry.mbl_fish.brown_trout",
				"texture_width": 64,
				"texture_height": 64,
				"visible_bounds_width": 4,
				"visible_bounds_height": 3,
				"visible_bounds_offset": [0, 0.5, 0]
			},
			"bones": [
				{
					"name": "body_front",
					"pivot": [0, 0, -4],
					"cubes": [
						{"origin": [-1.5, 3.5, -3], "size": [3, 5, 7], "uv": [0, 0]}
					]
				},
				{
					"name": "body_back",
					"parent": "body_front",
					"pivot": [0, 0, 4],
					"cubes": [
						{"origin": [-1.5, 3.5, 4], "size": [3, 5, 6], "uv": [0, 12]}
					]
				},
				{
					"name": "dorsal_back",
					"parent": "body_back",
					"pivot": [0, 5, 4],
					"cubes": [
						{"origin": [0, 8.5, 4], "size": [0, 4, 5], "uv": [20, 0]},
						{"origin": [0, -0.5, 4], "size": [0, 4, 5], "uv": [18, 11]}
					]
				},
				{
					"name": "tailfin",
					"parent": "body_back",
					"pivot": [0, 0, 10],
					"cubes": [
						{"origin": [0, 1.5, 10], "size": [0, 9, 6], "uv": [0, 17]}
					]
				},
				{
					"name": "dorsal_front",
					"parent": "body_front",
					"pivot": [0, 5, 2],
					"cubes": [
						{"origin": [0, 8.5, -2], "size": [0, 4, 6], "uv": [12, 17]},
						{"origin": [0, -0.5, -2], "size": [0, 4, 6], "uv": [12, 6]}
					]
				},
				{
					"name": "head",
					"parent": "body_front",
					"pivot": [0, 3, -3],
					"cubes": [
						{"origin": [-1, 3.5, -6], "size": [2, 4, 3], "uv": [24, 9]}
					],
					"locators": {
						"lead": [0, 3, -3]
					}
				},
				{
					"name": "leftFin",
					"parent": "body_front",
					"pivot": [1.5, 1, -2],
					"rotation": [0, 0, 35],
					"cubes": [
						{"origin": [-0.50752, 3.86703, -2], "size": [2, 0, 2], "uv": [0, 2]}
					]
				},
				{
					"name": "rightFin",
					"parent": "body_front",
					"pivot": [-1.5, 1, -2],
					"rotation": [0, 0, -35],
					"cubes": [
						{"origin": [-1.49258, 3.86703, -2], "size": [2, 0, 2], "uv": [0, 0]}
					]
				}
			]
		}
	]
}