{
	"format_version": "1.12.0",
	"minecraft:geometry": [
		{
			"description": {
				"identifier": "geometry.mbl_fish.channel_catfish",
				"texture_width": 64,
				"texture_height": 64,
				"visible_bounds_width": 4,
				"visible_bounds_height": 2,
				"visible_bounds_offset": [0, 1, 0]
			},
			"bones": [
				{
					"name": "body_front",
					"pivot": [0, 0, -8],
					"cubes": [
						{"origin": [-2.5, 3.5, -8], "size": [5, 5, 8], "uv": [0, 13]}
					]
				},
				{
					"name": "body_back",
					"parent": "body_front",
					"pivot": [0, 0, 0],
					"cubes": [
						{"origin": [-2.5, 3.5, 0], "size": [5, 5, 8], "uv": [0, 0]},
						{"origin": [0, 0.5, 0], "size": [0, 3, 8], "uv": [18, 5]}
					]
				},
				{
					"name": "dorsal_back",
					"parent": "body_back",
					"pivot": [0, 5, 0],
					"cubes": [
						{"origin": [0, 8.5, 4], "size": [0, 3, 4], "uv": [0, 0]}
					]
				},
				{
					"name": "tailfin",
					"parent": "body_back",
					"pivot": [0, 0, 8],
					"cubes": [
						{"origin": [-2, 4, 8], "size": [4, 4, 5], "uv": [21, 21]},
						{"origin": [0, 1.5, 13], "size": [0, 9, 8], "uv": [0, 18]},
						{"origin": [0, 0.5, 8], "size": [0, 4, 5], "uv": [18, 11]}
					]
				},
				{
					"name": "dorsal_front",
					"parent": "body_front",
					"pivot": [0, 5, -2],
					"cubes": [
						{"origin": [0, 8.5, -7], "size": [0, 6, 5], "uv": [16, 25]}
					]
				},
				{
					"name": "head",
					"parent": "body_front",
					"pivot": [0, 3, -8],
					"cubes": [
						{"origin": [-2, 4.5, -12], "size": [4, 3, 2], "uv": [26, 30]},
						{"origin": [2, 6.5, -12], "size": [6, 0, 1], "pivot": [2, 6.5, -12], "rotation": [0, -22.5, 57.5], "uv": [17, 20]},
						{"origin": [-8, 6.5, -12], "size": [6, 0, 1], "pivot": [-2, 6.5, -12], "rotation": [0, 22.5, -57.5], "uv": [17, 20], "mirror": true},
						{"origin": [-2, 3.5, -10], "size": [4, 5, 2], "uv": [18, 0]}
					],
					"locators": {
						"lead": [0, 3, -8]
					}
				},
				{
					"name": "leftFin",
					"parent": "body_front",
					"pivot": [2.5, 2, -8],
					"rotation": [0, 0, 35],
					"cubes": [
						{"origin": [0.49248, 4.86703, -8], "size": [4, 0, 3], "uv": [27, 0]},
						{"origin": [0.49248, 2.86703, -3], "size": [4, 0, 3], "uv": [23, 7]}
					]
				},
				{
					"name": "rightFin",
					"parent": "body_front",
					"pivot": [-2.5, 2, -8],
					"rotation": [0, 0, -35],
					"cubes": [
						{"origin": [-4.49258, 4.86703, -8], "size": [4, 0, 3], "uv": [25, 16]},
						{"origin": [-4.49258, 2.86703, -3], "size": [4, 0, 3], "uv": [23, 10]}
					]
				}
			]
		}
	]
}