{
	"format_version": "1.12.0",
	"minecraft:geometry": [
		{
			"description": {
				"identifier": "geometry.mbl_fish.chub",
				"texture_width": 32,
				"texture_height": 32,
				"visible_bounds_width": 4,
				"visible_bounds_height": 2,
				"visible_bounds_offset": [0, 1, 0]
			},
			"bones": [
				{
					"name": "body",
					"pivot": [0, 0, 0],
					"cubes": [
						{"origin": [-1.5, 1, -1], "size": [3, 4, 9], "uv": [0, 0]},
						{"origin": [0, 5, 0], "size": [0, 2, 6], "uv": [0, 11]},
						{"origin": [0, 0, 3], "size": [0, 1, 2], "uv": [0, 4]},
						{"origin": [0, 0, 6], "size": [0, 1, 1], "uv": [0, 0]}
					]
				},
				{
					"name": "head",
					"parent": "body",
					"pivot": [0, 2, -2],
					"cubes": [
						{"origin": [-0.9992, 2.0008, -5], "size": [2, 3, 1], "uv": [15, 0]},
						{"origin": [-1.5, 1, -4], "size": [3, 4, 3], "uv": [12, 13]}
					]
				},
				{
					"name": "leftFin",
					"parent": "body",
					"pivot": [1, 1, -1],
					"rotation": [0, 0, 35],
					"cubes": [
						{"origin": [1, 0, -1], "size": [2, 1, 2], "uv": [0, 3]}
					]
				},
				{
					"name": "rightFin",
					"parent": "body",
					"pivot": [-1, 1, -1],
					"rotation": [0, 0, -35],
					"cubes": [
						{"origin": [-3, 0, -1], "size": [2, 1, 2], "uv": [0, 0]}
					]
				},
				{
					"name": "tailfin",
					"parent": "body",
					"pivot": [0, 0, 8],
					"cubes": [
						{"origin": [0, 0.5, 8], "size": [0, 4, 6], "uv": [0, 7]}
					]
				},
				{
					"name": "waist",
					"parent": "body",
					"pivot": [0, 0, 0]
				}
			]
		}
	]
}