{
	"format_version": "1.12.0",
	"minecraft:geometry": [
		{
			"description": {
				"identifier": "geometry.mbl_fish.common_molly",
				"texture_width": 32,
				"texture_height": 32,
				"visible_bounds_width": 4,
				"visible_bounds_height": 2,
				"visible_bounds_offset": [0, 1, 0]
			},
			"bones": [
				{
					"name": "body",
					"pivot": [0, 0, 0],
					"cubes": [
						{"origin": [-1, 1, 1], "size": [2, 5, 7], "uv": [0, 0]},
						{"origin": [0, 6, 0], "size": [0, 4, 8], "uv": [0, 4]},
						{"origin": [0, -1, 2], "size": [0, 2, 2], "uv": [17, 1]},
						{"origin": [0, -1, 5], "size": [0, 2, 2], "uv": [0, 2]}
					]
				},
				{
					"name": "head",
					"parent": "body",
					"pivot": [0, 2, 0],
					"cubes": [
						{"origin": [-1, 2, -1], "size": [2, 4, 2], "uv": [14, 14]}
					]
				},
				{
					"name": "leftFin",
					"parent": "body",
					"pivot": [1, 2, 0],
					"rotation": [0, 0, 35],
					"cubes": [
						{"origin": [1, 1, 0], "size": [2, 1, 2], "uv": [11, 3]}
					]
				},
				{
					"name": "rightFin",
					"parent": "body",
					"pivot": [-1, 2, 0],
					"rotation": [0, 0, -35],
					"cubes": [
						{"origin": [-3, 1, 0], "size": [2, 1, 2], "uv": [11, 0]}
					]
				},
				{
					"name": "tailfin",
					"parent": "body",
					"pivot": [0, 0, 8],
					"cubes": [
						{"origin": [0, 0, 8], "size": [0, 7, 6], "uv": [0, 10]}
					]
				},
				{
					"name": "waist",
					"parent": "body",
					"pivot": [0, 0, 0]
				}
			]
		}
	]
}