{
	"format_version": "1.12.0",
	"minecraft:geometry": [
		{
			"description": {
				"identifier": "geometry.mbl_fish.eel",
				"texture_width": 32,
				"texture_height": 32,
				"visible_bounds_width": 7,
				"visible_bounds_height": 1.5,
				"visible_bounds_offset": [0, 0.25, 0]
			},
			"bones": [
				{
					"name": "body",
					"pivot": [0, 0.25, 0]
				},
				{
					"name": "head",
					"parent": "body",
					"pivot": [0, 0.75, -8],
					"cubes": [
						{"origin": [-2, -0.25, -14], "size": [4, 1, 6], "uv": [0, 9]}
					]
				},
				{
					"name": "headtop",
					"parent": "head",
					"pivot": [0, 0.75, -8],
					"cubes": [
						{"origin": [-2, 0.75, -14], "size": [4, 3, 6], "uv": [0, 0]}
					]
				},
				{
					"name": "tounge",
					"parent": "head",
					"pivot": [0, 0.75, -14]
				},
				{
					"name": "bodym",
					"parent": "body",
					"pivot": [0, 0.25, 0],
					"cubes": [
						{"origin": [-1.5, 0.25, -8], "size": [3, 3, 4], "uv": [0, 16]},
						{"origin": [1.5, 0.75, -7], "size": [0, 3, 4], "pivot": [1.5, 0.75, -5], "rotation": [0, 0, 135], "uv": [0, 19]},
						{"origin": [-1.5, 0.75, -7], "size": [0, 3, 4], "pivot": [-1.5, 0.75, -5], "rotation": [0, 0, -135], "uv": [0, 19], "mirror": true}
					]
				},
				{
					"name": "bodym1",
					"parent": "bodym",
					"pivot": [0, 1.75, -4],
					"cubes": [
						{"origin": [-1.5, 0.25, -4], "size": [3, 3, 4], "uv": [0, 16]},
						{"origin": [0, 3.25, -4], "size": [0, 3, 4], "uv": [0, 19]}
					]
				},
				{
					"name": "bodym2",
					"parent": "bodym1",
					"pivot": [0, 1.75, 0],
					"cubes": [
						{"origin": [-1.5, 0.25, 0], "size": [3, 3, 4], "uv": [0, 16]}
					]
				},
				{
					"name": "bodym3",
					"parent": "bodym2",
					"pivot": [0, 1.75, 4],
					"cubes": [
						{"origin": [-1.5, 0.25, 4], "size": [3, 3, 4], "uv": [0, 16]}
					]
				},
				{
					"name": "bodym4",
					"parent": "bodym3",
					"pivot": [0, 1.75, 8],
					"cubes": [
						{"origin": [-1.5, 0.25, 8], "size": [3, 3, 4], "uv": [0, 16]}
					]
				},
				{
					"name": "bodym5",
					"parent": "bodym4",
					"pivot": [0, 1.75, 12],
					"cubes": [
						{"origin": [-1.5, 0.25, 12], "size": [3, 3, 4], "uv": [0, 16]}
					]
				},
				{
					"name": "bodym6",
					"parent": "bodym5",
					"pivot": [0, 1.75, 16],
					"cubes": [
						{"origin": [-1.5, 0.25, 16], "size": [3, 3, 4], "uv": [0, 16]}
					]
				},
				{
					"name": "bodym7",
					"parent": "bodym6",
					"pivot": [0, 1.75, 20],
					"cubes": [
						{"origin": [-1.5, 0.25, 20], "size": [3, 3, 4], "uv": [0, 16]}
					]
				},
				{
					"name": "bodym8",
					"parent": "bodym7",
					"pivot": [0, 1.75, 24],
					"cubes": [
						{"origin": [-1.5, 0.25, 24], "size": [3, 3, 4], "uv": [0, 16]}
					]
				},
				{
					"name": "bodym9",
					"parent": "bodym8",
					"pivot": [0, 1.75, 28],
					"cubes": [
						{"origin": [-1.5, 0.25, 28], "size": [3, 3, 4], "uv": [0, 16]}
					]
				},
				{
					"name": "bodym0",
					"parent": "bodym9",
					"pivot": [0, 1.75, 32],
					"cubes": [
						{"origin": [-1.5, 0.25, 32], "size": [3, 3, 4], "uv": [0, 16]}
					]
				}
			]
		}
	]
}