{
	"format_version": "1.12.0",
	"minecraft:geometry": [
		{
			"description": {
				"identifier": "geometry.mbl_fish.guppy",
				"texture_width": 32,
				"texture_height": 32,
				"visible_bounds_width": 4,
				"visible_bounds_height": 2,
				"visible_bounds_offset": [0, 1, 0]
			},
			"bones": [
				{
					"name": "body",
					"pivot": [0, 0, 0],
					"cubes": [
						{"origin": [-1, 1, 1], "size": [2, 3, 5], "uv": [2, 2]},
						{"origin": [0, 4, 0], "size": [0, 3, 6], "uv": [0, 7]},
						{"origin": [0, 0, 3], "size": [0, 1, 4], "uv": [18, -3]}
					]
				},
				{
					"name": "head",
					"parent": "body",
					"pivot": [0, 2, 0],
					"cubes": [
						{"origin": [-0.9992, 2.0008, -3], "size": [2, 2, 1], "uv": [0, 0]},
						{"origin": [-0.9992, 1.0008, -3], "size": [2, 2, 1], "uv": [0, 3]},
						{"origin": [-1, 1, -2], "size": [2, 3, 3], "uv": [11, 0]}
					]
				},
				{
					"name": "leftFin",
					"parent": "body",
					"pivot": [1, 1, 0],
					"rotation": [0, 0, 35],
					"cubes": [
						{"origin": [1, 0, 0], "size": [2, 1, 2], "uv": [24, 4]}
					]
				},
				{
					"name": "rightFin",
					"parent": "body",
					"pivot": [-1, 1, 0],
					"rotation": [0, 0, -35],
					"cubes": [
						{"origin": [-3, 0, 0], "size": [2, 1, 2], "uv": [24, 1]}
					]
				},
				{
					"name": "tailfin",
					"parent": "body",
					"pivot": [0, 0, 6],
					"cubes": [
						{"origin": [0, -2, 6], "size": [0, 7, 6], "pivot": [0, 2, 6], "rotation": [0, 0, 20], "uv": [20, 1]},
						{"origin": [0, -2, 6], "size": [0, 7, 6], "pivot": [0, 2, 6], "rotation": [0, 0, -20], "uv": [20, 1]}
					]
				},
				{
					"name": "waist",
					"parent": "body",
					"pivot": [0, 0, 0]
				}
			]
		}
	]
}