{
	"format_version": "1.12.0",
	"minecraft:geometry": [
		{
			"description": {
				"identifier": "geometry.mbl_fish.halibut",
				"texture_width": 64,
				"texture_height": 64,
				"visible_bounds_width": 4,
				"visible_bounds_height": 2,
				"visible_bounds_offset": [0, 1, 0]
			},
			"bones": [
				{
					"name": "body_front",
					"pivot": [0, 0, -4],
					"cubes": [
						{"origin": [-4.5, 3.5, -4], "size": [9, 1, 8], "uv": [0, 0]}
					]
				},
				{
					"name": "body_back",
					"parent": "body_front",
					"pivot": [0, 3.75, 4],
					"cubes": [
						{"origin": [-1.5, 3.5, 4], "size": [3, 1, 3], "uv": [0, 24]},
						{"origin": [-4.5, 3.75, 4], "size": [9, 0, 3], "uv": [0, 21]}
					]
				},
				{
					"name": "tailfin",
					"parent": "body_back",
					"pivot": [0, 3.75, 7],
					"cubes": [
						{"origin": [-4, 3.75, 6], "size": [8, 0, 7], "uv": [19, 0]}
					]
				},
				{
					"name": "head",
					"parent": "body_front",
					"pivot": [0, 4, -4],
					"cubes": [
						{"origin": [-3, 3.5, -7], "size": [6, 1, 3], "uv": [18, 21]}
					],
					"locators": {
						"lead": [0, 2, -4]
					}
				},
				{
					"name": "leftFin",
					"parent": "body_front",
					"pivot": [-3.5, 4, -4],
					"cubes": [
						{"origin": [-6.50752, 3.86703, -6], "size": [4, 0, 11], "uv": [8, 10]}
					]
				},
				{
					"name": "rightFin",
					"parent": "body_front",
					"pivot": [3.5, 4, -4],
					"cubes": [
						{"origin": [2.50742, 3.86703, -6], "size": [4, 0, 11], "uv": [0, 10]}
					]
				}
			]
		}
	]
}