{
	"format_version": "1.12.0",
	"minecraft:geometry": [
		{
			"description": {
				"identifier": "geometry.mbl_fish.monkfish",
				"texture_width": 64,
				"texture_height": 64,
				"visible_bounds_width": 4,
				"visible_bounds_height": 2,
				"visible_bounds_offset": [0, 1, 0]
			},
			"bones": [
				{
					"name": "body_front",
					"pivot": [0, 0, -4],
					"cubes": [
						{"origin": [-2.5, 3.5, 5], "size": [5, 2, 2], "uv": [34, 34]}
					]
				},
				{
					"name": "body_back",
					"parent": "body_front",
					"pivot": [0, 0, 7],
					"cubes": [
						{"origin": [-1, 3.5, 7], "size": [2, 2, 5], "uv": [28, 27]}
					]
				},
				{
					"name": "dorsal_back",
					"parent": "body_back",
					"pivot": [0, 5, 4],
					"cubes": [
						{"origin": [0, 5.5, 5], "size": [0, 4, 7], "uv": [18, 31]},
						{"origin": [0, -0.5, 5], "size": [0, 4, 7], "uv": [28, 0]}
					]
				},
				{
					"name": "tailfin",
					"parent": "body_back",
					"pivot": [0, 0, 12],
					"cubes": [
						{"origin": [-5, 4.5, 11], "size": [10, 0, 7], "uv": [21, 0]}
					]
				},
				{
					"name": "head",
					"parent": "body_front",
					"pivot": [0, 3, 5],
					"cubes": [
						{"origin": [-5, 4.5, -5], "size": [10, 1, 10], "uv": [0, 13]},
						{"origin": [-3, 4.5, -6], "size": [6, 3, 11], "uv": [0, 24]},
						{"origin": [-4, 3.5, -7], "size": [8, 1, 12], "uv": [0, 0]}
					],
					"locators": {
						"lead": [0, 3, -4]
					}
				},
				{
					"name": "dorsal_front",
					"parent": "head",
					"pivot": [0, 5, 2],
					"cubes": [
						{"origin": [0, 7.5, -5], "size": [0, 7, 9], "uv": [0, 29]}
					]
				},
				{
					"name": "leftFin",
					"parent": "head",
					"pivot": [1.5, 0, -4],
					"rotation": [0, 0, 35],
					"cubes": [
						{"origin": [-0.50752, 2.86703, -4], "size": [2, 0, 2], "uv": [0, 2]},
						{"origin": [1.49248, 5.86703, -2], "size": [5, 0, 8], "uv": [15, 24]}
					]
				},
				{
					"name": "rightFin",
					"parent": "head",
					"pivot": [-1.5, 0, -4],
					"rotation": [0, 0, -35],
					"cubes": [
						{"origin": [-1.49258, 2.86703, -4], "size": [2, 0, 2], "uv": [0, 0]},
						{"origin": [-6.49258, 5.86703, -2], "size": [5, 0, 8], "uv": [22, 13]}
					]
				}
			]
		}
	]
}