{
	"format_version": "1.12.0",
	"minecraft:geometry": [
		{
			"description": {
				"identifier": "geometry.mbl_fish.roosterfish",
				"texture_width": 64,
				"texture_height": 64,
				"visible_bounds_width": 4,
				"visible_bounds_height": 2,
				"visible_bounds_offset": [0, 1, 0]
			},
			"bones": [
				{
					"name": "body_front",
					"pivot": [0, 0, -4],
					"cubes": [
						{"origin": [-2, 4.5, -4], "size": [4, 7, 12], "uv": [0, 0]},
						{"origin": [0, 0.5, -4], "size": [0, 4, 12], "uv": [16, 17]}
					]
				},
				{
					"name": "body_back",
					"parent": "body_front",
					"pivot": [0, 2, 8],
					"cubes": [
						{"origin": [-1, 5.5, 8], "size": [2, 5, 6], "uv": [20, 0]}
					]
				},
				{
					"name": "dorsal_back",
					"parent": "body_back",
					"pivot": [0, 8, 10],
					"cubes": [
						{"origin": [0, 10.5, 8], "size": [0, 5, 7], "uv": [16, 26]},
						{"origin": [0, 0.5, 8], "size": [0, 5, 7], "uv": [26, 12]}
					]
				},
				{
					"name": "tailfin",
					"parent": "body_back",
					"pivot": [0, 2, 14],
					"cubes": [
						{"origin": [0, 0.5, 14], "size": [0, 16, 8], "uv": [0, 21]}
					]
				},
				{
					"name": "dorsal_front",
					"parent": "body_front",
					"pivot": [0, 11, 2],
					"cubes": [
						{"origin": [0, 11.5, -3], "size": [0, 10, 13], "uv": [0, 6]}
					]
				},
				{
					"name": "head",
					"parent": "body_front",
					"pivot": [0, 3, -4],
					"cubes": [
						{"origin": [-1.5, 4.5, -7], "size": [3, 6, 3], "uv": [0, 0]}
					],
					"locators": {
						"lead": [0, 3, -4]
					}
				},
				{
					"name": "leftFin",
					"parent": "body_front",
					"pivot": [2, 2, -4],
					"rotation": [0, 0, 35],
					"cubes": [
						{"origin": [-0.00752, 4.86703, -4], "size": [4, 0, 4], "uv": [26, 0]}
					]
				},
				{
					"name": "rightFin",
					"parent": "body_front",
					"pivot": [-2, 2, -4],
					"rotation": [0, 0, -35],
					"cubes": [
						{"origin": [-3.99258, 4.86703, -4], "size": [4, 0, 4], "uv": [22, 24]}
					]
				}
			]
		}
	]
}