{
	"format_version": "1.12.0",
	"minecraft:geometry": [
		{
			"description": {
				"identifier": "geometry.mbl_fish.wahoo",
				"texture_width": 64,
				"texture_height": 64,
				"visible_bounds_width": 4,
				"visible_bounds_height": 2,
				"visible_bounds_offset": [0, 1, 0]
			},
			"bones": [
				{
					"name": "body_front",
					"pivot": [0, 0, -4],
					"cubes": [
						{"origin": [-1.5, 5.5, -6], "size": [3, 6, 16], "uv": [0, 0]},
						{"origin": [0, 2.5, -4], "size": [0, 3, 14], "uv": [0, 15]}
					]
				},
				{
					"name": "body_back",
					"parent": "body_front",
					"pivot": [0, 2, 10],
					"cubes": [
						{"origin": [-1.5, 6.5, 10], "size": [3, 4, 4], "uv": [0, 0]}
					]
				},
				{
					"name": "dorsal_back",
					"parent": "body_back",
					"pivot": [0, 8, 10],
					"cubes": [
						{"origin": [0, 10.5, 9], "size": [0, 5, 4], "uv": [14, 28]},
						{"origin": [0, 1.5, 10], "size": [0, 5, 4], "uv": [22, 5]}
					]
				},
				{
					"name": "tailfin",
					"parent": "body_back",
					"pivot": [0, 2, 14],
					"cubes": [
						{"origin": [0, 0.5, 14], "size": [0, 16, 7], "uv": [0, 25]}
					]
				},
				{
					"name": "dorsal_front",
					"parent": "body_front",
					"pivot": [0, 11, 2],
					"cubes": [
						{"origin": [0, 11.5, -5], "size": [0, 7, 14], "uv": [0, 8]}
					]
				},
				{
					"name": "head",
					"parent": "body_front",
					"pivot": [0, 3, -6],
					"cubes": [
						{"origin": [-1, 5.5, -10], "size": [2, 5, 4], "uv": [22, 0]},
						{"origin": [-1, 6.5, -12], "size": [2, 3, 2], "uv": [28, 22]}
					],
					"locators": {
						"lead": [0, 3, -6]
					}
				},
				{
					"name": "leftFin",
					"parent": "body_front",
					"pivot": [1.5, 3, -6],
					"rotation": [0, 0, 35],
					"cubes": [
						{"origin": [-0.50752, 5.86703, -6], "size": [4, 0, 4], "uv": [0, 12]}
					]
				},
				{
					"name": "rightFin",
					"parent": "body_front",
					"pivot": [-1.5, 3, -6],
					"rotation": [0, 0, -35],
					"cubes": [
						{"origin": [-3.49258, 5.86703, -6], "size": [4, 0, 4], "uv": [0, 8]}
					]
				}
			]
		}
	]
}