{
  "format_version": "1.20.10",
  "sound_definitions": {
    "pod_farm.cookware.fail": {
      "category": "block",
      "sounds": [
        {
          "load_on_low_memory": true,
          "name": "sounds/step/netherite2"
        }
      ]
    },
    "pod_farm.blender.blend": {
      "category": "block",
      "sounds": [
        {
          "load_on_low_memory": true,
          "name": "sounds/podcrash/farm/blender"
        }
      ]
    },
    "pod_farm.bird.hurt1": {
      "category": "neutral",
      "sounds": [
        {
          "load_on_low_memory": true,
          "name": "sounds/podcrash/farm/mob/bird_hurt1"
        }
      ]
    },
    "pod_farm.bird.hurt2": {
      "category": "neutral",
      "sounds": [
        {
          "pitch": 1.5,
          "load_on_low_memory": true,
          "name": "sounds/podcrash/farm/mob/bird_hurt2"
        }
      ]
    },
    "pod_farm.bison.ambient": {
      "category": "neutral",
      "sounds": [
        {
          "load_on_low_memory": true,
          "name": "sounds/podcrash/farm/mob/bison_ambient"
        }
      ]
    },
    "pod_farm.bison.attack": {
      "category": "neutral",
      "sounds": [
        {
          "load_on_low_memory": true,
          "name": "sounds/podcrash/farm/mob/bison_attack"
        }
      ]
    },
    "pod_farm.crow.eat": {
      "category": "neutral",
      "sounds": [
        {
          "load_on_low_memory": true,
          "name": "sounds/podcrash/farm/mob/crow_eat"
        }
      ]
    },
    "pod_farm.crow.death": {
      "category": "neutral",
      "sounds": [
        {
          "load_on_low_memory": true,
          "name": "sounds/podcrash/farm/mob/crow_death"
        }
      ]
    },
    "pod_farm.crow.hurt": {
      "category": "neutral",
      "sounds": [
        {
          "load_on_low_memory": true,
          "name": "sounds/podcrash/farm/mob/crow_hurt"
        }
      ]
    },
    "pod_farm.duck.ambient": {
      "category": "neutral",
      "sounds": [
        {
          "volume": 2,
          "load_on_low_memory": false,
          "name": "sounds/podcrash/farm/mob/duck_ambient1"
        },
        {
          "volume": 2,
          "load_on_low_memory": true,
          "name": "sounds/podcrash/farm/mob/duck_ambient2"
        },
        {
          "volume": 2,
          "load_on_low_memory": false,
          "name": "sounds/podcrash/farm/mob/duck_ambient3"
        }
      ]
    },
    "pod_farm.crow.ambient": {
      "category": "neutral",
      "sounds": [
        {
          "volume": 2,
          "load_on_low_memory": true,
          "name": "sounds/podcrash/farm/mob/crow_ambient1"
        },
        {
          "volume": 2,
          "load_on_low_memory": false,
          "name": "sounds/podcrash/farm/mob/crow_ambient2"
        }
      ]
    },
    "pod_farm.goose.ambient": {
      "category": "neutral",
      "sounds": [
        {
          "load_on_low_memory": true,
          "name": "sounds/podcrash/farm/mob/goose_ambient1"
        },
        {
          "load_on_low_memory": false,
          "name": "sounds/podcrash/farm/mob/goose_ambient2"
        },
        {
          "load_on_low_memory": false,
          "name": "sounds/podcrash/farm/mob/goose_ambient3"
        }
      ]
    },
    "pod_farm.peacock.ambient": {
      "category": "neutral",
      "sounds": [
        {
          "load_on_low_memory": true,
          "name": "sounds/podcrash/farm/mob/peacock_ambient"
        }
      ]
    },
    "pod_farm.turkey.ambient": {
      "category": "neutral",
      "sounds": [
        {
          "load_on_low_memory": true,
          "name": "sounds/podcrash/farm/mob/turkey_ambient"
        }
      ]
    },
    "pod_farm.quail.ambient": {
      "category": "neutral",
      "sounds": [
        {
          "load_on_low_memory": true,
          "name": "sounds/podcrash/farm/mob/quail_ambient1"
        },
        {
          "load_on_low_memory": true,
          "name": "sounds/podcrash/farm/mob/quail_ambient2"
        },
        {
          "load_on_low_memory": true,
          "name": "sounds/podcrash/farm/mob/quail_ambient3"
        }
      ]
    }
  }
}
