{"version":1,"content":[{"path":"animations/attachables/casting_net.animation.json","key":"oA0sR9FKmq1kbItPEQgym5oQ4PZvyvU3"},{"path":"animations/large_mouth_bass.animation.json","key":"fC49TkYrG7oQy5IBPxQayx0XPJVPVgRa"},{"path":"animations/mbl_fish_exp_book.animation.json","key":"lB9CewhYunozSEMX2SEpPKswfAWXsCYS"},{"path":"animation_controllers/mbl_fish_book_close.animation.controllers.json","key":"cW0QZAvSpROtigY7H9RgEEzAaYQ6HbK2"},{"path":"attachables/casting_net.attachable.json","key":"yJ2CKBFWFZoyjfGzuN6EHBArF6fjIbXS"},{"path":"entity/alligator_gar.entity.json","key":"tY3U9gCKTRLcE2IalyhoTMtq36r5zshO"},{"path":"entity/anchovy.entity.json","key":"yN6W7y2s2PYoYRvBpCct1kcpbnsxMaju"},{"path":"entity/arctic_char.entity.json","key":"yT8FsXl6AogKVarxFuTkluQxYN6kfoGy"},{"path":"entity/barracuda.entity.json","key":"rX3pWiRmc5kGYLv6LAGoIShagBAVBwlT"},{"path":"entity/barramundi.entity.json","key":"uE6I4njHpF5KRGL5mqJSnh0vOmsI9QHj"},{"path":"entity/black_crappie.entity.json","key":"lT1ptEgXW5COOdB89BHheFnUbU9cKVjB"},{"path":"entity/bluefin_tuna.entity.json","key":"kG4RQMaOf9I0OZVRFxASo9nufTsZL21f"},{"path":"entity/bluegill.entity.json","key":"sW84sFEkX4mdKF8iON68rAHsuMKlz8ag"},{"path":"entity/blue_marlin.entity.json","key":"dC0I0f7rNcGLpyafUslEx0PlgX1ON25n"},{"path":"entity/bowfin.entity.json","key":"pJ5CMhSPfWqvcj22ygfq7nQr02oVnqRG"},{"path":"entity/bream.entity.json","key":"mT36JgPgfWqUYRieSCS8R3Bha96ge2kX"},{"path":"entity/brown_trout.entity.json","key":"iP7J8wWfPIEKiyzyeMSX0Cn1IKHb32ky"},{"path":"entity/burbot.entity.json","key":"bU7g6zSzQUXekzrECG4xHKQIUbgLQ3K0"},{"path":"entity/casting_net_real.entity.json","key":"jR1eFPzZh6uTuEIyE8EntCws93KjuRIj"},{"path":"entity/channel_catfish.entity.json","key":"vR7HozYoRP3fb5eQtw3KvKeIwHLy8Lug"},{"path":"entity/chub.entity.json","key":"lE42CYaHdN78oSyueUBj2KkxqEIfAxfv"},{"path":"entity/cobia.entity.json","key":"zP0MMdyvc1ltMnXX13b84BOOQwXASa0n"},{"path":"entity/coelacanth.entity.json","key":"eW0j1wFS7APYWgQUhdMvPAEMKxdf0RgB"},{"path":"entity/common_carp.entity.json","key":"rO3ApJCdmoHHZvYY5lc5luvQCStNhYP6"},{"path":"entity/common_molly.entity.json","key":"vQ806KOQSVfm4yFzwp9iZSW6c2Sy861B"},{"path":"entity/croaker.entity.json","key":"wQ2ub0ju3e0BFJeWfbzpc5tCoOHXjp3p"},{"path":"entity/crucian_carp.entity.json","key":"iL0lM1P8bRyp0BYrO2jQvCOz7QsCkNmf"},{"path":"entity/eel.entity.json","key":"mY8dRVMsdCY00ZwNv6pv93Rk7auSUdCx"},{"path":"entity/escolar.entity.json","key":"iY1CmHpeid0vm1n5wbWltoJKfeMwtdWf"},{"path":"entity/goby.entity.json","key":"hE92uSreVVzlEVCp6aAEfrMOLM785QG8"},{"path":"entity/goldfish.entity.json","key":"uH91s17e8XsScoXhsNwc18uzz72xvtUv"},{"path":"entity/grass_carp.entity.json","key":"cK3czGlUHL2H6ETwvAiJ4r55IdlRkX4L"},{"path":"entity/grayling.entity.json","key":"bR80Rmh0q3yNkhWXxXhhrVygNWkqlLon"},{"path":"entity/grouper.entity.json","key":"cI1nm4hWF6SS2BjHfEyT06BWWQOE2sTK"},{"path":"entity/gudgeon.entity.json","key":"aI0dY6JAIULIxiLaB9FsTuSWJq1WQdrT"},{"path":"entity/guppy.entity.json","key":"wN2L2IxGiJG1JZvmMwO7OsIujQKiuaCg"},{"path":"entity/haddock.entity.json","key":"uA3cGxSeYsw7kWq7KpS3YWsczCBQvUhg"},{"path":"entity/halibut.entity.json","key":"tL7uT7eUnaoMKXfL2d3N4y1GxsHSt6wS"},{"path":"entity/herring.entity.json","key":"lL5qO64Xfj2qpUEWN3WfsbJWandSigeI"},{"path":"entity/large_mouth_bass.entity.json","key":"fG71HJT82d2mtUiHx1zzhQ1IALzbkh9F"},{"path":"entity/lingcod.entity.json","key":"nY5lcBLT7Sp09ic12HzFXkg1PwLQinfl"},{"path":"entity/lionfish.entity.json","key":"eX3n7YvSb2tkxQb3PSi00fYPgLH1rkjc"},{"path":"entity/mackerel.entity.json","key":"jV1v1o9dl5P757OdwtIy14wkgghczfjQ"},{"path":"entity/mahi_mahi.entity.json","key":"sV4dvBIkQjRstb2dMaZFymPWFj60Wvlj"},{"path":"entity/mbl_exp_book_fish.entity.json","key":"tB9TxcBrzcIl8stiQVezTyzZbacUxVNd"},{"path":"entity/milkfish.entity.json","key":"nH6Gk2Swvj0lkgkiYGKaCQ38LQKv8Gx8"},{"path":"entity/minnow.entity.json","key":"jR7LItmxOFtLq6MHbbEs8OheorV6WKTh"},{"path":"entity/monkfish.entity.json","key":"fT19e6v3jS3hrOERuBnl8EqhTMXIAzBU"},{"path":"entity/nile_perch.entity.json","key":"iA869Olde7xLaNVrn4Zwd3BjpSZe6KcJ"},{"path":"entity/northern_pike.entity.json","key":"jH9XBAAP5kpnJ61gYPqFZeh8Ip3zQm3G"},{"path":"entity/opah.entity.json","key":"qU2HZruG2dwGQyP1hllFwfNJy0pKPZov"},{"path":"entity/oscar.entity.json","key":"zH9rpM08OGoyYKaUp9VT0nvLhBN2nGL6"},{"path":"entity/patagonian_toothfish.entity.json","key":"wR9pKVLyMJN1hIGnO9THXaQn40AIQHMx"},{"path":"entity/perch.entity.json","key":"uK28aYVUuBfncLPQ5xZzByAXXo9HFBXt"},{"path":"entity/piranha.entity.json","key":"xE44iwnaNgSFp24gUFYK2yxpX9vtIjU6"},{"path":"entity/pollock.entity.json","key":"xV83r59RZJmRBgdVWWlEbSmmGeJBjYB0"},{"path":"entity/pompano.entity.json","key":"nV3K4G0N3Jom69X1M80Bsyj8Ufyk5JgP"},{"path":"entity/pumkinseed.entity.json","key":"yO73faqplinrdfrwEOo5xrdKEk1ZZhKb"},{"path":"entity/rainbow_trout.entity.json","key":"bT6LB9c3yQXTlByeb6pFneSEnsb6qFrR"},{"path":"entity/red_drum.entity.json","key":"kA8T5dNw3qEpcsaL11HgkJaWPoXbi8fB"},{"path":"entity/red_snapper.entity.json","key":"wQ4SNmiw02dG4cssijfwCAldMkXxPdQa"},{"path":"entity/roach.entity.json","key":"wV14TtMrKMogJc5xs26GjVmAEbsqAp5V"},{"path":"entity/roosterfish.entity.json","key":"zS7Anc1qoi6CcmZfizckoJ8UAoMRIxzt"},{"path":"entity/rudd.entity.json","key":"jQ1dGOhXBB1dtSRz6INWOM6lobTi21kb"},{"path":"entity/sailfish.entity.json","key":"eQ2QcaRgvKHWglEOajtSoQ4eMNC4ZFuT"},{"path":"entity/sardine.entity.json","key":"jF68P2dJJb6hwWoovJxLGxopCTWBYzUm"},{"path":"entity/sea_bass.entity.json","key":"rQ66xbTe8n46GEBBVBKn9PWL3BTbTZ68"},{"path":"entity/skipjack_tuna.entity.json","key":"bC5IPw8l1gIlyhXZG2G1jNXEaxAFpcka"},{"path":"entity/snapper.entity.json","key":"hI5kdzO5MMfjXMHxHRRpZWOwoYlAxER7"},{"path":"entity/stickleback.entity.json","key":"xV8wKSaaNHEyBPkGGSBoeyqZrJRP6Rej"},{"path":"entity/striped_bass.entity.json","key":"aY6vKf30a3PR89TOsNuNy4q2VAilrsiP"},{"path":"entity/sturgeon.entity.json","key":"fF8NQqNkvTPTCF6V0Wi7Z5wq43kGxzh0"},{"path":"entity/swordfish.entity.json","key":"aY8tACt5vgXzPHfBdiNoRzvJoEqUt1Ca"},{"path":"entity/tarpon.entity.json","key":"hC09WlU6dF2IrdCa49pzEX6mBl97gCgk"},{"path":"entity/tench.entity.json","key":"oZ7KpHmuVBFvSQsg8XMtRgo1V2EVY77Y"},{"path":"entity/tilapia.entity.json","key":"sC4IMi9CVk8pOX4Rw8GB21n1EyVQxQTG"},{"path":"entity/tilefish.entity.json","key":"iJ1g2IkWhoy6Rza5btu7U7slZ49lnWMv"},{"path":"entity/wahoo.entity.json","key":"vM0ngEIh81Pt5bybTrozkkHEnV3iT5t8"},{"path":"entity/walleye.entity.json","key":"oA9em9BtFpEJuxvWWPNXqyXqXrrRKKfa"},{"path":"entity/whitefish.entity.json","key":"lV9g1s2a59Wyk3BItuhqGyE2lW4E3Wv8"},{"path":"entity/white_bass.entity.json","key":"iH9b7ZqaAqqVxTtUPG66Kw2SRGXiHzny"},{"path":"entity/yellowfin_tuna.entity.json","key":"pZ1PtoJMZ4W5s3TlQYjndILCrw9T52zj"},{"path":"entity/zander.entity.json","key":"dL90IQmop3UCsejoIwstCRP51N4mvYzP"},{"path":"manifest.json"},{"path":"models/entity/alligator_gar.geo.json","key":"kU5oAtU3rcHCWqsx0IIqNmMQHMuJMrhU"},{"path":"models/entity/anchovy.geo.json","key":"vZ1dmjZEFRHiZ8w5SwemqW1zUgV8N8zP"},{"path":"models/entity/arctic_char.geo.json","key":"tV5KsFAvgwPN2LYaQtoIkd0NWA7cr0us"},{"path":"models/entity/attachable/casting_net.geo.json","key":"qZ7xGZ0B3zAqiC6k1o8pChVntggx09AB"},{"path":"models/entity/barracuda.geo.json","key":"iA1NHh0XjGtdPOUFqmcINY8jZOPUXUE1"},{"path":"models/entity/barramundi.geo.json","key":"jK7BFI6VEwablv0Y1QwifQHPl6NMeQ2c"},{"path":"models/entity/black_crappie.geo.json","key":"iN25vSwZfAm5oz1HWRUprtPA4mpdms7n"},{"path":"models/entity/bluefin_tuna.geo.json","key":"uW4S9lAJ61ltPZdgggqesfbwpf6tzNqd"},{"path":"models/entity/blue_marlin.geo.json","key":"wS4Hwlhvlp5yqHMzK7TxTa5Al4q8Ajkc"},{"path":"models/entity/bowfin.geo.json","key":"mY2OpGBTccuhnFI426uOVAXsNt1pwhS6"},{"path":"models/entity/brown_trout.geo.json","key":"fT2rPHC9LzzR99r1iGvO23j0CFnmK8vw"},{"path":"models/entity/casting_net_real.geo.json","key":"vA7GunupB5XiUuemobGGT3iH4kiMncY8"},{"path":"models/entity/channel_catfish.geo.json","key":"lT1W0kiUW2s78KOHCp1kvbEq3sixhmwZ"},{"path":"models/entity/chub.geo.json","key":"mC4pAK7zsuspQ4GN5kXCk59t5ArIgF4S"},{"path":"models/entity/coelacanth.geo.json","key":"hS4B4ZY5ddsiujSTnpKsYJC7xbEUZTNP"},{"path":"models/entity/common_carp.geo.json","key":"mN6NEAHqohJfJ6mgvUGOlvySTWl0ymjr"},{"path":"models/entity/common_molly.geo.json","key":"xI98kXx3odqGrwkrsfe1u7b8S04yaNtd"},{"path":"models/entity/eel.geo.json","key":"kX75eOrKnnwR0OW1sdkQmd3dcGUe72Z9"},{"path":"models/entity/escolar.geo.json","key":"zK6HTs8YcaqmVY683g6dVwfb7Al1natJ"},{"path":"models/entity/guppy.geo.json","key":"oQ9CzQphAt5umM14KiSxRSE3rI7uCc3t"},{"path":"models/entity/halibut.geo.json","key":"yK4mtb1vfUcsG3zsoZIhWOWCVSdvk5xh"},{"path":"models/entity/large_mouth_bass.geo.json","key":"aS8UJop5lXvfYYPyuAXtmCmA3EV3ewvH"},{"path":"models/entity/lionfish.geo.json","key":"xL3g0jtnorrCNFl2XdATXX9KcAmVi2cg"},{"path":"models/entity/mahi_mahi.geo.json","key":"hM5OzIVMdH6RJZbd9QYew7N3ZaBk0mo9"},{"path":"models/entity/mbl_fish_exp_book.geo.json","key":"kQ9WLVURKp9yeN8NmWgEW4QG1dH4F4Nq"},{"path":"models/entity/monkfish.geo.json","key":"eH530Ja0IqPZ7b34MIxfiXNSIcZRjGsx"},{"path":"models/entity/northern_pike.geo.json","key":"jS8PgK4VI9YuawYeK9LVqWWv8602T0tR"},{"path":"models/entity/opah.geo.json","key":"yA3meY8BmJOoJo7Ox5BAsIhVLCe0x6aW"},{"path":"models/entity/perch.geo.json","key":"uO2tLVtROA52arbCeF9rkSotM2qcntI5"},{"path":"models/entity/roosterfish.geo.json","key":"kP1w5KgcdT3yUqqg7YsBvF1kLTQnN5ra"},{"path":"models/entity/wahoo.geo.json","key":"pS3e7VRh5bN4tiSsTTmYzjx2hXCsVkOa"},{"path":"pack_icon.png"},{"path":"render_controllers/mbl_fish.render_controllers.json","key":"oR6Np6jPFKksYcflzKTfp17NgbczCT1k"},{"path":"render_controllers/mbl_fish_bass.render_controllers.json","key":"sK3ulkbj7cAFE60KEsyxgSqLQM5rJnYj"},{"path":"render_controllers/mbl_fish_multi4.render_controllers.json","key":"uE3yBRMnTcMSZiAmZuE06NAu6aJ6aRHh"},{"path":"sounds.json","key":"aY9ack1kQGFInYfRpla6LKU1fWzOPTul"},{"path":"texts/en_GB.lang"},{"path":"texts/en_US.lang"},{"path":"texts/languages.json"},{"path":"textures/item_texture.json","key":"pB2MeClYmLmlg4FoTp10OFYaxu3KgElX"},{"path":"textures/mobblocks/fish/entity/alligator_gar.png","key":"zQ8MfES7dSppgepz083j99ElYjEWiCC7"},{"path":"textures/mobblocks/fish/entity/anchovy.png","key":"tM7kBY0jaHi9XNGcTrncRSPE0RPiplhs"},{"path":"textures/mobblocks/fish/entity/arctic_char.png","key":"eO1tZ8FixWYtRzdq1xHVeHpQeA8gejPe"},{"path":"textures/mobblocks/fish/entity/attachable/casting_net.png","key":"yV2lV779l45QcKYRc4lQRbgrcvV5teti"},{"path":"textures/mobblocks/fish/entity/barracuda.png","key":"sZ6YWhI9rAK0y32VxUBkylA8owzmrvrB"},{"path":"textures/mobblocks/fish/entity/barramundi.png","key":"xJ2XlMIgd96cJX8bfFGHHmZbqfEclRY3"},{"path":"textures/mobblocks/fish/entity/black_crappie.png","key":"oK8bwSrklWrRMbhK6oPhblGMXbxcHfrT"},{"path":"textures/mobblocks/fish/entity/bluefin_tuna.png","key":"sG3Z8L2WfFBIcEvT7vKC1Qu6hGsRY7qF"},{"path":"textures/mobblocks/fish/entity/bluegill.png","key":"nH3RKokvXuZPZy76Eo3wqZNSClZKHTWv"},{"path":"textures/mobblocks/fish/entity/blue_marlin.png","key":"eS1OWJhLXTzSLYcQaepXTXcsTcgeujTc"},{"path":"textures/mobblocks/fish/entity/book/explainer_book_01.png","key":"cE4R15cv0ZA2RycghHI8meyvxLoqSSzE"},{"path":"textures/mobblocks/fish/entity/book/explainer_book_02.png","key":"yH4URqiyQQgTWuVecxzqggUsN2POceX4"},{"path":"textures/mobblocks/fish/entity/book/explainer_book_03.png","key":"bE4hBtFr2Q0BsPZtJOcQz87Iw8xN6OQi"},{"path":"textures/mobblocks/fish/entity/book/explainer_book_04.png","key":"sC5KFmuO835U8KFmQCHyG1CRmA8GWcXP"},{"path":"textures/mobblocks/fish/entity/book/explainer_book_05.png","key":"aQ8cHeTTvTHlc51HyPPsKL6Vm5mpJFjh"},{"path":"textures/mobblocks/fish/entity/book/explainer_book_06.png","key":"vP4pFtgdsh5gjCFngStBWzLuacB5XwZg"},{"path":"textures/mobblocks/fish/entity/book/explainer_book_07.png","key":"jW53deUWxm3ObKK4H88Mv9xFrHx2GTJZ"},{"path":"textures/mobblocks/fish/entity/book/explainer_book_08.png","key":"oQ5BjUezkn2fUcyAsU56v0dO9oAvFjSV"},{"path":"textures/mobblocks/fish/entity/book/explainer_book_09.png","key":"gG90p44fHUnMVgoYNAITpKxeKmNIne5M"},{"path":"textures/mobblocks/fish/entity/book/explainer_book_10.png","key":"mW0ALRFPzwTUcOLTFPz9oGoHUvLyggvO"},{"path":"textures/mobblocks/fish/entity/bowfin.png","key":"hO9Bx787nooMge7Id7oARawSRujCbOkq"},{"path":"textures/mobblocks/fish/entity/bream.png","key":"iZ3wm66K3rUQ0iLUQNxH9MgBeXPa7pxb"},{"path":"textures/mobblocks/fish/entity/brown_trout.png","key":"uB9bNXhHAcrshOgIGOJ7G2nH2sHu4XOC"},{"path":"textures/mobblocks/fish/entity/burbot.png","key":"kP2ik0XhyBhb8NeameuA7Brxomk4XKsB"},{"path":"textures/mobblocks/fish/entity/casting_net_real.png","key":"mA71cIp8SFnmjsIGj8vU6hUrAa6u6YUa"},{"path":"textures/mobblocks/fish/entity/casting_net_real_full.png","key":"iM5Wqi2gYcXN6vaZ5JbUKYA6aCPGUp2I"},{"path":"textures/mobblocks/fish/entity/casting_net_real_low.png","key":"sL3GTN15wuew9859uosF9PXhm1LbwlXR"},{"path":"textures/mobblocks/fish/entity/casting_net_real_med.png","key":"eK5sIw3p4kCugwZmjwwIAjFc1IAR8lBb"},{"path":"textures/mobblocks/fish/entity/channel_catfish.png","key":"gQ9jo3R9zxKh8cCiFE1LBgC57gZioCBV"},{"path":"textures/mobblocks/fish/entity/chub.png","key":"qV55YRJchp2h5osqvFI7NKr4vN58BklO"},{"path":"textures/mobblocks/fish/entity/cobia.png","key":"fE1F5pnYmILWH1dO4qjnH0K2VM0SObwv"},{"path":"textures/mobblocks/fish/entity/coelacanth.png","key":"eZ5hqCOcGTchvuCV7CLc0n2ORFBw985Z"},{"path":"textures/mobblocks/fish/entity/common_carp.png","key":"aH8OWNpBTWdH254PMJBSQoMfrPkmOpk9"},{"path":"textures/mobblocks/fish/entity/common_molly.png","key":"sL52C3Moo51i65x0V2ixnLRGNPsVHixs"},{"path":"textures/mobblocks/fish/entity/croaker.png","key":"tP93Uo3iXcu1BaljqEOIJlUXIwfI6xbI"},{"path":"textures/mobblocks/fish/entity/crucian_carp.png","key":"gX3TOUZxkApSvj95RFJJIxTFpZ4TkCEH"},{"path":"textures/mobblocks/fish/entity/eel.png","key":"nG5eM59QFbpe8bmntQMe0Fh92b7wE8Fu"},{"path":"textures/mobblocks/fish/entity/escolar.png","key":"iO1CB2tAStTfE0XAsa3rv8KAwbU2CRbB"},{"path":"textures/mobblocks/fish/entity/goby.png","key":"rO3L3AGnERnKdvEGRLVT0QfUAspwuYes"},{"path":"textures/mobblocks/fish/entity/goldfish.png","key":"mF8d7qXRvTf8JHSIq57iovd3iQsijvjJ"},{"path":"textures/mobblocks/fish/entity/grass_carp.png","key":"aS1tgCEue5iAqrv8w2PIbbl5eY6yrBwq"},{"path":"textures/mobblocks/fish/entity/grayling.png","key":"cF81SowWoeL8jUwZfCOlNOwMfOoeRiJl"},{"path":"textures/mobblocks/fish/entity/grouper.png","key":"bM57RuqyiwpnGEyM89QASYayfxRiS9bm"},{"path":"textures/mobblocks/fish/entity/gudgeon.png","key":"yL6MwZ89hQoC2jS7jPPn8Le8K8iFZI8m"},{"path":"textures/mobblocks/fish/entity/guppy.png","key":"oR2EgAtzYkIJhJLuL65fP0QOsqJmpjhC"},{"path":"textures/mobblocks/fish/entity/haddock.png","key":"aU1Pk4Cgdzxlj2l3xHOkyiudAaHCcZab"},{"path":"textures/mobblocks/fish/entity/halibut.png","key":"kY0cTlPRPrCaeWp6dK85Ttr9FvFIfYle"},{"path":"textures/mobblocks/fish/entity/herring.png","key":"hW3f4JOfaqdsEhy65mrtWUNpcZFU9ti5"},{"path":"textures/mobblocks/fish/entity/large_mouth_bass.png","key":"pA98bzrfnLT9u5eLqKocv4pr0qTM5kXP"},{"path":"textures/mobblocks/fish/entity/lingcod.png","key":"kS0ctnYhhhK1gqpOjAqcgjvSxUBO5G3I"},{"path":"textures/mobblocks/fish/entity/lionfish.png","key":"lG6oe31WrZS9fNW9s07Q3WRTyhPluVEN"},{"path":"textures/mobblocks/fish/entity/mackerel.png","key":"jW2bEqGllcwqSO0j9S4wZoOgsCWeEyxC"},{"path":"textures/mobblocks/fish/entity/mahi_mahi.png","key":"sW01LVyNt89xTEgWbjpJd4lWmQivGqJT"},{"path":"textures/mobblocks/fish/entity/milkfish.png","key":"cL6tjToqXFBYQpS2g7uHJWtPad7qFTdU"},{"path":"textures/mobblocks/fish/entity/minnow.png","key":"gI03VYcXTERlA3025hcLb0FsWW9squPH"},{"path":"textures/mobblocks/fish/entity/monkfish.png","key":"oH7GI5x8EhdrBplmbXZZRkJTI7ikx15t"},{"path":"textures/mobblocks/fish/entity/nile_perch.png","key":"hG13dWQsUCk0T5kVGe6XIkTArPuEhqf5"},{"path":"textures/mobblocks/fish/entity/northern_pike.png","key":"cC9VL1Hc6kHsLsSsWLittboQJZn7aQZy"},{"path":"textures/mobblocks/fish/entity/opah.png","key":"hJ2brjPMWTqX1QABfKB43An5AONM0hvr"},{"path":"textures/mobblocks/fish/entity/oscar.png","key":"zZ0IxAHIGImt20puznL8UEuW2qkOQkWP"},{"path":"textures/mobblocks/fish/entity/patagonian_toothfish.png","key":"sZ3GtE2ONrmxrKp2u7y0eTAsHWruccJM"},{"path":"textures/mobblocks/fish/entity/perch.png","key":"xX5u4IbhdX5CnRW9aEljBjAz2NAQchqg"},{"path":"textures/mobblocks/fish/entity/piranha.png","key":"zJ2ixXKPmV5QBO9daSETxMJH9riwswlp"},{"path":"textures/mobblocks/fish/entity/pollock.png","key":"bF4nqZNR532wiLfs6d6AyQzzhcunmJvf"},{"path":"textures/mobblocks/fish/entity/pompano.png","key":"mP1FxstrIxmlffi0NsrFSTduVz2IWtsz"},{"path":"textures/mobblocks/fish/entity/pumkinseed.png","key":"zO77OdL93Ah9TXKAe3cu69unAu15ZuCz"},{"path":"textures/mobblocks/fish/entity/rainbow_trout.png","key":"nG09PeYdrAekwlbL7v7ESSt7leQb7tIJ"},{"path":"textures/mobblocks/fish/entity/red_drum.png","key":"yY0OyqPEgLgW9mqEg4qrxKvGp2oc39PF"},{"path":"textures/mobblocks/fish/entity/red_snapper.png","key":"pS8v0SKyoa53rmYCE6OM6IFTVQHd1qBE"},{"path":"textures/mobblocks/fish/entity/roach.png","key":"fC7FgpVB2VEdCneyMtsoHKtuNtmRSecX"},{"path":"textures/mobblocks/fish/entity/roosterfish.png","key":"xT5OH3ReSbF2KcpkYS7bnriiIEqs97pT"},{"path":"textures/mobblocks/fish/entity/rudd.png","key":"nT5Q5GP5y0hYYYrOX7fSpKKWZF9VCUQK"},{"path":"textures/mobblocks/fish/entity/sailfish.png","key":"vW2lZ8MJlbhqcmYojo09jEShQyXBygdx"},{"path":"textures/mobblocks/fish/entity/sardine.png","key":"kS5ZKtCZ3QFEyQQP16alnJJdKWVpvs5Y"},{"path":"textures/mobblocks/fish/entity/sea_bass.png","key":"aP4BecofxQT3UIoChvoVvKp4MqI2XZ8m"},{"path":"textures/mobblocks/fish/entity/skipjack_tuna.png","key":"rB2OcQtcoajd3xWTcgyfIYtSlRNJNbow"},{"path":"textures/mobblocks/fish/entity/snapper.png","key":"gT5o52BECTCrPw4jGGgiuEmZnGITR2Wj"},{"path":"textures/mobblocks/fish/entity/stickleback.png","key":"kG8mOif1C42prZcogFMWYE4vP2UCp7gf"},{"path":"textures/mobblocks/fish/entity/striped_bass.png","key":"tQ1zxZ53VwlySy3jJuqMG3yYwYQybJKz"},{"path":"textures/mobblocks/fish/entity/sturgeon.png","key":"xG2xaAUAR2gwSBJYvpKO3yrquC7S1HVq"},{"path":"textures/mobblocks/fish/entity/swordfish.png","key":"aT2CqUImxn5cxbKB9GeJxTKeeQEqXsBf"},{"path":"textures/mobblocks/fish/entity/tarpon.png","key":"dS8pSrNuvJCHY9pXg3irC4uvQu1zF904"},{"path":"textures/mobblocks/fish/entity/tench.png","key":"wG57m4TpQlLrZ7YoNcCO81ILrua0PN5i"},{"path":"textures/mobblocks/fish/entity/tilapia.png","key":"yZ5QPL1c2V7kTSom7SYOJXlkXYz9cvE7"},{"path":"textures/mobblocks/fish/entity/tilefish.png","key":"mP36iVe5GXadInChBCkOWbI06pix02uh"},{"path":"textures/mobblocks/fish/entity/wahoo.png","key":"xU1yLUSroxiiF3Y2JfklancFQGj8toE9"},{"path":"textures/mobblocks/fish/entity/walleye.png","key":"iZ3czC4ZQoEnKQp9TeidbK96ICMXqEh8"},{"path":"textures/mobblocks/fish/entity/whitefish.png","key":"tZ43JBMQsxdM37dFSbbvfBrq81nHxbmS"},{"path":"textures/mobblocks/fish/entity/white_bass.png","key":"lE13Hcd7wT9fKFQiThwYTJAkgo98Z782"},{"path":"textures/mobblocks/fish/entity/yellowfin_tuna.png","key":"dG0K366cLGiRGexyR6CW0kTGWicvQ295"},{"path":"textures/mobblocks/fish/entity/zander.png","key":"yO6OPQJTE2ejt8XKLyrsQymxN8Snqq2y"},{"path":"textures/mobblocks/fish/items/1blank.png","key":"mZ7qJtNGEdc0r1ka5eZmema9VxmKe5x5"},{"path":"textures/mobblocks/fish/items/1blank_bo.png","key":"oU95ElUJxH0Owe6FuLEY67lR8U6JUJtT"},{"path":"textures/mobblocks/fish/items/1blank_co.png","key":"bI0UQqb1Guy3zu7J8NH9ht4ubMSZXNWz"},{"path":"textures/mobblocks/fish/items/alligator_gar.png","key":"rB2hRJCsWLx1fy2XU83ggSYOIvitiNkH"},{"path":"textures/mobblocks/fish/items/alligator_gar_bo.png","key":"vK5dj8072FqVHel03XjtvEKcFGuJjizV"},{"path":"textures/mobblocks/fish/items/alligator_gar_co.png","key":"zF1tQpd61hXpvwvWkoQQX8sUGhgriEYv"},{"path":"textures/mobblocks/fish/items/anchovy.png","key":"xJ5oEphPhVHvgxmOCBAmNnwwmmf9E2vd"},{"path":"textures/mobblocks/fish/items/anchovy_bo.png","key":"eX9OXVuZrgPtCLWypx5OKWdQjy4Ji3Wc"},{"path":"textures/mobblocks/fish/items/anchovy_co.png","key":"xE3i4kVHWheo1l7c6yEoWf1hwBKcrQl9"},{"path":"textures/mobblocks/fish/items/arctic_char.png","key":"uG0gydhmLlFerxkr4icxeCehzuTeqoCW"},{"path":"textures/mobblocks/fish/items/arctic_char_bo.png","key":"wK2UYIZ4PmI0rjYNRQQBc3pjbAgoMEEC"},{"path":"textures/mobblocks/fish/items/arctic_char_co.png","key":"nH3mAGH4Co0TWbm9RzTLIOGtduqz44pP"},{"path":"textures/mobblocks/fish/items/barracuda.png","key":"gX11mn6yixxzsluvnOTRFTk8CsBSu2eP"},{"path":"textures/mobblocks/fish/items/barracuda_bo.png","key":"gZ3kr1mIwhWdhu30stA0VOIfWtW0RTuy"},{"path":"textures/mobblocks/fish/items/barracuda_co.png","key":"hA8fRKjmC9o4HmxHg9QpcLpgyiIPiEBa"},{"path":"textures/mobblocks/fish/items/barramundi.png","key":"sO4HbT3Xo8QVFav4rtg9sEAT6r1ZPFFL"},{"path":"textures/mobblocks/fish/items/barramundi_bo.png","key":"uO02cRkQBzkGjGBz7VkcEcxqTRviVv3d"},{"path":"textures/mobblocks/fish/items/barramundi_co.png","key":"aN4pqMC8NmVEdtERuaZ4z0AmafLchMxZ"},{"path":"textures/mobblocks/fish/items/black_crappie.png","key":"xE1jPB7omd53Ak6PvSESwiM6ccmQmxrk"},{"path":"textures/mobblocks/fish/items/black_crappie_bo.png","key":"aA4agNbjxwRj0xIT3k0y9TiVRqvuIvlp"},{"path":"textures/mobblocks/fish/items/black_crappie_co.png","key":"zA5bjlNQQm1LUbAFExqo4BIjf2fk70ky"},{"path":"textures/mobblocks/fish/items/bluefin_tuna.png","key":"jP3hvpjA91amdUZlJLluQOaYcyXjSisk"},{"path":"textures/mobblocks/fish/items/bluefin_tuna_bo.png","key":"uW7nQwtSJZ4BBjpipuuWnUA3xQBRQA2m"},{"path":"textures/mobblocks/fish/items/bluefin_tuna_co.png","key":"gX6O2JUIeNx7WiCyFjdGTvJRwMLKzjfv"},{"path":"textures/mobblocks/fish/items/bluegill.png","key":"pS9GAxPL5jT63cLaOeRlvTSQeRvyubJp"},{"path":"textures/mobblocks/fish/items/bluegill_bo.png","key":"sI3ddNCBSfgq4EPG5Z0dBKkCxlArEYrR"},{"path":"textures/mobblocks/fish/items/bluegill_co.png","key":"bJ0xvSzECUJl8nl6cMwhqoa2EIpxCznF"},{"path":"textures/mobblocks/fish/items/blue_marlin.png","key":"uO1F8lFOEufkqCUPKSKwpSxf3KyPKno3"},{"path":"textures/mobblocks/fish/items/blue_marlin_bo.png","key":"eO1vzhi3BorNelRH7TzIU7eHbUF8HLNh"},{"path":"textures/mobblocks/fish/items/blue_marlin_co.png","key":"oM2BBQW1wFRAmmmbZZx7Ar3VBZngj3zs"},{"path":"textures/mobblocks/fish/items/bowfin.png","key":"xW6mPKzZovqsvmSZz33BQgLP2a1jMzpT"},{"path":"textures/mobblocks/fish/items/bowfin_bo.png","key":"oE07CziKsLwyPiK4OkseyAOP4alBpuWv"},{"path":"textures/mobblocks/fish/items/bowfin_co.png","key":"yT9obc1CmSdJWhCw4WAAz6o341ZzJVgb"},{"path":"textures/mobblocks/fish/items/bream.png","key":"gV4gP4ABM4o6MMpxt4RGRPuNLOvsygU3"},{"path":"textures/mobblocks/fish/items/bream_bo.png","key":"xQ6C7dZkbV3X9Yr0OPNv435w5uF61jBx"},{"path":"textures/mobblocks/fish/items/bream_co.png","key":"vF4ANqpC3qSZs7lnAHs4j81wVNNLaqtN"},{"path":"textures/mobblocks/fish/items/brown_trout.png","key":"uW25zdZxweScQhfP749He4Hw9nY97qPh"},{"path":"textures/mobblocks/fish/items/brown_trout_bo.png","key":"rV3IbObfmmIllRKKJEeyqRACcB43ZqhN"},{"path":"textures/mobblocks/fish/items/brown_trout_co.png","key":"iY1hN0Kh0t5Fob1qZmi43RZjIR3G4Cd1"},{"path":"textures/mobblocks/fish/items/burbot.png","key":"fF3UEQYcYumU52VGUf1E9wZHu1NKn7Vh"},{"path":"textures/mobblocks/fish/items/burbot_bo.png","key":"qN5h3kAVYiCpi87TrC0yXknHvlkA6gKC"},{"path":"textures/mobblocks/fish/items/burbot_co.png","key":"vX8NHCkB273H4rvN7CSeE41odrja1R0T"},{"path":"textures/mobblocks/fish/items/casting_net.png","key":"hJ79uotS6pVb2jU0k7OfAF8PzVKcnLnu"},{"path":"textures/mobblocks/fish/items/channel_catfish.png","key":"bN2WJohvgzAl0cmlQIhCivIvocMnKkI7"},{"path":"textures/mobblocks/fish/items/channel_catfish_bo.png","key":"eJ9aX29cm8eUVyVmBPB2IC2rYKJYU43E"},{"path":"textures/mobblocks/fish/items/channel_catfish_co.png","key":"oS26aX5KnszxJcrrgFggOP05MfmFLNni"},{"path":"textures/mobblocks/fish/items/chub.png","key":"gZ9TIuAregTM7HUscvCYdXPElFEtFpkU"},{"path":"textures/mobblocks/fish/items/chub_bo.png","key":"jH7scGKaTfQ6JQ9P6hh3O9g8LQyUIrYU"},{"path":"textures/mobblocks/fish/items/chub_co.png","key":"qO0zk0HzFMUZ8l5iHqLBneWTWf4qeH5P"},{"path":"textures/mobblocks/fish/items/cobia.png","key":"tL0Qg0IhckLUUCbPAsH1aSgHA9kYg6nY"},{"path":"textures/mobblocks/fish/items/cobia_bo.png","key":"cB3JhPUn4QOuoIOZkn9hlBYjucp47mCQ"},{"path":"textures/mobblocks/fish/items/cobia_co.png","key":"rX9UBgjN1kdXiR85qhYJfJi1s8Ed2PxU"},{"path":"textures/mobblocks/fish/items/coelacanth.png","key":"rL3HO4LKIzbQSnP852XqfKa5Caukq99l"},{"path":"textures/mobblocks/fish/items/coelacanth_bo.png","key":"hJ63tt5M0uedPO7xZ3iBptKz0sx5VCla"},{"path":"textures/mobblocks/fish/items/coelacanth_co.png","key":"iB2Snpz6wCC7eWGXcEhZkOSLxqY53lPM"},{"path":"textures/mobblocks/fish/items/common_carp.png","key":"sI2aAkSY1pF79ps2wFUEMdupiGZrubcm"},{"path":"textures/mobblocks/fish/items/common_carp_bo.png","key":"sE5tnP7aNGvysypYtwi8c5PrM0pV9ixv"},{"path":"textures/mobblocks/fish/items/common_carp_co.png","key":"fR8AUrZTqaoSOFaoaGZ1ZvVkVbksg6U0"},{"path":"textures/mobblocks/fish/items/common_molly.png","key":"lE6tVpdGX8PacfUG8OecYN8MhsOWymJ8"},{"path":"textures/mobblocks/fish/items/common_molly_bo.png","key":"oI8GPyuom27X7gX4sYRG461FOmRYs0nO"},{"path":"textures/mobblocks/fish/items/croaker.png","key":"vS5VTqJ9hibQ5Ewjbbov94vd6hVUHUX5"},{"path":"textures/mobblocks/fish/items/croaker_bo.png","key":"wZ4tUtMYBwe8Ve11uETzMvnZc2u8RCuF"},{"path":"textures/mobblocks/fish/items/croaker_co.png","key":"aT6zoK0yUcBO2QFkfrZj4xNYa1mvbmWS"},{"path":"textures/mobblocks/fish/items/crucian_carp.png","key":"cM5H2uNpXhoEkjEjTPhBHxPXxjxqEZuO"},{"path":"textures/mobblocks/fish/items/crucian_carp_bo.png","key":"zM2Hb7FS8KsH93oLMug6kkcb0fN1VtpX"},{"path":"textures/mobblocks/fish/items/crucian_carp_co.png","key":"hU1lh1kI3gf26i0OvSh463cfrjqGhw8b"},{"path":"textures/mobblocks/fish/items/custom_fish_0.png","key":"mZ7vs1gtFj1gPoFX0tOmEE9XALzz2s7t"},{"path":"textures/mobblocks/fish/items/custom_fish_2.png","key":"tV9EqUoXIxhwElZ9Y1Uz2dgncwMYJ898"},{"path":"textures/mobblocks/fish/items/custom_fish_3.png","key":"qM04R7szz4pogeWu8iYMrZQ7V2hRCPtW"},{"path":"textures/mobblocks/fish/items/custom_fish_4.png","key":"wT8GJ84QoLictMIuj9Vkjg3M6CS9SQor"},{"path":"textures/mobblocks/fish/items/custom_fish_5.png","key":"uF6BkQekHUaFm8GMuBfJWwQ01YOGmQ9Y"},{"path":"textures/mobblocks/fish/items/custom_fish_6.png","key":"dQ08KAl18WIQ2U7xdZ1CK2FpXpfP6l16"},{"path":"textures/mobblocks/fish/items/eel.png","key":"oQ9Jz8rISLE5JvxJz8wLQYA033HNYMp6"},{"path":"textures/mobblocks/fish/items/eel_bo.png","key":"tP87PtnO0H9yEPnqsUkm3qm1xwuOQUOv"},{"path":"textures/mobblocks/fish/items/eel_co.png","key":"oF7SyczB4me3ys4pVGO666wopSAcBwzF"},{"path":"textures/mobblocks/fish/items/escolar.png","key":"uK71lBXBm07d22HEPoTzrCImFhYnw7Xk"},{"path":"textures/mobblocks/fish/items/escolar_bo.png","key":"dI9qiboLmnGAn7GfYJAX6E6TJR9oeNBp"},{"path":"textures/mobblocks/fish/items/escolar_co.png","key":"vB8s5JyBU3eCVzC1hfK8rNU9SY0uSLSq"},{"path":"textures/mobblocks/fish/items/explainer_book.png","key":"wV342pSXOpbQq3Ra9V0jStYxOcjFUEt6"},{"path":"textures/mobblocks/fish/items/goby.png","key":"kY1h8658jmLNyJWUQOILfsBZwGU7ZiIO"},{"path":"textures/mobblocks/fish/items/goby_bo.png","key":"rJ0FmPzH41c4wBVZsmwMp4U41jItMV0m"},{"path":"textures/mobblocks/fish/items/goby_co.png","key":"cP9XIWpO7R6IKzSWcCGNE0i2ytYoMiMM"},{"path":"textures/mobblocks/fish/items/goldfish.png","key":"xZ5J2Mf2Kn9ZGsmdIgtsIktrR5m4tWBv"},{"path":"textures/mobblocks/fish/items/goldfish_bo.png","key":"iG0J4dtCrhzL35ZjlVQ7015kXukqqXCA"},{"path":"textures/mobblocks/fish/items/grass_carp.png","key":"rS1mpiLIHrq2yPrB4somgzJ3FOBN502w"},{"path":"textures/mobblocks/fish/items/grass_carp_bo.png","key":"pK8SfLtxUw2Swby5qAdKlwBlmdcIfg5l"},{"path":"textures/mobblocks/fish/items/grass_carp_co.png","key":"eK5qUbT66UY7KZLpF6SCf4UBRI22TyFQ"},{"path":"textures/mobblocks/fish/items/grayling.png","key":"jZ4fRGYcEZfCf07jWhYmmpjhg7wc6yIy"},{"path":"textures/mobblocks/fish/items/grayling_bo.png","key":"eN5m9L8ulsgWMG2pt34XemvNQx2jYATC"},{"path":"textures/mobblocks/fish/items/grayling_co.png","key":"bH6utaFO1bBJ2xQMR7oC8P5TNz7Sqg5f"},{"path":"textures/mobblocks/fish/items/grouper.png","key":"nG3e5O2dhq7BWYwCAsLnQvpzKkFVuviy"},{"path":"textures/mobblocks/fish/items/grouper_bo.png","key":"fS9RjxfLnORCHSfNfNYUG0cpa36ke0I8"},{"path":"textures/mobblocks/fish/items/grouper_co.png","key":"gF6SAaVweWnQXqMaIlYICCZtOu41Ql4x"},{"path":"textures/mobblocks/fish/items/gudgeon.png","key":"vA4yGTdU82TyFxhLnvXIoG1CJ1w8f45t"},{"path":"textures/mobblocks/fish/items/gudgeon_bo.png","key":"aZ2TlT33sdvo8va9EfTbv8k79wz4eAay"},{"path":"textures/mobblocks/fish/items/guppy.png","key":"mY7yfsjxE5X7j8VcZhVsrdYHevzHImI1"},{"path":"textures/mobblocks/fish/items/guppy_bo.png","key":"bK2bjmObHnTRJwn6XjurEp5tANgcNptP"},{"path":"textures/mobblocks/fish/items/haddock.png","key":"mX9Lpnr529lcMk0EJngZqbUjJnLhoZfe"},{"path":"textures/mobblocks/fish/items/haddock_bo.png","key":"nQ3G19F9deeGfbYHVWCHSrcm27RCzS23"},{"path":"textures/mobblocks/fish/items/haddock_co.png","key":"qB1W6FY9gamLNBPZGO3sGMGW10I79JKo"},{"path":"textures/mobblocks/fish/items/halibut.png","key":"sH83f4aCH9H31zKvB0JPLobpSHxvPQB5"},{"path":"textures/mobblocks/fish/items/halibut_bo.png","key":"yZ5hApQKuNilnjQrepB376hHsStbT3au"},{"path":"textures/mobblocks/fish/items/halibut_co.png","key":"qR2cIJrVxrZgZOmIzz75CftXy6jSl6ZR"},{"path":"textures/mobblocks/fish/items/herring.png","key":"eJ9gQpu87EOHuy3wMsztlkEr4U5Os7za"},{"path":"textures/mobblocks/fish/items/herring_bo.png","key":"kH8VQOmXpuyXWBp7sL01bhZ78Ikwm64p"},{"path":"textures/mobblocks/fish/items/herring_co.png","key":"kH0qdRsUN7dsoaNz9677MU9okkb1R63e"},{"path":"textures/mobblocks/fish/items/large_mouth_bass.png","key":"eG2sdxGt8W3VbKqhSaXhQuZegliVfgya"},{"path":"textures/mobblocks/fish/items/large_mouth_bass_bo.png","key":"oE5jmb9veZdhvrObjNXgej0v4eplg4Al"},{"path":"textures/mobblocks/fish/items/large_mouth_bass_co.png","key":"hW0S29KMzxj95P4y1pksas1fhrLz8zV9"},{"path":"textures/mobblocks/fish/items/lingcod.png","key":"jX7mt6fA1hntbqHOUikegCbOOsAZsb2R"},{"path":"textures/mobblocks/fish/items/lingcod_bo.png","key":"hS73ymEFEzq5phCuhwfFK6AKixGPBVrH"},{"path":"textures/mobblocks/fish/items/lingcod_co.png","key":"kO8Hi83QvTRn1tdKGEZEgRiNAKoaqHuH"},{"path":"textures/mobblocks/fish/items/lionfish.png","key":"jW0dU30M0ln386RzKynOEpouqSIQ29Ov"},{"path":"textures/mobblocks/fish/items/lionfish_bo.png","key":"vJ8QaVN0x0azZTgoCWLixPPluIROWUXp"},{"path":"textures/mobblocks/fish/items/mackerel.png","key":"dX1jxkEfNnKEUYmry09AltkSM1TOnhFH"},{"path":"textures/mobblocks/fish/items/mackerel_bo.png","key":"vM3ExUkgBEsaUfBeQUMEkFBe9E4JiTIC"},{"path":"textures/mobblocks/fish/items/mackerel_co.png","key":"vM3KtdaBEUv7rerIf1IbbG5UI16vvpWV"},{"path":"textures/mobblocks/fish/items/mahi_mahi.png","key":"pB18MtEy5z2T4LznlKRLmYA2I27bMd7w"},{"path":"textures/mobblocks/fish/items/mahi_mahi_bo.png","key":"dH0xqSlQWzeb45QfUGElljs9WbzJWJPt"},{"path":"textures/mobblocks/fish/items/mahi_mahi_co.png","key":"oJ1Oy5q5kyyBAKqipEEQqQwWvXaby4qy"},{"path":"textures/mobblocks/fish/items/milkfish.png","key":"qM06BtFxwG8OFgkqHpaMkWzKW4EQR09z"},{"path":"textures/mobblocks/fish/items/milkfish_bo.png","key":"wI4sqrkwak92oIyAe8IJZ6vO62GYJKkt"},{"path":"textures/mobblocks/fish/items/milkfish_co.png","key":"sT2qWrA3FTjYiquEa04emeNSUk5dU0p7"},{"path":"textures/mobblocks/fish/items/minnow.png","key":"pQ8XU542vsR2c1yQ5C529TJkLHOjIVTP"},{"path":"textures/mobblocks/fish/items/minnow_bo.png","key":"gZ2HVjjWQOCSRn04aeslrBnq90kQjTNU"},{"path":"textures/mobblocks/fish/items/monkfish.png","key":"vR6SthzONglpnwVyNcSXu9KqOxi5VbTF"},{"path":"textures/mobblocks/fish/items/monkfish_bo.png","key":"qJ4hpP2LRUKN45YfLkb88pvJF9NwYJo7"},{"path":"textures/mobblocks/fish/items/monkfish_co.png","key":"tT8qiIa7oUhzaOS9qoMJUgYg5J5ZNugN"},{"path":"textures/mobblocks/fish/items/nile_perch.png","key":"kI4t3yqzTR1Ueahg693WSwG9ZoA6nILX"},{"path":"textures/mobblocks/fish/items/nile_perch_bo.png","key":"mV4AzaP2L5TOuGugc4e5SS3vQXUVVTLp"},{"path":"textures/mobblocks/fish/items/nile_perch_co.png","key":"iA9oUF8IYm5GfCE1aFFGjveBkTEkc7Kc"},{"path":"textures/mobblocks/fish/items/northern_pike.png","key":"bT6HdilJtO8owEB9qrPlnxbvZkczQolU"},{"path":"textures/mobblocks/fish/items/northern_pike_bo.png","key":"mJ2sgdRfEgz7ILmcUyR7pxYFRLs0zwIZ"},{"path":"textures/mobblocks/fish/items/northern_pike_co.png","key":"gK2PnWSIrwe8xs8sNfgvhk39azNEfWmi"},{"path":"textures/mobblocks/fish/items/opah.png","key":"aJ6v5R3PqUJbJgwuSeXPxzhpBLpU3qBR"},{"path":"textures/mobblocks/fish/items/opah_bo.png","key":"kN2vPyaMaXX4Koeg1I2HMYNyT7TPYlWP"},{"path":"textures/mobblocks/fish/items/opah_co.png","key":"rH4uZZkBKL9RaayMTmkxKt2CLulmd4l8"},{"path":"textures/mobblocks/fish/items/oscar.png","key":"tK95C4GqtNUPxc9TiO4N1urbc0Ooo1qK"},{"path":"textures/mobblocks/fish/items/oscar_bo.png","key":"nU6jsTLWNgUZEEmZFLrR686PSRx57ncv"},{"path":"textures/mobblocks/fish/items/oscar_co.png","key":"tS0LWLZPRbmV73htJGYll6VA41LgE2fu"},{"path":"textures/mobblocks/fish/items/patagonian_toothfish.png","key":"dP24bMHIYHk1VUhYYnWEIMrYUm17u8YQ"},{"path":"textures/mobblocks/fish/items/patagonian_toothfish_bo.png","key":"aW70iJ545xJXAEeb6Aqpy04bKbYnhJ7L"},{"path":"textures/mobblocks/fish/items/patagonian_toothfish_co.png","key":"bH1mEU39VZ3ZpUbm2Z5igEcAj2RIfAN2"},{"path":"textures/mobblocks/fish/items/perch.png","key":"rP10pjd08kjhTbrOvEry7eQpEl4s7Fbe"},{"path":"textures/mobblocks/fish/items/perch_bo.png","key":"aQ5Qw0OZC9zIHyGPi3HdCfB1OAUr87EK"},{"path":"textures/mobblocks/fish/items/perch_co.png","key":"rZ0yOkmaGlBit3ykuOig0pE9aBCNlrJH"},{"path":"textures/mobblocks/fish/items/piranha.png","key":"eO0dvJJGrsulyXcwtqLCGRT0LT13rfp2"},{"path":"textures/mobblocks/fish/items/piranha_bo.png","key":"gM0EfPbc7hasoYPlLv6BZS7RSU4iLTtN"},{"path":"textures/mobblocks/fish/items/piranha_co.png","key":"gA2I4CibBNVkMxvEvCcXxPlCSO3x4MtL"},{"path":"textures/mobblocks/fish/items/pollock.png","key":"yW3x1B8SzzxhPLEqh9Wxu1ylXg6cod4p"},{"path":"textures/mobblocks/fish/items/pollock_bo.png","key":"rW9PEAEbVCQNyOMGJY1qMFYt1Wtv7x83"},{"path":"textures/mobblocks/fish/items/pollock_co.png","key":"rQ4djWZFOkg8HUTLvnWgVJXM2LUsARdU"},{"path":"textures/mobblocks/fish/items/pompano.png","key":"hQ5sRhMhGAjLNM3oqSTgUYN2Aeto0tqX"},{"path":"textures/mobblocks/fish/items/pompano_bo.png","key":"iS6cOx9mCOp2wGyuiCCnJvQzuHFn1jKj"},{"path":"textures/mobblocks/fish/items/pompano_co.png","key":"pP2rFh1jpgigTanZqlQelJ8dpToPqqvI"},{"path":"textures/mobblocks/fish/items/pumkinseed.png","key":"aR1g7TSUmmegIQi93YgvtZjBlVdI3ULH"},{"path":"textures/mobblocks/fish/items/pumkinseed_bo.png","key":"uZ8g7nfU4TcIZ6gPx3pYHnfwUjhLF2to"},{"path":"textures/mobblocks/fish/items/pumkinseed_co.png","key":"tH4d7X8RYcxmu5RL0QHZTk1pBlLsw4Lp"},{"path":"textures/mobblocks/fish/items/rainbow_trout.png","key":"eI0inWKBLzCPv7Hhn66C4LwyvjiH4fZe"},{"path":"textures/mobblocks/fish/items/rainbow_trout_bo.png","key":"cK7O5iBPhESbY3GxXQViV6I2wClQxCHI"},{"path":"textures/mobblocks/fish/items/rainbow_trout_co.png","key":"kP1g7Tpf67pPrZgIbxny3dAhVkLZAaUK"},{"path":"textures/mobblocks/fish/items/red_drum.png","key":"yZ9l3ixZ2ZBinqaz5UppmTNmGVIE7ZRG"},{"path":"textures/mobblocks/fish/items/red_drum_bo.png","key":"bW18BjLxZwCaaImxLG2rNipGOwgnC2pI"},{"path":"textures/mobblocks/fish/items/red_drum_co.png","key":"cL4QMW4zNTxFsFpvSMdEUjdIuIcmhs2p"},{"path":"textures/mobblocks/fish/items/red_snapper.png","key":"wC3ZOW8n6xG17fy96FNFt6qURcpvHe9n"},{"path":"textures/mobblocks/fish/items/red_snapper_bo.png","key":"hP9G6JQ4JLQ5rCHd1GdLSfJu6952hvPe"},{"path":"textures/mobblocks/fish/items/red_snapper_co.png","key":"rJ9etl032QoyYgi3oFwo4I8P3W7wyaIq"},{"path":"textures/mobblocks/fish/items/roach.png","key":"yY6pokdsveSrUz6vuO6Mas3L0nUAeBrj"},{"path":"textures/mobblocks/fish/items/roach_bo.png","key":"tV2kpbbUFUbTE3R1XfEXK1PRJescmaUX"},{"path":"textures/mobblocks/fish/items/roach_co.png","key":"dW9J2tEp2mNdGgLuAVHL07kW9WY1MagA"},{"path":"textures/mobblocks/fish/items/roosterfish.png","key":"qX2XGj3xOLpX8rISBN6OgfXOSNiU7djo"},{"path":"textures/mobblocks/fish/items/roosterfish_bo.png","key":"rI7ZOKyonF1StdLvt6V05ypSLY2sTHlN"},{"path":"textures/mobblocks/fish/items/roosterfish_co.png","key":"qZ4nLcmkksOMjaUIrBwC3UvmEFtS6TjG"},{"path":"textures/mobblocks/fish/items/rudd.png","key":"eX7nFEVFHdxIWw8U1gMTXPpFZ0pa6Kg2"},{"path":"textures/mobblocks/fish/items/rudd_bo.png","key":"xW7n20gdIIFEsX8i0I30ck0iJ79Esgnq"},{"path":"textures/mobblocks/fish/items/rudd_co.png","key":"bC6nb8hZcKJjB7a6LBzmGLpXpFNCiuu0"},{"path":"textures/mobblocks/fish/items/sailfish.png","key":"uS1ghVr69oYoLZBMGL0Ox3slSt5jT6KQ"},{"path":"textures/mobblocks/fish/items/sailfish_bo.png","key":"gJ5UvZz4pptnjAkzWnTbFN4dfktIskH3"},{"path":"textures/mobblocks/fish/items/sailfish_co.png","key":"zY1NJxp03APkf63nP898Z26ojNPxLkX8"},{"path":"textures/mobblocks/fish/items/sardine.png","key":"aU698cSKQQEWzlVYRew2N7Mg017KJUjA"},{"path":"textures/mobblocks/fish/items/sardine_bo.png","key":"aH1tNx0gQLe6roP86qZKTfcc3IWUARzl"},{"path":"textures/mobblocks/fish/items/sardine_co.png","key":"sL9voOoaFpArC8IlXXPw3ZPSP9jzLCEH"},{"path":"textures/mobblocks/fish/items/sea_bass.png","key":"sE5tbG4Bvs81bSRUWw8Y5vCUfSV3QgCI"},{"path":"textures/mobblocks/fish/items/sea_bass_bo.png","key":"rA23r1qb5Y66Pp3vjyLX23RzSRlstYy4"},{"path":"textures/mobblocks/fish/items/sea_bass_co.png","key":"aE4GHI96IyWJp4zKPmdoSQ0xZvlJ5dXg"},{"path":"textures/mobblocks/fish/items/skipjack_tuna.png","key":"yM9pYims7ekYfbBGmd8gkr3YodUE6Bze"},{"path":"textures/mobblocks/fish/items/skipjack_tuna_bo.png","key":"vU0UC9NmmU98PnrYVRcFhFaqnVhUr3yi"},{"path":"textures/mobblocks/fish/items/skipjack_tuna_co.png","key":"bI68Mway86fGcH2sQw8tBOgU3NCz47cN"},{"path":"textures/mobblocks/fish/items/snapper.png","key":"gG706mJXBZv4qorNvXTZFyhcaCOFXSYt"},{"path":"textures/mobblocks/fish/items/snapper_bo.png","key":"rO0aLHTMihNoEjf7ZtTNzPkjM5r2yQKj"},{"path":"textures/mobblocks/fish/items/snapper_co.png","key":"sR4LUk7l99a8VKa6dJd4nYtnSRBnE1Ca"},{"path":"textures/mobblocks/fish/items/stickleback.png","key":"qR2oIqVRhj7Jmymw0fVYodCTgR3Rw80j"},{"path":"textures/mobblocks/fish/items/stickleback_bo.png","key":"yK45hYNHpMvBtLPhNUfybxpjW0XGAxx6"},{"path":"textures/mobblocks/fish/items/striped_bass.png","key":"tH06tzluTzaQjI9IuqQjCQ77YxQt1jkB"},{"path":"textures/mobblocks/fish/items/striped_bass_bo.png","key":"aZ5oBTIHEzewkAaidl1Y4Hpzpqq0cb9A"},{"path":"textures/mobblocks/fish/items/striped_bass_co.png","key":"xB8ktjjzTWfrdSTqQaVSuJNOpNULuclA"},{"path":"textures/mobblocks/fish/items/sturgeon.png","key":"sW7n6IeEdmI2s3s3jFj4aSoHNJhYHAhw"},{"path":"textures/mobblocks/fish/items/sturgeon_bo.png","key":"tZ2RmJlghOqJMpYSeJRsfAX0VtshlYS7"},{"path":"textures/mobblocks/fish/items/sturgeon_co.png","key":"gK6AxV0mzAKJQmmR0XBRKghnavTUvXq3"},{"path":"textures/mobblocks/fish/items/swordfish.png","key":"fB2NPGOr7ZBIdyt7Yk7Zs1h6SdoxmF88"},{"path":"textures/mobblocks/fish/items/swordfish_bo.png","key":"xL6vv1olVlGPslwtcPgQTW4eMB4mUPIg"},{"path":"textures/mobblocks/fish/items/swordfish_co.png","key":"iW4uZi1uhBy9Q1nKYj7O74tEIcBCgF8W"},{"path":"textures/mobblocks/fish/items/tarpon.png","key":"iE63fGvPeSZcTOuTHMWdbsq1K3Fawsx1"},{"path":"textures/mobblocks/fish/items/tarpon_bo.png","key":"hH1oafcn5w4N1cqUxG8FIXYCCSu2cdCN"},{"path":"textures/mobblocks/fish/items/tarpon_co.png","key":"jP2bWIeFjFFaVWMQHWSnzJKbU21PQG1T"},{"path":"textures/mobblocks/fish/items/tench.png","key":"nV03qrEHhxduAiAK3io0v6B9On5a5ihv"},{"path":"textures/mobblocks/fish/items/tench_bo.png","key":"qT8UlqB5C5gssTlurV9GuNYK3Ag2k4aB"},{"path":"textures/mobblocks/fish/items/tench_co.png","key":"iX9PR3ngZSwyRv6v9t1gZIXtskMjg9KG"},{"path":"textures/mobblocks/fish/items/tilapia.png","key":"fB0EG4tEJkWyvASmuEasGBxH9JSoPWyO"},{"path":"textures/mobblocks/fish/items/tilapia_bo.png","key":"fJ0NCdRXjAke4C8dabH4NHcKX2TB6F7a"},{"path":"textures/mobblocks/fish/items/tilapia_co.png","key":"nJ0ySkSqmjO1lW8sNtG8wEBXN3wuJRqR"},{"path":"textures/mobblocks/fish/items/tilefish.png","key":"gX0PdFfmXQCbFbNJ3ykRREPSeBj6hujA"},{"path":"textures/mobblocks/fish/items/tilefish_bo.png","key":"nG99TjJOKr7mBz4YxMxI19ZNdZ75vwEr"},{"path":"textures/mobblocks/fish/items/tilefish_co.png","key":"xQ2Sk3U9QfL36bETETtq5M6Zsp7SWvTG"},{"path":"textures/mobblocks/fish/items/wahoo.png","key":"zV1BAbrhG2oT8UOQfsKWz0yHAtcAwtTf"},{"path":"textures/mobblocks/fish/items/wahoo_bo.png","key":"lZ3jozo184NKlMVd4Rct7EU5eAerlMof"},{"path":"textures/mobblocks/fish/items/wahoo_co.png","key":"dB33QOPqj7tPPJEVGPpt61E5p1R5rcIb"},{"path":"textures/mobblocks/fish/items/walleye.png","key":"tQ8MCB9rxeMuTUgSBBf1iA5Wfvf1gkl3"},{"path":"textures/mobblocks/fish/items/walleye_bo.png","key":"mP0xdUBsaNcpHdOX6KrovB93jMzYMUVG"},{"path":"textures/mobblocks/fish/items/walleye_co.png","key":"aP9xV7GwmtM548n3cfCIBGzdxYgTKcHX"},{"path":"textures/mobblocks/fish/items/whitefish.png","key":"zH0jPBrLeurvHz1wFFUym6r8Ol1qGY99"},{"path":"textures/mobblocks/fish/items/whitefish_bo.png","key":"uW8yeEuOZQv5O2eQRVKpFGnzwus5lvf0"},{"path":"textures/mobblocks/fish/items/whitefish_co.png","key":"jR6hewB23NfmPgzh5PCxt3KeIdgUXYzA"},{"path":"textures/mobblocks/fish/items/white_bass.png","key":"kY56rgLLE8Je5kSbZC8Q8OmqbVmbJUlJ"},{"path":"textures/mobblocks/fish/items/white_bass_bo.png","key":"eK94q2XOsZPAywMbeso3WUQ7OojdSfb4"},{"path":"textures/mobblocks/fish/items/white_bass_co.png","key":"eZ5AlUCGVabwTOqKhrq2q3ffoQAAzIZ0"},{"path":"textures/mobblocks/fish/items/yellowfin_tuna.png","key":"vG7UfKgtTMLYWTzAMRafPIv7WBp2OIbe"},{"path":"textures/mobblocks/fish/items/yellowfin_tuna_bo.png","key":"uY896razf7qrU266BLE0dzwpjLda4tby"},{"path":"textures/mobblocks/fish/items/yellowfin_tuna_co.png","key":"lG19AYZwFI68fy6yUtRMnLH9sVASuK2f"},{"path":"textures/mobblocks/fish/items/zander.png","key":"nG7sRuNx9KO1WoPoXw23rV19ewHxkldX"},{"path":"textures/mobblocks/fish/items/zander_bo.png","key":"tL9PMGoJ0xwAK33Qnpxj11JLCzFhOkoA"},{"path":"textures/mobblocks/fish/items/zander_co.png","key":"xV2MumuaL7cVCsP266uWur1OwyrsI05H"},{"path":"textures/textures_list.json","key":"cJ5w4wHF0pm3JNdV1UCng3Twe1B0Bw9U"},{"path":"signatures.json","key":"jQ42oSQUvFwIZw1RA7nba7tkJ07nF99e"},{"path":"animations/attachables/"},{"path":"animations/"},{"path":"animation_controllers/"},{"path":"attachables/"},{"path":"entity/"},{"path":"models/entity/"},{"path":"models/entity/attachable/"},{"path":"render_controllers/"},{"path":"texts/"},{"path":"textures/"},{"path":"textures/mobblocks/fish/entity/"},{"path":"textures/mobblocks/fish/entity/attachable/"},{"path":"textures/mobblocks/fish/entity/book/"},{"path":"textures/mobblocks/fish/items/"}]}