{
	"format_version": "1.12.0",
	"minecraft:geometry": [
		{
			"description": {
				"identifier": "geometry.pod_farm.blender",
				"texture_width": 64,
				"texture_height": 64,
				"visible_bounds_width": 2,
				"visible_bounds_height": 2.5,
				"visible_bounds_offset": [0, 0.75, 0]
			},
			"bones": [
				{
					"name": "bb_main",
					"pivot": [0, 0, 0],
					"cubes": [
						{
							"origin": [-2, 16, -1],
							"size": [4, 1, 2],
							"uv": {
								"north": {"uv": [10, 10], "uv_size": [4, 1]},
								"east": {"uv": [10, 5], "uv_size": [2, 1]},
								"south": {"uv": [10, 10], "uv_size": [4, 1]},
								"west": {"uv": [10, 5], "uv_size": [2, 1]},
								"up": {"uv": [10, 10], "uv_size": [-4, -2]},
								"down": {"uv": [14, 12], "uv_size": [-4, -2]}
							}
						}
					]
				},
				{
					"name": "main",
					"pivot": [0, 0, 0],
					"cubes": [
						{
							"origin": [-4, 5, -4],
							"size": [8, 9, 8],
							"uv": {
								"north": {"uv": [56, 0], "uv_size": [8, 9]},
								"east": {"uv": [64, 0], "uv_size": [-8, 9]},
								"south": {"uv": [56, 0], "uv_size": [8, 9]},
								"west": {"uv": [64, 0], "uv_size": [-8, 9]},
								"up": {"uv": [10, 18], "uv_size": [8, 8]},
								"down": {"uv": [18, 26], "uv_size": [8, -8]}
							}
						},
						{
							"origin": [-5, 14, -5],
							"size": [10, 2, 10],
							"uv": {
								"north": {"uv": [36, 0], "uv_size": [10, 2]},
								"east": {"uv": [36, 0], "uv_size": [10, 2]},
								"south": {"uv": [36, 0], "uv_size": [10, 2]},
								"west": {"uv": [36, 0], "uv_size": [10, 2]},
								"up": {"uv": [0, 20], "uv_size": [10, 10]},
								"down": {"uv": [26, 10], "uv_size": [10, -10]}
							}
						},
						{
							"origin": [-5, 0, -5],
							"size": [10, 5, 10],
							"uv": {
								"north": {"uv": [10, 5], "uv_size": [10, 5]},
								"east": {"uv": [10, 0], "uv_size": [10, 5]},
								"south": {"uv": [10, 0], "uv_size": [10, 5]},
								"west": {"uv": [10, 0], "uv_size": [10, 5]},
								"up": {"uv": [0, 0], "uv_size": [10, 10]},
								"down": {"uv": [0, 20], "uv_size": [10, -10]}
							}
						},
						{
							"origin": [-3, 5.5, -3],
							"size": [6, 0, 6],
							"uv": {
								"north": {"uv": [0, 0], "uv_size": [6, 0]},
								"east": {"uv": [0, 0], "uv_size": [6, 0]},
								"south": {"uv": [0, 0], "uv_size": [6, 0]},
								"west": {"uv": [0, 0], "uv_size": [6, 0]},
								"up": {"uv": [26, 6], "uv_size": [-6, -6]},
								"down": {"uv": [26, 12], "uv_size": [-6, -6]}
							}
						},
						{
							"origin": [-2, 0, -5.25],
							"size": [4, 4, 0],
							"uv": {
								"north": {"uv": [13, 6], "uv_size": [4, 4]},
								"east": {"uv": [0, 0], "uv_size": [0, 4]},
								"south": {"uv": [13, 10], "uv_size": [4, 4]},
								"west": {"uv": [0, 0], "uv_size": [0, 4]},
								"up": {"uv": [4, 0], "uv_size": [-4, 0]},
								"down": {"uv": [4, 0], "uv_size": [-4, 0]}
							}
						},
						{
							"origin": [-1, 1, -5.5],
							"size": [2, 2, 0],
							"uv": {
								"north": {"uv": [14, 7], "uv_size": [2, 2]},
								"east": {"uv": [0, 0], "uv_size": [0, 2]},
								"south": {"uv": [14, 11], "uv_size": [2, 2]},
								"west": {"uv": [0, 0], "uv_size": [0, 2]},
								"up": {"uv": [16, 7], "uv_size": [-2, 0]},
								"down": {"uv": [16, 7], "uv_size": [-2, 0]}
							}
						}
					]
				}
			]
		}
	]
}