{
  "format_version": "1.12.0",
  "minecraft:geometry": [
    {
      "description": {
        "identifier": "geometry.pod_farm.cup",
        "texture_width": 16,
        "texture_height": 16,
        "visible_bounds_width": 2,
        "visible_bounds_height": 1.5,
        "visible_bounds_offset": [0, 0.25, 0]
      },
      "bones": [
        {
          "name": "cup_of_hot_chocolate",
          "pivot": [4, 0, 0],
          "cubes": [
            {
              "origin": [-2, 0, -2],
              "size": [4, 6, 4],
              "uv": {
                "north": { "uv": [0, 0], "uv_size": [4, 6] },
                "east": { "uv": [0, 0], "uv_size": [4, 6] },
                "south": { "uv": [0, 0], "uv_size": [4, 6] },
                "west": { "uv": [0, 0], "uv_size": [4, 6] },
                "up": { "uv": [0, 12], "uv_size": [4, 4] },
                "down": { "uv": [4, 4], "uv_size": [4, -4] }
              }
            },
            {
              "origin": [-2, 5, -2],
              "size": [4, 0, 4],
              "uv": {
                "north": { "uv": [0, 0], "uv_size": [4, 0] },
                "east": { "uv": [0, 0], "uv_size": [4, 0] },
                "south": { "uv": [0, 0], "uv_size": [4, 0] },
                "west": { "uv": [0, 0], "uv_size": [4, 0] },
                "up": { "uv": [12, 12], "uv_size": [4, 4] },
                "down": { "uv": [0, 16], "uv_size": [4, -4] }
              }
            },
            {
              "origin": [2, 1, -1],
              "size": [2, 4, 2],
              "uv": {
                "north": { "uv": [8, 0], "uv_size": [2, 4] },
                "east": { "uv": [0, 12], "uv_size": [2, 4] },
                "south": { "uv": [12, 0], "uv_size": [2, 4] },
                "west": { "uv": [10, 0], "uv_size": [2, 4] },
                "up": { "uv": [6, 4], "uv_size": [2, 2] },
                "down": { "uv": [4, 6], "uv_size": [2, -2] }
              }
            }
          ]
        },
        {
          "name": "cup_of_coffee",
          "pivot": [4, 0, 0],
          "cubes": [
            {
              "origin": [-2, 0, -2],
              "size": [4, 6, 4],
              "uv": {
                "north": { "uv": [0, 0], "uv_size": [4, 6] },
                "east": { "uv": [0, 0], "uv_size": [4, 6] },
                "south": { "uv": [0, 0], "uv_size": [4, 6] },
                "west": { "uv": [0, 0], "uv_size": [4, 6] },
                "up": { "uv": [0, 12], "uv_size": [4, 4] },
                "down": { "uv": [4, 4], "uv_size": [4, -4] }
              }
            },
            {
              "origin": [-2, 5, -2],
              "size": [4, 0, 4],
              "uv": {
                "north": { "uv": [0, 0], "uv_size": [4, 0] },
                "east": { "uv": [0, 0], "uv_size": [4, 0] },
                "south": { "uv": [0, 0], "uv_size": [4, 0] },
                "west": { "uv": [0, 0], "uv_size": [4, 0] },
                "up": { "uv": [8, 12], "uv_size": [4, 4] },
                "down": { "uv": [0, 16], "uv_size": [4, -4] }
              }
            },
            {
              "origin": [2, 1, -1],
              "size": [2, 4, 2],
              "uv": {
                "north": { "uv": [8, 0], "uv_size": [2, 4] },
                "east": { "uv": [0, 12], "uv_size": [2, 4] },
                "south": { "uv": [12, 0], "uv_size": [2, 4] },
                "west": { "uv": [10, 0], "uv_size": [2, 4] },
                "up": { "uv": [6, 4], "uv_size": [2, 2] },
                "down": { "uv": [4, 6], "uv_size": [2, -2] }
              }
            }
          ]
        },
        {
          "name": "cup_of_tea",
          "pivot": [4, 0, 0],
          "cubes": [
            {
              "origin": [-2, 0, -2],
              "size": [4, 4, 4],
              "uv": {
                "north": { "uv": [0, 0], "uv_size": [4, 4] },
                "east": { "uv": [0, 0], "uv_size": [4, 4] },
                "south": { "uv": [0, 0], "uv_size": [4, 4] },
                "west": { "uv": [0, 0], "uv_size": [4, 4] },
                "up": { "uv": [0, 12], "uv_size": [4, 4] },
                "down": { "uv": [4, 4], "uv_size": [4, -4] }
              }
            },
            {
              "origin": [-2, 3, -2],
              "size": [4, 0, 4],
              "uv": {
                "north": { "uv": [0, 0], "uv_size": [4, 0] },
                "east": { "uv": [0, 0], "uv_size": [4, 0] },
                "south": { "uv": [0, 0], "uv_size": [4, 0] },
                "west": { "uv": [0, 0], "uv_size": [4, 0] },
                "up": { "uv": [12, 8], "uv_size": [4, 4] },
                "down": { "uv": [0, 16], "uv_size": [4, -4] }
              }
            },
            {
              "origin": [2, 0, -1],
              "size": [2, 4, 2],
              "uv": {
                "north": { "uv": [8, 0], "uv_size": [2, 4] },
                "east": { "uv": [0, 12], "uv_size": [2, 4] },
                "south": { "uv": [12, 0], "uv_size": [2, 4] },
                "west": { "uv": [10, 0], "uv_size": [2, 4] },
                "up": { "uv": [6, 4], "uv_size": [2, 2] },
                "down": { "uv": [4, 6], "uv_size": [2, -2] }
              }
            }
          ]
        },
        {
          "name": "cup_of_ginger_tea",
          "pivot": [4, 0, 0],
          "cubes": [
            {
              "origin": [-2, 0, -2],
              "size": [4, 4, 4],
              "uv": {
                "north": { "uv": [0, 0], "uv_size": [4, 4] },
                "east": { "uv": [0, 0], "uv_size": [4, 4] },
                "south": { "uv": [0, 0], "uv_size": [4, 4] },
                "west": { "uv": [0, 0], "uv_size": [4, 4] },
                "up": { "uv": [0, 12], "uv_size": [4, 4] },
                "down": { "uv": [4, 4], "uv_size": [4, -4] }
              }
            },
            {
              "origin": [-2, 3, -2],
              "size": [4, 0, 4],
              "uv": {
                "north": { "uv": [0, 0], "uv_size": [4, 0] },
                "east": { "uv": [0, 0], "uv_size": [4, 0] },
                "south": { "uv": [0, 0], "uv_size": [4, 0] },
                "west": { "uv": [0, 0], "uv_size": [4, 0] },
                "up": { "uv": [8, 8], "uv_size": [4, 4] },
                "down": { "uv": [0, 16], "uv_size": [4, -4] }
              }
            },
            {
              "origin": [2, 0, -1],
              "size": [2, 4, 2],
              "uv": {
                "north": { "uv": [8, 0], "uv_size": [2, 4] },
                "east": { "uv": [0, 12], "uv_size": [2, 4] },
                "south": { "uv": [12, 0], "uv_size": [2, 4] },
                "west": { "uv": [10, 0], "uv_size": [2, 4] },
                "up": { "uv": [6, 4], "uv_size": [2, 2] },
                "down": { "uv": [4, 6], "uv_size": [2, -2] }
              }
            }
          ]
        }
      ]
    }
  ]
}
