{
	"format_version": "1.12.0",
	"minecraft:geometry": [
		{
			"description": {
				"identifier": "geometry.pod_farm.drink_glass",
				"texture_width": 64,
				"texture_height": 64,
				"visible_bounds_width": 2,
				"visible_bounds_height": 2.5,
				"visible_bounds_offset": [0, 0.75, 0]
			},
			"bones": [
				{
					"name": "bone",
					"pivot": [0, 0, 0],
					"cubes": [
						{
							"origin": [-2, 0.1, -2],
							"size": [4, 9, 4],
							"inflate": 0.1,
							"uv": {
								"north": {"uv": [0, 0], "uv_size": [4, 9]},
								"east": {"uv": [4, 0], "uv_size": [-4, 9]},
								"south": {"uv": [0, 0], "uv_size": [4, 9]},
								"west": {"uv": [4, 0], "uv_size": [-4, 9]},
								"up": {"uv": [60, 60], "uv_size": [4, 4]},
								"down": {"uv": [4, 4], "uv_size": [4, -4]}
							}
						}
					]
				},
				{
					"name": "juice",
					"parent": "bone",
					"pivot": [0, 0.275, 0]
				},
				{
					"name": "apple_juice",
					"parent": "juice",
					"pivot": [0, 0.275, 0],
					"cubes": [
						{
							"origin": [-2, 0.25, -2],
							"size": [4, 7, 4],
							"uv": {
								"north": {"uv": [0, 11], "uv_size": [4, 7]},
								"east": {"uv": [4, 11], "uv_size": [-4, 7]},
								"south": {"uv": [0, 11], "uv_size": [4, 7]},
								"west": {"uv": [4, 11], "uv_size": [-4, 7]},
								"up": {"uv": [0, 11], "uv_size": [4, 4]},
								"down": {"uv": [0, 15], "uv_size": [4, -4]}
							}
						}
					]
				},
				{
					"name": "pear_juice",
					"parent": "juice",
					"pivot": [0, 0.275, 0],
					"cubes": [
						{
							"origin": [-2, 0.25, -2],
							"size": [4, 7, 4],
							"uv": {
								"north": {"uv": [0, 18], "uv_size": [4, 7]},
								"east": {"uv": [4, 18], "uv_size": [-4, 7]},
								"south": {"uv": [0, 18], "uv_size": [4, 7]},
								"west": {"uv": [4, 18], "uv_size": [-4, 7]},
								"up": {"uv": [0, 18], "uv_size": [4, 4]},
								"down": {"uv": [0, 22], "uv_size": [4, -4]}
							}
						}
					]
				},
				{
					"name": "lemonade",
					"parent": "juice",
					"pivot": [0, 0.275, 0],
					"cubes": [
						{
							"origin": [-2, 0.25, -2],
							"size": [4, 7, 4],
							"uv": {
								"north": {"uv": [0, 25], "uv_size": [4, 7]},
								"east": {"uv": [4, 25], "uv_size": [-4, 7]},
								"south": {"uv": [0, 25], "uv_size": [4, 7]},
								"west": {"uv": [4, 25], "uv_size": [-4, 7]},
								"up": {"uv": [0, 25], "uv_size": [4, 4]},
								"down": {"uv": [0, 29], "uv_size": [4, -4]}
							}
						}
					]
				},
				{
					"name": "pineapple_juice",
					"parent": "juice",
					"pivot": [0, 0.275, 0],
					"cubes": [
						{
							"origin": [-2, 0.25, -2],
							"size": [4, 7, 4],
							"uv": {
								"north": {"uv": [4, 11], "uv_size": [4, 7]},
								"east": {"uv": [8, 11], "uv_size": [-4, 7]},
								"south": {"uv": [4, 11], "uv_size": [4, 7]},
								"west": {"uv": [8, 11], "uv_size": [-4, 7]},
								"up": {"uv": [4, 11], "uv_size": [4, 4]},
								"down": {"uv": [4, 15], "uv_size": [4, -4]}
							}
						}
					]
				},
				{
					"name": "golden_apple_juice",
					"parent": "juice",
					"pivot": [0, 0.275, 0],
					"cubes": [
						{
							"origin": [-2, 0.25, -2],
							"size": [4, 7, 4],
							"uv": {
								"north": {"uv": [4, 18], "uv_size": [4, 7]},
								"east": {"uv": [8, 18], "uv_size": [-4, 7]},
								"south": {"uv": [4, 18], "uv_size": [4, 7]},
								"west": {"uv": [8, 18], "uv_size": [-4, 7]},
								"up": {"uv": [4, 18], "uv_size": [4, 4]},
								"down": {"uv": [4, 22], "uv_size": [4, -4]}
							}
						}
					]
				},
				{
					"name": "carrot_juice",
					"parent": "juice",
					"pivot": [0, 0.275, 0],
					"cubes": [
						{
							"origin": [-2, 0.25, -2],
							"size": [4, 7, 4],
							"uv": {
								"north": {"uv": [4, 25], "uv_size": [4, 7]},
								"east": {"uv": [8, 25], "uv_size": [-4, 7]},
								"south": {"uv": [4, 25], "uv_size": [4, 7]},
								"west": {"uv": [8, 25], "uv_size": [-4, 7]},
								"up": {"uv": [4, 25], "uv_size": [4, 4]},
								"down": {"uv": [4, 29], "uv_size": [4, -4]}
							}
						}
					]
				},
				{
					"name": "orange_juice",
					"parent": "juice",
					"pivot": [0, 0.275, 0],
					"cubes": [
						{
							"origin": [-2, 0.25, -2],
							"size": [4, 7, 4],
							"uv": {
								"north": {"uv": [8, 11], "uv_size": [4, 7]},
								"east": {"uv": [12, 11], "uv_size": [-4, 7]},
								"south": {"uv": [8, 11], "uv_size": [4, 7]},
								"west": {"uv": [12, 11], "uv_size": [-4, 7]},
								"up": {"uv": [8, 11], "uv_size": [4, 4]},
								"down": {"uv": [8, 15], "uv_size": [4, -4]}
							}
						}
					]
				},
				{
					"name": "tomato_juice",
					"parent": "juice",
					"pivot": [0, 0.275, 0],
					"cubes": [
						{
							"origin": [-2, 0.25, -2],
							"size": [4, 7, 4],
							"uv": {
								"north": {"uv": [8, 18], "uv_size": [4, 7]},
								"east": {"uv": [12, 18], "uv_size": [-4, 7]},
								"south": {"uv": [8, 18], "uv_size": [4, 7]},
								"west": {"uv": [12, 18], "uv_size": [-4, 7]},
								"up": {"uv": [8, 18], "uv_size": [4, 4]},
								"down": {"uv": [8, 22], "uv_size": [4, -4]}
							}
						}
					]
				},
				{
					"name": "strawberry_juice",
					"parent": "juice",
					"pivot": [0, 0.275, 0],
					"cubes": [
						{
							"origin": [-2, 0.25, -2],
							"size": [4, 7, 4],
							"uv": {
								"north": {"uv": [8, 25], "uv_size": [4, 7]},
								"east": {"uv": [12, 25], "uv_size": [-4, 7]},
								"south": {"uv": [8, 25], "uv_size": [4, 7]},
								"west": {"uv": [12, 25], "uv_size": [-4, 7]},
								"up": {"uv": [8, 25], "uv_size": [4, 4]},
								"down": {"uv": [8, 29], "uv_size": [4, -4]}
							}
						}
					]
				},
				{
					"name": "raspberry_juice",
					"parent": "juice",
					"pivot": [0, 0.275, 0],
					"cubes": [
						{
							"origin": [-2, 0.25, -2],
							"size": [4, 7, 4],
							"uv": {
								"north": {"uv": [12, 11], "uv_size": [4, 7]},
								"east": {"uv": [16, 11], "uv_size": [-4, 7]},
								"south": {"uv": [12, 11], "uv_size": [4, 7]},
								"west": {"uv": [16, 11], "uv_size": [-4, 7]},
								"up": {"uv": [12, 11], "uv_size": [4, 4]},
								"down": {"uv": [12, 15], "uv_size": [4, -4]}
							}
						}
					]
				},
				{
					"name": "cranberry_juice",
					"parent": "juice",
					"pivot": [0, 0.275, 0],
					"cubes": [
						{
							"origin": [-2, 0.25, -2],
							"size": [4, 7, 4],
							"uv": {
								"north": {"uv": [12, 18], "uv_size": [4, 7]},
								"east": {"uv": [16, 18], "uv_size": [-4, 7]},
								"south": {"uv": [12, 18], "uv_size": [4, 7]},
								"west": {"uv": [16, 18], "uv_size": [-4, 7]},
								"up": {"uv": [12, 18], "uv_size": [4, 4]},
								"down": {"uv": [12, 22], "uv_size": [4, -4]}
							}
						}
					]
				},
				{
					"name": "blueberry_juice",
					"parent": "juice",
					"pivot": [0, 0.275, 0],
					"cubes": [
						{
							"origin": [-2, 0.25, -2],
							"size": [4, 7, 4],
							"uv": {
								"north": {"uv": [12, 25], "uv_size": [4, 7]},
								"east": {"uv": [16, 25], "uv_size": [-4, 7]},
								"south": {"uv": [12, 25], "uv_size": [4, 7]},
								"west": {"uv": [16, 25], "uv_size": [-4, 7]},
								"up": {"uv": [12, 25], "uv_size": [4, 4]},
								"down": {"uv": [12, 29], "uv_size": [4, -4]}
							}
						}
					]
				},
				{
					"name": "grape_juice",
					"parent": "juice",
					"pivot": [0, 0.275, 0],
					"cubes": [
						{
							"origin": [-2, 0.25, -2],
							"size": [4, 7, 4],
							"uv": {
								"north": {"uv": [16, 11], "uv_size": [4, 7]},
								"east": {"uv": [20, 11], "uv_size": [-4, 7]},
								"south": {"uv": [16, 11], "uv_size": [4, 7]},
								"west": {"uv": [20, 11], "uv_size": [-4, 7]},
								"up": {"uv": [16, 11], "uv_size": [4, 4]},
								"down": {"uv": [16, 15], "uv_size": [4, -4]}
							}
						}
					]
				},
				{
					"name": "blackberry_juice",
					"parent": "juice",
					"pivot": [0, 0.275, 0],
					"cubes": [
						{
							"origin": [-2, 0.25, -2],
							"size": [4, 7, 4],
							"uv": {
								"north": {"uv": [16, 18], "uv_size": [4, 7]},
								"east": {"uv": [20, 18], "uv_size": [-4, 7]},
								"south": {"uv": [16, 18], "uv_size": [4, 7]},
								"west": {"uv": [20, 18], "uv_size": [-4, 7]},
								"up": {"uv": [16, 18], "uv_size": [4, 4]},
								"down": {"uv": [16, 22], "uv_size": [4, -4]}
							}
						}
					]
				},
				{
					"name": "smoothie",
					"parent": "bone",
					"pivot": [0, 0, 0]
				},
				{
					"name": "apple_banana_smoothie",
					"parent": "smoothie",
					"pivot": [0, 0.275, 0],
					"cubes": [
						{
							"origin": [-2, 0.25, -2],
							"size": [4, 7, 4],
							"uv": {
								"north": {"uv": [16, 25], "uv_size": [4, 7]},
								"east": {"uv": [20, 25], "uv_size": [-4, 7]},
								"south": {"uv": [16, 25], "uv_size": [4, 7]},
								"west": {"uv": [20, 25], "uv_size": [-4, 7]},
								"up": {"uv": [16, 25], "uv_size": [4, 4]},
								"down": {"uv": [16, 29], "uv_size": [4, -4]}
							}
						}
					]
				},
				{
					"name": "peanut_butter_banana_smoothie",
					"parent": "smoothie",
					"pivot": [0, 0.275, 0],
					"cubes": [
						{
							"origin": [-2, 0.25, -2],
							"size": [4, 7, 4],
							"uv": {
								"north": {"uv": [8, 4], "uv_size": [4, 7]},
								"east": {"uv": [12, 4], "uv_size": [-4, 7]},
								"south": {"uv": [8, 4], "uv_size": [4, 7]},
								"west": {"uv": [12, 4], "uv_size": [-4, 7]},
								"up": {"uv": [8, 4], "uv_size": [4, 4]},
								"down": {"uv": [8, 8], "uv_size": [4, -4]}
							}
						}
					]
				},
				{
					"name": "pineapple_coconut_smoothie",
					"parent": "smoothie",
					"pivot": [0, 0.275, 0],
					"cubes": [
						{
							"origin": [-4, 8, 0],
							"size": [4, 3, 0],
							"uv": {
								"north": {"uv": [4, 4], "uv_size": [4, 3]},
								"east": {"uv": [0, 0], "uv_size": [0, 3]},
								"south": {"uv": [60, 61], "uv_size": [4, 3]},
								"west": {"uv": [0, 0], "uv_size": [0, 3]},
								"up": {"uv": [4, 0], "uv_size": [-4, 0]},
								"down": {"uv": [4, 0], "uv_size": [-4, 0]}
							}
						},
						{
							"origin": [-2, 0.25, -2],
							"size": [4, 7, 4],
							"uv": {
								"north": {"uv": [12, 4], "uv_size": [4, 7]},
								"east": {"uv": [16, 4], "uv_size": [-4, 7]},
								"south": {"uv": [12, 4], "uv_size": [4, 7]},
								"west": {"uv": [16, 4], "uv_size": [-4, 7]},
								"up": {"uv": [12, 4], "uv_size": [4, 4]},
								"down": {"uv": [12, 8], "uv_size": [4, -4]}
							}
						}
					]
				},
				{
					"name": "tropical_green_smoothie",
					"parent": "smoothie",
					"pivot": [0, 0.275, 0],
					"cubes": [
						{
							"origin": [-4, 8, 0],
							"size": [4, 3, 0],
							"uv": {
								"north": {"uv": [4, 4], "uv_size": [4, 3]},
								"east": {"uv": [0, 0], "uv_size": [0, 3]},
								"south": {"uv": [60, 61], "uv_size": [4, 3]},
								"west": {"uv": [0, 0], "uv_size": [0, 3]},
								"up": {"uv": [4, 0], "uv_size": [-4, 0]},
								"down": {"uv": [4, 0], "uv_size": [-4, 0]}
							}
						},
						{
							"origin": [-2, 0.25, -2],
							"size": [4, 7, 4],
							"uv": {
								"north": {"uv": [16, 4], "uv_size": [4, 7]},
								"east": {"uv": [20, 4], "uv_size": [-4, 7]},
								"south": {"uv": [16, 4], "uv_size": [4, 7]},
								"west": {"uv": [20, 4], "uv_size": [-4, 7]},
								"up": {"uv": [16, 4], "uv_size": [4, 4]},
								"down": {"uv": [16, 8], "uv_size": [4, -4]}
							}
						}
					]
				},
				{
					"name": "tropical_carrot_smoothie",
					"parent": "smoothie",
					"pivot": [0, 0.275, 0],
					"cubes": [
						{
							"origin": [-4, 8, 0],
							"size": [4, 3, 0],
							"uv": {
								"north": {"uv": [4, 4], "uv_size": [4, 3]},
								"east": {"uv": [0, 0], "uv_size": [0, 3]},
								"south": {"uv": [60, 61], "uv_size": [4, 3]},
								"west": {"uv": [0, 0], "uv_size": [0, 3]},
								"up": {"uv": [4, 0], "uv_size": [-4, 0]},
								"down": {"uv": [4, 0], "uv_size": [-4, 0]}
							}
						},
						{
							"origin": [-2, 0.25, -2],
							"size": [4, 7, 4],
							"uv": {
								"north": {"uv": [4, 25], "uv_size": [4, 7]},
								"east": {"uv": [8, 25], "uv_size": [-4, 7]},
								"south": {"uv": [4, 25], "uv_size": [4, 7]},
								"west": {"uv": [8, 25], "uv_size": [-4, 7]},
								"up": {"uv": [4, 25], "uv_size": [4, 4]},
								"down": {"uv": [4, 29], "uv_size": [4, -4]}
							}
						}
					]
				},
				{
					"name": "tropical_smoothie",
					"parent": "smoothie",
					"pivot": [0, 0.275, 0],
					"cubes": [
						{
							"origin": [-4, 8, 0],
							"size": [4, 3, 0],
							"uv": {
								"north": {"uv": [4, 4], "uv_size": [4, 3]},
								"east": {"uv": [0, 0], "uv_size": [0, 3]},
								"south": {"uv": [60, 61], "uv_size": [4, 3]},
								"west": {"uv": [0, 0], "uv_size": [0, 3]},
								"up": {"uv": [4, 0], "uv_size": [-4, 0]},
								"down": {"uv": [4, 0], "uv_size": [-4, 0]}
							}
						},
						{
							"origin": [-2, 0.25, -2],
							"size": [4, 7, 4],
							"uv": {
								"north": {"uv": [20, 25], "uv_size": [4, 7]},
								"east": {"uv": [24, 25], "uv_size": [-4, 7]},
								"south": {"uv": [20, 25], "uv_size": [4, 7]},
								"west": {"uv": [24, 25], "uv_size": [-4, 7]},
								"up": {"uv": [20, 25], "uv_size": [4, 4]},
								"down": {"uv": [20, 29], "uv_size": [4, -4]}
							}
						}
					]
				},
				{
					"name": "berry_citrus_smoothie",
					"parent": "smoothie",
					"pivot": [0, 0.275, 0],
					"cubes": [
						{
							"origin": [-4, 7, 0],
							"size": [4, 4, 0],
							"uv": {
								"north": {"uv": [4, 7], "uv_size": [4, 4]},
								"east": {"uv": [0, 0], "uv_size": [0, 3]},
								"south": {"uv": [60, 60], "uv_size": [4, 4]},
								"west": {"uv": [0, 0], "uv_size": [0, 3]},
								"up": {"uv": [4, 0], "uv_size": [-4, 0]},
								"down": {"uv": [4, 0], "uv_size": [-4, 0]}
							}
						},
						{
							"origin": [-2, 0.25, -2],
							"size": [4, 7, 4],
							"uv": {
								"north": {"uv": [20, 18], "uv_size": [4, 7]},
								"east": {"uv": [24, 18], "uv_size": [-4, 7]},
								"south": {"uv": [20, 18], "uv_size": [4, 7]},
								"west": {"uv": [24, 18], "uv_size": [-4, 7]},
								"up": {"uv": [20, 18], "uv_size": [4, 4]},
								"down": {"uv": [20, 22], "uv_size": [4, -4]}
							}
						}
					]
				},
				{
					"name": "avocado_peach_smoothie",
					"parent": "smoothie",
					"pivot": [0, 0.275, 0],
					"cubes": [
						{
							"origin": [-4, 7, 0],
							"size": [4, 4, 0],
							"uv": {
								"north": {"uv": [8, 0], "uv_size": [4, 4]},
								"east": {"uv": [0, 0], "uv_size": [0, 3]},
								"south": {"uv": [60, 60], "uv_size": [4, 4]},
								"west": {"uv": [0, 0], "uv_size": [0, 3]},
								"up": {"uv": [4, 0], "uv_size": [-4, 0]},
								"down": {"uv": [4, 0], "uv_size": [-4, 0]}
							}
						},
						{
							"origin": [-2, 0.25, -2],
							"size": [4, 7, 4],
							"uv": {
								"north": {"uv": [20, 11], "uv_size": [4, 7]},
								"east": {"uv": [24, 11], "uv_size": [-4, 7]},
								"south": {"uv": [20, 11], "uv_size": [4, 7]},
								"west": {"uv": [24, 11], "uv_size": [-4, 7]},
								"up": {"uv": [20, 11], "uv_size": [4, 4]},
								"down": {"uv": [20, 15], "uv_size": [4, -4]}
							}
						}
					]
				},
				{
					"name": "peachy_green_smoothie",
					"parent": "smoothie",
					"pivot": [0, 0.275, 0],
					"cubes": [
						{
							"origin": [-4, 7, 0],
							"size": [4, 4, 0],
							"uv": {
								"north": {"uv": [8, 0], "uv_size": [4, 4]},
								"east": {"uv": [0, 0], "uv_size": [0, 3]},
								"south": {"uv": [60, 60], "uv_size": [4, 4]},
								"west": {"uv": [0, 0], "uv_size": [0, 3]},
								"up": {"uv": [4, 0], "uv_size": [-4, 0]},
								"down": {"uv": [4, 0], "uv_size": [-4, 0]}
							}
						},
						{
							"origin": [-2, 7, 1],
							"size": [5, 4, 0],
							"uv": {
								"north": {"uv": [12, 0], "uv_size": [5, 4]},
								"east": {"uv": [0, 0], "uv_size": [0, 3]},
								"south": {"uv": [59, 60], "uv_size": [5, 4]},
								"west": {"uv": [0, 0], "uv_size": [0, 3]},
								"up": {"uv": [4, 0], "uv_size": [-4, 0]},
								"down": {"uv": [4, 0], "uv_size": [-4, 0]}
							}
						},
						{
							"origin": [-2, 0.25, -2],
							"size": [4, 7, 4],
							"uv": {
								"north": {"uv": [20, 4], "uv_size": [4, 7]},
								"east": {"uv": [24, 4], "uv_size": [-4, 7]},
								"south": {"uv": [20, 4], "uv_size": [4, 7]},
								"west": {"uv": [24, 4], "uv_size": [-4, 7]},
								"up": {"uv": [20, 4], "uv_size": [4, 4]},
								"down": {"uv": [20, 8], "uv_size": [4, -4]}
							}
						}
					]
				},
				{
					"name": "green_detox_smoothie",
					"parent": "smoothie",
					"pivot": [0, 0.275, 0],
					"cubes": [
						{
							"origin": [-2, 7, 1],
							"size": [5, 4, 0],
							"uv": {
								"north": {"uv": [12, 0], "uv_size": [5, 4]},
								"east": {"uv": [0, 0], "uv_size": [0, 3]},
								"south": {"uv": [59, 60], "uv_size": [5, 4]},
								"west": {"uv": [0, 0], "uv_size": [0, 3]},
								"up": {"uv": [4, 0], "uv_size": [-4, 0]},
								"down": {"uv": [4, 0], "uv_size": [-4, 0]}
							}
						},
						{
							"origin": [0, 7, 0],
							"size": [3, 4, 0],
							"uv": {
								"north": {"uv": [17, 0], "uv_size": [3, 4]},
								"east": {"uv": [0, 0], "uv_size": [0, 3]},
								"south": {"uv": [61, 60], "uv_size": [3, 4]},
								"west": {"uv": [0, 0], "uv_size": [0, 3]},
								"up": {"uv": [4, 0], "uv_size": [-4, 0]},
								"down": {"uv": [4, 0], "uv_size": [-4, 0]}
							}
						},
						{
							"origin": [-2, 0.25, -2],
							"size": [4, 7, 4],
							"uv": {
								"north": {"uv": [24, 4], "uv_size": [4, 7]},
								"east": {"uv": [28, 4], "uv_size": [-4, 7]},
								"south": {"uv": [24, 4], "uv_size": [4, 7]},
								"west": {"uv": [28, 4], "uv_size": [-4, 7]},
								"up": {"uv": [24, 4], "uv_size": [4, 4]},
								"down": {"uv": [24, 8], "uv_size": [4, -4]}
							}
						}
					]
				},
				{
					"name": "blueberry_ginger_smoothie",
					"parent": "smoothie",
					"pivot": [0, 0.275, 0],
					"cubes": [
						{
							"origin": [0, 7, 0],
							"size": [3, 4, 0],
							"uv": {
								"north": {"uv": [17, 0], "uv_size": [3, 4]},
								"east": {"uv": [0, 0], "uv_size": [0, 3]},
								"south": {"uv": [61, 60], "uv_size": [3, 4]},
								"west": {"uv": [0, 0], "uv_size": [0, 3]},
								"up": {"uv": [4, 0], "uv_size": [-4, 0]},
								"down": {"uv": [4, 0], "uv_size": [-4, 0]}
							}
						},
						{
							"origin": [-2, 0.25, -2],
							"size": [4, 7, 4],
							"uv": {
								"north": {"uv": [24, 11], "uv_size": [4, 7]},
								"east": {"uv": [28, 11], "uv_size": [-4, 7]},
								"south": {"uv": [24, 11], "uv_size": [4, 7]},
								"west": {"uv": [28, 11], "uv_size": [-4, 7]},
								"up": {"uv": [24, 11], "uv_size": [4, 4]},
								"down": {"uv": [24, 15], "uv_size": [4, -4]}
							}
						}
					]
				},
				{
					"name": "carrot_ginger_smoothie",
					"parent": "smoothie",
					"pivot": [0, 0.275, 0],
					"cubes": [
						{
							"origin": [0, 7, 0],
							"size": [3, 4, 0],
							"uv": {
								"north": {"uv": [17, 0], "uv_size": [3, 4]},
								"east": {"uv": [0, 0], "uv_size": [0, 3]},
								"south": {"uv": [61, 60], "uv_size": [3, 4]},
								"west": {"uv": [0, 0], "uv_size": [0, 3]},
								"up": {"uv": [4, 0], "uv_size": [-4, 0]},
								"down": {"uv": [4, 0], "uv_size": [-4, 0]}
							}
						},
						{
							"origin": [-2, 0.25, -2],
							"size": [4, 7, 4],
							"uv": {
								"north": {"uv": [4, 25], "uv_size": [4, 7]},
								"east": {"uv": [8, 25], "uv_size": [-4, 7]},
								"south": {"uv": [4, 25], "uv_size": [4, 7]},
								"west": {"uv": [8, 25], "uv_size": [-4, 7]},
								"up": {"uv": [4, 25], "uv_size": [4, 4]},
								"down": {"uv": [4, 29], "uv_size": [4, -4]}
							}
						}
					]
				},
				{
					"name": "healthy_smoothie",
					"parent": "smoothie",
					"pivot": [0, 0.275, 0],
					"cubes": [
						{
							"origin": [0, 7, 0],
							"size": [3, 4, 0],
							"uv": {
								"north": {"uv": [20, 0], "uv_size": [3, 4]},
								"east": {"uv": [0, 0], "uv_size": [0, 3]},
								"south": {"uv": [61, 60], "uv_size": [3, 4]},
								"west": {"uv": [0, 0], "uv_size": [0, 3]},
								"up": {"uv": [4, 0], "uv_size": [-4, 0]},
								"down": {"uv": [4, 0], "uv_size": [-4, 0]}
							}
						},
						{
							"origin": [-2, 0.25, -2],
							"size": [4, 7, 4],
							"uv": {
								"north": {"uv": [24, 18], "uv_size": [4, 7]},
								"east": {"uv": [28, 18], "uv_size": [-4, 7]},
								"south": {"uv": [24, 18], "uv_size": [4, 7]},
								"west": {"uv": [28, 18], "uv_size": [-4, 7]},
								"up": {"uv": [24, 18], "uv_size": [4, 4]},
								"down": {"uv": [24, 22], "uv_size": [4, -4]}
							}
						}
					]
				},
				{
					"name": "berry_beet_smoothie",
					"parent": "smoothie",
					"pivot": [0, 0.275, 0],
					"cubes": [
						{
							"origin": [-2, 0.25, -2],
							"size": [4, 7, 4],
							"uv": {
								"north": {"uv": [24, 25], "uv_size": [4, 7]},
								"east": {"uv": [28, 25], "uv_size": [-4, 7]},
								"south": {"uv": [24, 25], "uv_size": [4, 7]},
								"west": {"uv": [28, 25], "uv_size": [-4, 7]},
								"up": {"uv": [24, 25], "uv_size": [4, 4]},
								"down": {"uv": [24, 29], "uv_size": [4, -4]}
							}
						},
						{
							"origin": [-2, 7.525, -2],
							"size": [4, 0, 4],
							"uv": {
								"north": {"uv": [23, 0], "uv_size": [4, 0]},
								"east": {"uv": [23, 0], "uv_size": [4, 0]},
								"south": {"uv": [23, 0], "uv_size": [4, 0]},
								"west": {"uv": [23, 0], "uv_size": [4, 0]},
								"up": {"uv": [31, 4], "uv_size": [-4, -4]},
								"down": {"uv": [64, 64], "uv_size": [-4, -4]}
							}
						}
					]
				},
				{
					"name": "berry_banana_smoothie",
					"parent": "smoothie",
					"pivot": [0, 0.275, 0],
					"cubes": [
						{
							"origin": [-2, 0.25, -2],
							"size": [4, 7, 4],
							"uv": {
								"north": {"uv": [20, 18], "uv_size": [4, 7]},
								"east": {"uv": [24, 18], "uv_size": [-4, 7]},
								"south": {"uv": [20, 18], "uv_size": [4, 7]},
								"west": {"uv": [24, 18], "uv_size": [-4, 7]},
								"up": {"uv": [20, 18], "uv_size": [4, 4]},
								"down": {"uv": [20, 22], "uv_size": [4, -4]}
							}
						},
						{
							"origin": [-2, 7.525, -2],
							"size": [4, 0, 4],
							"uv": {
								"north": {"uv": [23, 0], "uv_size": [4, 0]},
								"east": {"uv": [23, 0], "uv_size": [4, 0]},
								"south": {"uv": [23, 0], "uv_size": [4, 0]},
								"west": {"uv": [23, 0], "uv_size": [4, 0]},
								"up": {"uv": [31, 4], "uv_size": [-4, -4]},
								"down": {"uv": [64, 64], "uv_size": [-4, -4]}
							}
						}
					]
				},
				{
					"name": "berry_smoothie",
					"parent": "smoothie",
					"pivot": [0, 0.275, 0],
					"cubes": [
						{
							"origin": [-2, 0.25, -2],
							"size": [4, 7, 4],
							"uv": {
								"north": {"uv": [28, 11], "uv_size": [4, 7]},
								"east": {"uv": [32, 11], "uv_size": [-4, 7]},
								"south": {"uv": [28, 11], "uv_size": [4, 7]},
								"west": {"uv": [32, 11], "uv_size": [-4, 7]},
								"up": {"uv": [28, 11], "uv_size": [4, 4]},
								"down": {"uv": [28, 15], "uv_size": [4, -4]}
							}
						},
						{
							"origin": [-2, 7.525, -2],
							"size": [4, 0, 4],
							"uv": {
								"north": {"uv": [23, 0], "uv_size": [4, 0]},
								"east": {"uv": [23, 0], "uv_size": [4, 0]},
								"south": {"uv": [23, 0], "uv_size": [4, 0]},
								"west": {"uv": [23, 0], "uv_size": [4, 0]},
								"up": {"uv": [31, 4], "uv_size": [-4, -4]},
								"down": {"uv": [64, 64], "uv_size": [-4, -4]}
							}
						}
					]
				},
				{
					"name": "unhealthy_smoothie",
					"parent": "smoothie",
					"pivot": [0, 0.275, 0],
					"cubes": [
						{
							"origin": [-2, 0.25, -2],
							"size": [4, 7, 4],
							"uv": {
								"north": {"uv": [28, 18], "uv_size": [4, 7]},
								"east": {"uv": [32, 18], "uv_size": [-4, 7]},
								"south": {"uv": [28, 18], "uv_size": [4, 7]},
								"west": {"uv": [32, 18], "uv_size": [-4, 7]},
								"up": {"uv": [28, 18], "uv_size": [4, 4]},
								"down": {"uv": [28, 22], "uv_size": [4, -4]}
							}
						}
					]
				},
				{
					"name": "suspicious_smoothie",
					"parent": "smoothie",
					"pivot": [0, 0.275, 0],
					"cubes": [
						{
							"origin": [-2, 0.25, -2],
							"size": [4, 7, 4],
							"uv": {
								"north": {"uv": [28, 25], "uv_size": [4, 7]},
								"east": {"uv": [32, 25], "uv_size": [-4, 7]},
								"south": {"uv": [28, 25], "uv_size": [4, 7]},
								"west": {"uv": [32, 25], "uv_size": [-4, 7]},
								"up": {"uv": [28, 25], "uv_size": [4, 4]},
								"down": {"uv": [28, 29], "uv_size": [4, -4]}
							}
						}
					]
				},
				{
					"name": "milkshake",
					"parent": "bone",
					"pivot": [0, 0, 0]
				},
				{
					"name": "peanut_butter_banana_milkshake",
					"parent": "milkshake",
					"pivot": [0, 0.275, 0],
					"cubes": [
						{
							"origin": [-2, 0.25, -2],
							"size": [4, 7, 4],
							"uv": {
								"north": {"uv": [0, 32], "uv_size": [4, 7]},
								"east": {"uv": [4, 32], "uv_size": [-4, 7]},
								"south": {"uv": [0, 32], "uv_size": [4, 7]},
								"west": {"uv": [4, 32], "uv_size": [-4, 7]},
								"up": {"uv": [0, 32], "uv_size": [4, 4]},
								"down": {"uv": [0, 36], "uv_size": [4, -4]}
							}
						}
					]
				},
				{
					"name": "citrus_milkshake",
					"parent": "milkshake",
					"pivot": [0, 0.275, 0],
					"cubes": [
						{
							"origin": [-2, 0.25, -2],
							"size": [4, 7, 4],
							"uv": {
								"north": {"uv": [4, 32], "uv_size": [4, 7]},
								"east": {"uv": [8, 32], "uv_size": [-4, 7]},
								"south": {"uv": [4, 32], "uv_size": [4, 7]},
								"west": {"uv": [8, 32], "uv_size": [-4, 7]},
								"up": {"uv": [4, 32], "uv_size": [4, 4]},
								"down": {"uv": [4, 36], "uv_size": [4, -4]}
							}
						},
						{
							"origin": [-4, 7, 0],
							"size": [4, 4, 0],
							"uv": {
								"north": {"uv": [4, 7], "uv_size": [4, 4]},
								"east": {"uv": [0, 0], "uv_size": [0, 3]},
								"south": {"uv": [60, 60], "uv_size": [4, 4]},
								"west": {"uv": [0, 0], "uv_size": [0, 3]},
								"up": {"uv": [4, 0], "uv_size": [-4, 0]},
								"down": {"uv": [4, 0], "uv_size": [-4, 0]}
							}
						}
					]
				},
				{
					"name": "peach_honey_milkshake",
					"parent": "milkshake",
					"pivot": [0, 0.275, 0],
					"cubes": [
						{
							"origin": [-2, 0.25, -2],
							"size": [4, 7, 4],
							"uv": {
								"north": {"uv": [8, 32], "uv_size": [4, 7]},
								"east": {"uv": [12, 32], "uv_size": [-4, 7]},
								"south": {"uv": [8, 32], "uv_size": [4, 7]},
								"west": {"uv": [12, 32], "uv_size": [-4, 7]},
								"up": {"uv": [8, 32], "uv_size": [4, 4]},
								"down": {"uv": [8, 36], "uv_size": [4, -4]}
							}
						},
						{
							"origin": [-4, 7, 0],
							"size": [4, 4, 0],
							"uv": {
								"north": {"uv": [8, 0], "uv_size": [4, 4]},
								"east": {"uv": [0, 0], "uv_size": [0, 3]},
								"south": {"uv": [60, 60], "uv_size": [4, 4]},
								"west": {"uv": [0, 0], "uv_size": [0, 3]},
								"up": {"uv": [4, 0], "uv_size": [-4, 0]},
								"down": {"uv": [4, 0], "uv_size": [-4, 0]}
							}
						}
					]
				},
				{
					"name": "ginger_peach_milkshake",
					"parent": "milkshake",
					"pivot": [0, 0.275, 0],
					"cubes": [
						{
							"origin": [-2, 0.25, -2],
							"size": [4, 7, 4],
							"uv": {
								"north": {"uv": [12, 32], "uv_size": [4, 7]},
								"east": {"uv": [16, 32], "uv_size": [-4, 7]},
								"south": {"uv": [12, 32], "uv_size": [4, 7]},
								"west": {"uv": [16, 32], "uv_size": [-4, 7]},
								"up": {"uv": [12, 32], "uv_size": [4, 4]},
								"down": {"uv": [12, 36], "uv_size": [4, -4]}
							}
						},
						{
							"origin": [-4, 7, 0],
							"size": [4, 4, 0],
							"uv": {
								"north": {"uv": [8, 0], "uv_size": [4, 4]},
								"east": {"uv": [0, 0], "uv_size": [0, 3]},
								"south": {"uv": [60, 60], "uv_size": [4, 4]},
								"west": {"uv": [0, 0], "uv_size": [0, 3]},
								"up": {"uv": [4, 0], "uv_size": [-4, 0]},
								"down": {"uv": [4, 0], "uv_size": [-4, 0]}
							}
						},
						{
							"origin": [0, 7, -1],
							"size": [3, 4, 0],
							"uv": {
								"north": {"uv": [17, 0], "uv_size": [3, 4]},
								"east": {"uv": [0, 0], "uv_size": [0, 3]},
								"south": {"uv": [61, 60], "uv_size": [3, 4]},
								"west": {"uv": [0, 0], "uv_size": [0, 3]},
								"up": {"uv": [4, 0], "uv_size": [-4, 0]},
								"down": {"uv": [4, 0], "uv_size": [-4, 0]}
							}
						}
					]
				},
				{
					"name": "peach_melon_milkshake",
					"parent": "milkshake",
					"pivot": [0, 0.275, 0],
					"cubes": [
						{
							"origin": [-2, 0.25, -2],
							"size": [4, 7, 4],
							"uv": {
								"north": {"uv": [16, 32], "uv_size": [4, 7]},
								"east": {"uv": [20, 32], "uv_size": [-4, 7]},
								"south": {"uv": [16, 32], "uv_size": [4, 7]},
								"west": {"uv": [20, 32], "uv_size": [-4, 7]},
								"up": {"uv": [16, 32], "uv_size": [4, 4]},
								"down": {"uv": [16, 36], "uv_size": [4, -4]}
							}
						},
						{
							"origin": [-1, 7, 0],
							"size": [5, 5, 0],
							"uv": {
								"north": {"uv": [28, 4], "uv_size": [5, 5]},
								"east": {"uv": [0, 0], "uv_size": [0, 3]},
								"south": {"uv": [59, 59], "uv_size": [5, 5]},
								"west": {"uv": [0, 0], "uv_size": [0, 3]},
								"up": {"uv": [4, 0], "uv_size": [-4, 0]},
								"down": {"uv": [4, 0], "uv_size": [-4, 0]}
							}
						}
					]
				},
				{
					"name": "pineapple_ginger_milkshake",
					"parent": "milkshake",
					"pivot": [0, 0.275, 0],
					"cubes": [
						{
							"origin": [-2, 0.25, -2],
							"size": [4, 7, 4],
							"uv": {
								"north": {"uv": [20, 32], "uv_size": [4, 7]},
								"east": {"uv": [24, 32], "uv_size": [-4, 7]},
								"south": {"uv": [20, 32], "uv_size": [4, 7]},
								"west": {"uv": [24, 32], "uv_size": [-4, 7]},
								"up": {"uv": [20, 32], "uv_size": [4, 4]},
								"down": {"uv": [20, 36], "uv_size": [4, -4]}
							}
						},
						{
							"origin": [-4, 8, 0],
							"size": [4, 3, 0],
							"uv": {
								"north": {"uv": [4, 4], "uv_size": [4, 3]},
								"east": {"uv": [0, 0], "uv_size": [0, 3]},
								"south": {"uv": [60, 61], "uv_size": [4, 3]},
								"west": {"uv": [0, 0], "uv_size": [0, 3]},
								"up": {"uv": [4, 0], "uv_size": [-4, 0]},
								"down": {"uv": [4, 0], "uv_size": [-4, 0]}
							}
						},
						{
							"origin": [0, 7, -1],
							"size": [3, 4, 0],
							"uv": {
								"north": {"uv": [17, 0], "uv_size": [3, 4]},
								"east": {"uv": [0, 0], "uv_size": [0, 3]},
								"south": {"uv": [61, 60], "uv_size": [3, 4]},
								"west": {"uv": [0, 0], "uv_size": [0, 3]},
								"up": {"uv": [4, 0], "uv_size": [-4, 0]},
								"down": {"uv": [4, 0], "uv_size": [-4, 0]}
							}
						}
					]
				},
				{
					"name": "pineapple_coconut_milkshake",
					"parent": "milkshake",
					"pivot": [0, 0.275, 0],
					"cubes": [
						{
							"origin": [-2, 0.25, -2],
							"size": [4, 7, 4],
							"uv": {
								"north": {"uv": [24, 32], "uv_size": [4, 7]},
								"east": {"uv": [28, 32], "uv_size": [-4, 7]},
								"south": {"uv": [24, 32], "uv_size": [4, 7]},
								"west": {"uv": [28, 32], "uv_size": [-4, 7]},
								"up": {"uv": [24, 32], "uv_size": [4, 4]},
								"down": {"uv": [24, 36], "uv_size": [4, -4]}
							}
						},
						{
							"origin": [-4, 8, 0],
							"size": [4, 3, 0],
							"uv": {
								"north": {"uv": [4, 4], "uv_size": [4, 3]},
								"east": {"uv": [0, 0], "uv_size": [0, 3]},
								"south": {"uv": [60, 61], "uv_size": [4, 3]},
								"west": {"uv": [0, 0], "uv_size": [0, 3]},
								"up": {"uv": [4, 0], "uv_size": [-4, 0]},
								"down": {"uv": [4, 0], "uv_size": [-4, 0]}
							}
						}
					]
				},
				{
					"name": "tropical_milkshake",
					"parent": "milkshake",
					"pivot": [0, 0.275, 0],
					"cubes": [
						{
							"origin": [-2, 0.25, -2],
							"size": [4, 7, 4],
							"uv": {
								"north": {"uv": [28, 32], "uv_size": [4, 7]},
								"east": {"uv": [32, 32], "uv_size": [-4, 7]},
								"south": {"uv": [28, 32], "uv_size": [4, 7]},
								"west": {"uv": [32, 32], "uv_size": [-4, 7]},
								"up": {"uv": [28, 32], "uv_size": [4, 4]},
								"down": {"uv": [28, 36], "uv_size": [4, -4]}
							}
						},
						{
							"origin": [-4, 8, 0],
							"size": [4, 3, 0],
							"uv": {
								"north": {"uv": [4, 4], "uv_size": [4, 3]},
								"east": {"uv": [0, 0], "uv_size": [0, 3]},
								"south": {"uv": [60, 61], "uv_size": [4, 3]},
								"west": {"uv": [0, 0], "uv_size": [0, 3]},
								"up": {"uv": [4, 0], "uv_size": [-4, 0]},
								"down": {"uv": [4, 0], "uv_size": [-4, 0]}
							}
						}
					]
				},
				{
					"name": "vanilla_milkshake",
					"parent": "milkshake",
					"pivot": [0, 0.275, 0],
					"cubes": [
						{
							"origin": [-2, 0.25, -2],
							"size": [4, 7, 4],
							"uv": {
								"north": {"uv": [0, 39], "uv_size": [4, 7]},
								"east": {"uv": [4, 39], "uv_size": [-4, 7]},
								"south": {"uv": [0, 39], "uv_size": [4, 7]},
								"west": {"uv": [4, 39], "uv_size": [-4, 7]},
								"up": {"uv": [0, 39], "uv_size": [4, 4]},
								"down": {"uv": [0, 43], "uv_size": [4, -4]}
							}
						},
						{
							"origin": [-4, 7, 0],
							"size": [4, 5, 0],
							"uv": {
								"north": {"uv": [33, 0], "uv_size": [4, 5]},
								"east": {"uv": [0, 0], "uv_size": [0, 3]},
								"south": {"uv": [60, 61], "uv_size": [4, 3]},
								"west": {"uv": [0, 0], "uv_size": [0, 3]},
								"up": {"uv": [4, 0], "uv_size": [-4, 0]},
								"down": {"uv": [4, 0], "uv_size": [-4, 0]}
							}
						}
					]
				},
				{
					"name": "coffee_vanilla_milkshake",
					"parent": "milkshake",
					"pivot": [0, 0.275, 0],
					"cubes": [
						{
							"origin": [-2, 0.25, -2],
							"size": [4, 7, 4],
							"uv": {
								"north": {"uv": [4, 39], "uv_size": [4, 7]},
								"east": {"uv": [8, 39], "uv_size": [-4, 7]},
								"south": {"uv": [4, 39], "uv_size": [4, 7]},
								"west": {"uv": [8, 39], "uv_size": [-4, 7]},
								"up": {"uv": [4, 39], "uv_size": [4, 4]},
								"down": {"uv": [4, 43], "uv_size": [4, -4]}
							}
						},
						{
							"origin": [-4, 7, 0],
							"size": [4, 5, 0],
							"uv": {
								"north": {"uv": [33, 0], "uv_size": [4, 5]},
								"east": {"uv": [0, 0], "uv_size": [0, 3]},
								"south": {"uv": [60, 61], "uv_size": [4, 3]},
								"west": {"uv": [0, 0], "uv_size": [0, 3]},
								"up": {"uv": [4, 0], "uv_size": [-4, 0]},
								"down": {"uv": [4, 0], "uv_size": [-4, 0]}
							}
						}
					]
				},
				{
					"name": "vanilla_berry_milkshake",
					"parent": "milkshake",
					"pivot": [0, 0.275, 0],
					"cubes": [
						{
							"origin": [-2, 0.25, -2],
							"size": [4, 7, 4],
							"uv": {
								"north": {"uv": [8, 39], "uv_size": [4, 7]},
								"east": {"uv": [12, 39], "uv_size": [-4, 7]},
								"south": {"uv": [8, 39], "uv_size": [4, 7]},
								"west": {"uv": [12, 39], "uv_size": [-4, 7]},
								"up": {"uv": [8, 39], "uv_size": [4, 4]},
								"down": {"uv": [8, 43], "uv_size": [4, -4]}
							}
						},
						{
							"origin": [-2, 7.525, -2],
							"size": [4, 0, 4],
							"uv": {
								"north": {"uv": [23, 0], "uv_size": [4, 0]},
								"east": {"uv": [23, 0], "uv_size": [4, 0]},
								"south": {"uv": [23, 0], "uv_size": [4, 0]},
								"west": {"uv": [23, 0], "uv_size": [4, 0]},
								"up": {"uv": [31, 4], "uv_size": [-4, -4]},
								"down": {"uv": [64, 64], "uv_size": [-4, -4]}
							}
						}
					]
				},
				{
					"name": "berry_banana_milkshake",
					"parent": "milkshake",
					"pivot": [0, 0.275, 0],
					"cubes": [
						{
							"origin": [-2, 0.25, -2],
							"size": [4, 7, 4],
							"uv": {
								"north": {"uv": [12, 39], "uv_size": [4, 7]},
								"east": {"uv": [16, 39], "uv_size": [-4, 7]},
								"south": {"uv": [12, 39], "uv_size": [4, 7]},
								"west": {"uv": [16, 39], "uv_size": [-4, 7]},
								"up": {"uv": [12, 39], "uv_size": [4, 4]},
								"down": {"uv": [12, 43], "uv_size": [4, -4]}
							}
						},
						{
							"origin": [-2, 7.525, -2],
							"size": [4, 0, 4],
							"uv": {
								"north": {"uv": [23, 0], "uv_size": [4, 0]},
								"east": {"uv": [23, 0], "uv_size": [4, 0]},
								"south": {"uv": [23, 0], "uv_size": [4, 0]},
								"west": {"uv": [23, 0], "uv_size": [4, 0]},
								"up": {"uv": [31, 4], "uv_size": [-4, -4]},
								"down": {"uv": [64, 64], "uv_size": [-4, -4]}
							}
						}
					]
				},
				{
					"name": "berry_coconut_milkshake",
					"parent": "milkshake",
					"pivot": [0, 0.275, 0],
					"cubes": [
						{
							"origin": [-2, 0.25, -2],
							"size": [4, 7, 4],
							"uv": {
								"north": {"uv": [16, 39], "uv_size": [4, 7]},
								"east": {"uv": [20, 39], "uv_size": [-4, 7]},
								"south": {"uv": [16, 39], "uv_size": [4, 7]},
								"west": {"uv": [20, 39], "uv_size": [-4, 7]},
								"up": {"uv": [16, 39], "uv_size": [4, 4]},
								"down": {"uv": [16, 43], "uv_size": [4, -4]}
							}
						},
						{
							"origin": [-2, 7.525, -2],
							"size": [4, 0, 4],
							"uv": {
								"north": {"uv": [23, 0], "uv_size": [4, 0]},
								"east": {"uv": [23, 0], "uv_size": [4, 0]},
								"south": {"uv": [23, 0], "uv_size": [4, 0]},
								"west": {"uv": [23, 0], "uv_size": [4, 0]},
								"up": {"uv": [31, 4], "uv_size": [-4, -4]},
								"down": {"uv": [64, 64], "uv_size": [-4, -4]}
							}
						}
					]
				},
				{
					"name": "berry_ginger_milkshake",
					"parent": "milkshake",
					"pivot": [0, 0.275, 0],
					"cubes": [
						{
							"origin": [-2, 0.25, -2],
							"size": [4, 7, 4],
							"uv": {
								"north": {"uv": [20, 39], "uv_size": [4, 7]},
								"east": {"uv": [24, 39], "uv_size": [-4, 7]},
								"south": {"uv": [20, 39], "uv_size": [4, 7]},
								"west": {"uv": [24, 39], "uv_size": [-4, 7]},
								"up": {"uv": [20, 39], "uv_size": [4, 4]},
								"down": {"uv": [20, 43], "uv_size": [4, -4]}
							}
						},
						{
							"origin": [-2, 7.525, -2],
							"size": [4, 0, 4],
							"uv": {
								"north": {"uv": [23, 0], "uv_size": [4, 0]},
								"east": {"uv": [23, 0], "uv_size": [4, 0]},
								"south": {"uv": [23, 0], "uv_size": [4, 0]},
								"west": {"uv": [23, 0], "uv_size": [4, 0]},
								"up": {"uv": [31, 4], "uv_size": [-4, -4]},
								"down": {"uv": [64, 64], "uv_size": [-4, -4]}
							}
						},
						{
							"origin": [0, 7, 0],
							"size": [3, 4, 0],
							"uv": {
								"north": {"uv": [17, 0], "uv_size": [3, 4]},
								"east": {"uv": [0, 0], "uv_size": [0, 3]},
								"south": {"uv": [61, 60], "uv_size": [3, 4]},
								"west": {"uv": [0, 0], "uv_size": [0, 3]},
								"up": {"uv": [4, 0], "uv_size": [-4, 0]},
								"down": {"uv": [4, 0], "uv_size": [-4, 0]}
							}
						}
					]
				},
				{
					"name": "berry_milkshake",
					"parent": "milkshake",
					"pivot": [0, 0.275, 0],
					"cubes": [
						{
							"origin": [-2, 0.25, -2],
							"size": [4, 7, 4],
							"uv": {
								"north": {"uv": [24, 39], "uv_size": [4, 7]},
								"east": {"uv": [28, 39], "uv_size": [-4, 7]},
								"south": {"uv": [24, 39], "uv_size": [4, 7]},
								"west": {"uv": [28, 39], "uv_size": [-4, 7]},
								"up": {"uv": [24, 39], "uv_size": [4, 4]},
								"down": {"uv": [24, 43], "uv_size": [4, -4]}
							}
						},
						{
							"origin": [-2, 7.525, -2],
							"size": [4, 0, 4],
							"uv": {
								"north": {"uv": [23, 0], "uv_size": [4, 0]},
								"east": {"uv": [23, 0], "uv_size": [4, 0]},
								"south": {"uv": [23, 0], "uv_size": [4, 0]},
								"west": {"uv": [23, 0], "uv_size": [4, 0]},
								"up": {"uv": [31, 4], "uv_size": [-4, -4]},
								"down": {"uv": [64, 64], "uv_size": [-4, -4]}
							}
						}
					]
				},
				{
					"name": "berry_rhubarb_milkshake",
					"parent": "milkshake",
					"pivot": [0, 0.275, 0],
					"cubes": [
						{
							"origin": [-2, 0.25, -2],
							"size": [4, 7, 4],
							"uv": {
								"north": {"uv": [28, 39], "uv_size": [4, 7]},
								"east": {"uv": [32, 39], "uv_size": [-4, 7]},
								"south": {"uv": [28, 39], "uv_size": [4, 7]},
								"west": {"uv": [32, 39], "uv_size": [-4, 7]},
								"up": {"uv": [28, 39], "uv_size": [4, 4]},
								"down": {"uv": [28, 43], "uv_size": [4, -4]}
							}
						},
						{
							"origin": [-2, 7.525, -2],
							"size": [4, 0, 4],
							"uv": {
								"north": {"uv": [23, 0], "uv_size": [4, 0]},
								"east": {"uv": [23, 0], "uv_size": [4, 0]},
								"south": {"uv": [23, 0], "uv_size": [4, 0]},
								"west": {"uv": [23, 0], "uv_size": [4, 0]},
								"up": {"uv": [27, 4], "uv_size": [-4, -4]},
								"down": {"uv": [64, 64], "uv_size": [-4, -4]}
							}
						},
						{
							"origin": [0, 7, 0],
							"size": [3, 4, 0],
							"uv": {
								"north": {"uv": [33, 5], "uv_size": [3, 4]},
								"east": {"uv": [0, 0], "uv_size": [0, 3]},
								"south": {"uv": [61, 60], "uv_size": [3, 4]},
								"west": {"uv": [0, 0], "uv_size": [0, 3]},
								"up": {"uv": [4, 0], "uv_size": [-4, 0]},
								"down": {"uv": [4, 0], "uv_size": [-4, 0]}
							}
						}
					]
				},
				{
					"name": "healthy_milkshake",
					"parent": "milkshake",
					"pivot": [0, 0.275, 0],
					"cubes": [
						{
							"origin": [-2, 0.25, -2],
							"size": [4, 7, 4],
							"uv": {
								"north": {"uv": [0, 46], "uv_size": [4, 7]},
								"east": {"uv": [4, 46], "uv_size": [-4, 7]},
								"south": {"uv": [0, 46], "uv_size": [4, 7]},
								"west": {"uv": [4, 46], "uv_size": [-4, 7]},
								"up": {"uv": [0, 46], "uv_size": [4, 4]},
								"down": {"uv": [0, 50], "uv_size": [4, -4]}
							}
						},
						{
							"origin": [-2, 7.525, -2],
							"size": [4, 0, 4],
							"uv": {
								"north": {"uv": [23, 0], "uv_size": [4, 0]},
								"east": {"uv": [23, 0], "uv_size": [4, 0]},
								"south": {"uv": [23, 0], "uv_size": [4, 0]},
								"west": {"uv": [23, 0], "uv_size": [4, 0]},
								"up": {"uv": [27, 4], "uv_size": [-4, -4]},
								"down": {"uv": [64, 64], "uv_size": [-4, -4]}
							}
						}
					]
				},
				{
					"name": "chocolate_milkshake",
					"parent": "milkshake",
					"pivot": [0, 0.275, 0],
					"cubes": [
						{
							"origin": [-2, 0.25, -2],
							"size": [4, 7, 4],
							"uv": {
								"north": {"uv": [4, 46], "uv_size": [4, 7]},
								"east": {"uv": [8, 46], "uv_size": [-4, 7]},
								"south": {"uv": [4, 46], "uv_size": [4, 7]},
								"west": {"uv": [8, 46], "uv_size": [-4, 7]},
								"up": {"uv": [4, 46], "uv_size": [4, 4]},
								"down": {"uv": [4, 50], "uv_size": [4, -4]}
							}
						}
					]
				},
				{
					"name": "chocolate_peanut_milkshake",
					"parent": "milkshake",
					"pivot": [0, 0.275, 0],
					"cubes": [
						{
							"origin": [-2, 0.25, -2],
							"size": [4, 7, 4],
							"uv": {
								"north": {"uv": [8, 46], "uv_size": [4, 7]},
								"east": {"uv": [12, 46], "uv_size": [-4, 7]},
								"south": {"uv": [8, 46], "uv_size": [4, 7]},
								"west": {"uv": [12, 46], "uv_size": [-4, 7]},
								"up": {"uv": [8, 46], "uv_size": [4, 4]},
								"down": {"uv": [8, 50], "uv_size": [4, -4]}
							}
						}
					]
				},
				{
					"name": "chocolate_banana_milkshake",
					"parent": "milkshake",
					"pivot": [0, 0.275, 0],
					"cubes": [
						{
							"origin": [-2, 0.25, -2],
							"size": [4, 7, 4],
							"uv": {
								"north": {"uv": [12, 46], "uv_size": [4, 7]},
								"east": {"uv": [16, 46], "uv_size": [-4, 7]},
								"south": {"uv": [12, 46], "uv_size": [4, 7]},
								"west": {"uv": [16, 46], "uv_size": [-4, 7]},
								"up": {"uv": [12, 46], "uv_size": [4, 4]},
								"down": {"uv": [12, 50], "uv_size": [4, -4]}
							}
						}
					]
				},
				{
					"name": "chocolate_cookie_milkshake",
					"parent": "milkshake",
					"pivot": [0, 0.275, 0],
					"cubes": [
						{
							"origin": [-2, 0.25, -2],
							"size": [4, 7, 4],
							"uv": {
								"north": {"uv": [4, 46], "uv_size": [4, 7]},
								"east": {"uv": [8, 46], "uv_size": [-4, 7]},
								"south": {"uv": [4, 46], "uv_size": [4, 7]},
								"west": {"uv": [8, 46], "uv_size": [-4, 7]},
								"up": {"uv": [4, 46], "uv_size": [4, 4]},
								"down": {"uv": [4, 50], "uv_size": [4, -4]}
							}
						},
						{
							"origin": [-2, 7, 1],
							"size": [4, 4, 0],
							"uv": {
								"north": {"uv": [37, 0], "uv_size": [4, 4]},
								"east": {"uv": [0, 0], "uv_size": [0, 3]},
								"south": {"uv": [60, 60], "uv_size": [4, 4]},
								"west": {"uv": [0, 0], "uv_size": [0, 3]},
								"up": {"uv": [33, 0], "uv_size": [-4, 0]},
								"down": {"uv": [33, 0], "uv_size": [-4, 0]}
							}
						}
					]
				},
				{
					"name": "coffee_banana_milkshake",
					"parent": "milkshake",
					"pivot": [0, 0.275, 0],
					"cubes": [
						{
							"origin": [-2, 0.25, -2],
							"size": [4, 7, 4],
							"uv": {
								"north": {"uv": [16, 46], "uv_size": [4, 7]},
								"east": {"uv": [20, 46], "uv_size": [-4, 7]},
								"south": {"uv": [16, 46], "uv_size": [4, 7]},
								"west": {"uv": [20, 46], "uv_size": [-4, 7]},
								"up": {"uv": [16, 46], "uv_size": [4, 4]},
								"down": {"uv": [16, 50], "uv_size": [4, -4]}
							}
						}
					]
				},
				{
					"name": "unhealthy_milkshake",
					"parent": "milkshake",
					"pivot": [0, 0.275, 0],
					"cubes": [
						{
							"origin": [-2, 0.25, -2],
							"size": [4, 7, 4],
							"uv": {
								"north": {"uv": [20, 46], "uv_size": [4, 7]},
								"east": {"uv": [24, 46], "uv_size": [-4, 7]},
								"south": {"uv": [20, 46], "uv_size": [4, 7]},
								"west": {"uv": [24, 46], "uv_size": [-4, 7]},
								"up": {"uv": [20, 46], "uv_size": [4, 4]},
								"down": {"uv": [20, 50], "uv_size": [4, -4]}
							}
						}
					]
				},
				{
					"name": "suspicious_milkshake",
					"parent": "milkshake",
					"pivot": [0, 0.275, 0],
					"cubes": [
						{
							"origin": [-2, 0.25, -2],
							"size": [4, 7, 4],
							"uv": {
								"north": {"uv": [24, 46], "uv_size": [4, 7]},
								"east": {"uv": [28, 46], "uv_size": [-4, 7]},
								"south": {"uv": [24, 46], "uv_size": [4, 7]},
								"west": {"uv": [28, 46], "uv_size": [-4, 7]},
								"up": {"uv": [24, 46], "uv_size": [4, 4]},
								"down": {"uv": [24, 50], "uv_size": [4, -4]}
							}
						}
					]
				}
			]
		}
	]
}