{
  "format_version": "1.12.0",
  "minecraft:geometry": [
    {
      "description": {
        "identifier": "geometry.pod_farm.jar",
        "texture_width": 32,
        "texture_height": 32,
        "visible_bounds_width": 2,
        "visible_bounds_height": 1.5,
        "visible_bounds_offset": [0, 0.25, 0]
      },
      "bones": [
        {
          "name": "bone",
          "pivot": [0, 0, 0],
          "cubes": [
            {
              "origin": [1, 0, -4],
              "size": [5, 6, 5],
              "uv": {
                "north": { "uv": [5, 0], "uv_size": [5, 6] },
                "east": { "uv": [5, 0], "uv_size": [5, 6] },
                "south": { "uv": [5, 0], "uv_size": [5, 6] },
                "west": { "uv": [5, 0], "uv_size": [5, 6] },
                "up": { "uv": [0, 0], "uv_size": [5, 5] },
                "down": { "uv": [0, 15], "uv_size": [5, -5] }
              }
            },
            {
              "origin": [1, 0.1, -4],
              "size": [5, 6, 5],
              "inflate": 0.1,
              "uv": {
                "north": { "uv": [5, 6], "uv_size": [5, 6] },
                "east": { "uv": [5, 6], "uv_size": [5, 6] },
                "south": { "uv": [5, 6], "uv_size": [5, 6] },
                "west": { "uv": [5, 6], "uv_size": [5, 6] },
                "up": { "uv": [0, 0], "uv_size": [5, 5] },
                "down": { "uv": [0, 10], "uv_size": [5, -5] }
              }
            }
          ]
        },
        {
          "name": "1",
          "parent": "bone",
          "pivot": [-7, 0, 2],
          "cubes": [
            {
              "origin": [-6, 0, -2],
              "size": [5, 6, 5],
              "uv": {
                "north": { "uv": [5, 0], "uv_size": [5, 6] },
                "east": { "uv": [5, 0], "uv_size": [5, 6] },
                "south": { "uv": [5, 0], "uv_size": [5, 6] },
                "west": { "uv": [5, 0], "uv_size": [5, 6] },
                "up": { "uv": [0, 0], "uv_size": [5, 5] },
                "down": { "uv": [0, 15], "uv_size": [5, -5] }
              }
            },
            {
              "origin": [-6, 0.1, -2],
              "size": [5, 6, 5],
              "inflate": 0.1,
              "uv": {
                "north": { "uv": [5, 6], "uv_size": [5, 6] },
                "east": { "uv": [5, 6], "uv_size": [5, 6] },
                "south": { "uv": [5, 6], "uv_size": [5, 6] },
                "west": { "uv": [5, 6], "uv_size": [5, 6] },
                "up": { "uv": [0, 0], "uv_size": [5, 5] },
                "down": { "uv": [0, 10], "uv_size": [5, -5] }
              }
            }
          ]
        }
      ]
    }
  ]
}
