{
	"format_version": "1.12.0",
	"minecraft:geometry": [
		{
			"description": {
				"identifier": "geometry.pod_farm.juicer",
				"texture_width": 64,
				"texture_height": 64,
				"visible_bounds_width": 2,
				"visible_bounds_height": 2.5,
				"visible_bounds_offset": [0, 0.75, 0]
			},
			"bones": [
				{
					"name": "main",
					"pivot": [0, 0, 0],
					"cubes": [
						{
							"origin": [-7, 0, -7],
							"size": [14, 3, 14],
							"uv": {
								"north": {"uv": [0, 23], "uv_size": [14, 3]},
								"east": {"uv": [0, 26], "uv_size": [14, 3]},
								"south": {"uv": [0, 17], "uv_size": [14, 3]},
								"west": {"uv": [0, 20], "uv_size": [14, 3]},
								"up": {"uv": [14, 17], "uv_size": [14, 14]},
								"down": {"uv": [28, 31], "uv_size": [14, -14]}
							}
						},
						{
							"origin": [-7, 13, -7],
							"size": [14, 3, 14],
							"uv": {
								"north": {"uv": [14, 14], "uv_size": [14, 3]},
								"east": {"uv": [0, 14], "uv_size": [14, 3]},
								"south": {"uv": [0, 29], "uv_size": [14, 3]},
								"west": {"uv": [28, 14], "uv_size": [14, 3]},
								"up": {"uv": [14, 0], "uv_size": [14, 14]},
								"down": {"uv": [28, 14], "uv_size": [14, -14]}
							}
						},
						{
							"origin": [-6, 3, -6],
							"size": [12, 10, 12],
							"inflate": 0.3,
							"uv": {
								"north": {"uv": [42, 10], "uv_size": [12, 10]},
								"east": {"uv": [54, 0], "uv_size": [-12, 10]},
								"south": {"uv": [42, 30], "uv_size": [12, 10]},
								"west": {"uv": [54, 20], "uv_size": [-12, 10]},
								"up": {"uv": [52, 52], "uv_size": [12, 12]},
								"down": {"uv": [52, 52], "uv_size": [12, -12]}
							}
						}
					]
				},
				{
					"name": "1",
					"parent": "main",
					"pivot": [0, 0, 0],
					"cubes": [
						{
							"origin": [-6, 3, -6],
							"size": [12, 1, 12],
							"uv": {
								"north": {"uv": [14, 33], "uv_size": [12, 1]},
								"east": {"uv": [14, 31], "uv_size": [12, 1]},
								"south": {"uv": [14, 37], "uv_size": [12, 1]},
								"west": {"uv": [14, 35], "uv_size": [12, 1]},
								"up": {"uv": [30, 31], "uv_size": [12, 12]},
								"down": {"uv": [24, 68], "uv_size": [12, -12]}
							}
						}
					]
				},
				{
					"name": "2",
					"parent": "main",
					"pivot": [0, 1, 0],
					"cubes": [
						{
							"origin": [-6, 4, -6],
							"size": [12, 1, 12],
							"pivot": [0, 1, 0],
							"rotation": [0, 90, 0],
							"uv": {
								"north": {"uv": [14, 33], "uv_size": [12, 1]},
								"east": {"uv": [14, 31], "uv_size": [12, 1]},
								"south": {"uv": [14, 37], "uv_size": [12, 1]},
								"west": {"uv": [14, 35], "uv_size": [12, 1]},
								"up": {"uv": [30, 31], "uv_size": [12, 12]},
								"down": {"uv": [24, 68], "uv_size": [12, -12]}
							}
						}
					]
				},
				{
					"name": "3",
					"parent": "main",
					"pivot": [0, 2, 0],
					"rotation": [-180, 0, 180],
					"cubes": [
						{
							"origin": [-6, 5, -6],
							"size": [12, 1, 12],
							"uv": {
								"north": {"uv": [14, 33], "uv_size": [12, 1]},
								"east": {"uv": [14, 31], "uv_size": [12, 1]},
								"south": {"uv": [14, 37], "uv_size": [12, 1]},
								"west": {"uv": [14, 35], "uv_size": [12, 1]},
								"up": {"uv": [30, 31], "uv_size": [12, 12]},
								"down": {"uv": [24, 68], "uv_size": [12, -12]}
							}
						}
					]
				},
				{
					"name": "4",
					"parent": "main",
					"pivot": [0, 1, 0],
					"cubes": [
						{
							"origin": [-6, 6, -6],
							"size": [12, 1, 12],
							"pivot": [0, 3, 0],
							"rotation": [-180, -90, 180],
							"uv": {
								"north": {"uv": [14, 33], "uv_size": [12, 1]},
								"east": {"uv": [14, 31], "uv_size": [12, 1]},
								"south": {"uv": [14, 37], "uv_size": [12, 1]},
								"west": {"uv": [14, 35], "uv_size": [12, 1]},
								"up": {"uv": [30, 31], "uv_size": [12, 12]},
								"down": {"uv": [24, 68], "uv_size": [12, -12]}
							}
						}
					]
				},
				{
					"name": "5",
					"parent": "main",
					"pivot": [0, 1, 0],
					"cubes": [
						{
							"origin": [-6, 7, -6],
							"size": [12, 1, 12],
							"uv": {
								"north": {"uv": [14, 33], "uv_size": [12, 1]},
								"east": {"uv": [14, 31], "uv_size": [12, 1]},
								"south": {"uv": [14, 37], "uv_size": [12, 1]},
								"west": {"uv": [14, 35], "uv_size": [12, 1]},
								"up": {"uv": [30, 31], "uv_size": [12, 12]},
								"down": {"uv": [24, 68], "uv_size": [12, -12]}
							}
						}
					]
				},
				{
					"name": "6",
					"parent": "main",
					"pivot": [0, 5, 0],
					"cubes": [
						{
							"origin": [-6, 8, -6],
							"size": [12, 1, 12],
							"pivot": [0, 5, 0],
							"rotation": [-180, 0, 180],
							"uv": {
								"north": {"uv": [14, 33], "uv_size": [12, 1]},
								"east": {"uv": [14, 31], "uv_size": [12, 1]},
								"south": {"uv": [14, 37], "uv_size": [12, 1]},
								"west": {"uv": [14, 35], "uv_size": [12, 1]},
								"up": {"uv": [30, 31], "uv_size": [12, 12]},
								"down": {"uv": [24, 68], "uv_size": [12, -12]}
							}
						}
					]
				},
				{
					"name": "7",
					"parent": "main",
					"pivot": [0, 5, 0],
					"cubes": [
						{
							"origin": [-6, 9, -6],
							"size": [12, 1, 12],
							"pivot": [0, 6, 0],
							"rotation": [0, -90, 0],
							"uv": {
								"north": {"uv": [14, 33], "uv_size": [12, 1]},
								"east": {"uv": [14, 31], "uv_size": [12, 1]},
								"south": {"uv": [14, 37], "uv_size": [12, 1]},
								"west": {"uv": [14, 35], "uv_size": [12, 1]},
								"up": {"uv": [30, 31], "uv_size": [12, 12]},
								"down": {"uv": [24, 68], "uv_size": [12, -12]}
							}
						}
					]
				},
				{
					"name": "8",
					"parent": "main",
					"pivot": [0, 5, 0],
					"cubes": [
						{
							"origin": [-6, 10, -6],
							"size": [12, 1, 12],
							"pivot": [0, 7, 0],
							"rotation": [-180, 0, 180],
							"uv": {
								"north": {"uv": [14, 33], "uv_size": [12, 1]},
								"east": {"uv": [14, 31], "uv_size": [12, 1]},
								"south": {"uv": [14, 37], "uv_size": [12, 1]},
								"west": {"uv": [14, 35], "uv_size": [12, 1]},
								"up": {"uv": [30, 31], "uv_size": [12, 12]},
								"down": {"uv": [24, 68], "uv_size": [12, -12]}
							}
						}
					]
				},
				{
					"name": "9",
					"parent": "main",
					"pivot": [0, 0, 0],
					"cubes": [
						{
							"origin": [-6, 11, -6],
							"size": [12, 1, 12],
							"pivot": [0, 3, 0],
							"rotation": [0, 90, 0],
							"uv": {
								"north": {"uv": [14, 33], "uv_size": [12, 1]},
								"east": {"uv": [14, 31], "uv_size": [12, 1]},
								"south": {"uv": [14, 37], "uv_size": [12, 1]},
								"west": {"uv": [14, 35], "uv_size": [12, 1]},
								"up": {"uv": [30, 31], "uv_size": [12, 12]},
								"down": {"uv": [24, 68], "uv_size": [12, -12]}
							}
						}
					]
				},
				{
					"name": "10",
					"parent": "main",
					"pivot": [0, 5, 0],
					"cubes": [
						{
							"origin": [-6, 12, -6],
							"size": [12, 1, 12],
							"pivot": [0, 9, 0],
							"rotation": [-180, 0, 180],
							"uv": {
								"north": {"uv": [14, 33], "uv_size": [12, 1]},
								"east": {"uv": [14, 31], "uv_size": [12, 1]},
								"south": {"uv": [14, 37], "uv_size": [12, 1]},
								"west": {"uv": [14, 35], "uv_size": [12, 1]},
								"up": {"uv": [30, 31], "uv_size": [12, 12]},
								"down": {"uv": [24, 68], "uv_size": [12, -12]}
							}
						}
					]
				},
				{
					"name": "handle",
					"parent": "main",
					"pivot": [0, 3.3, 0],
					"cubes": [
						{"origin": [-1.5, 6.5, -10.3], "size": [3, 0, 3], "uv": [-3, 8]},
						{"origin": [-0.5, 5.3, -9.3], "size": [1, 1, 3], "uv": [0, 0]},
						{"origin": [-0.5, 4.3, -9.3], "size": [1, 1, 1], "uv": [2, 4]},
						{"origin": [-0.5, 4.05, -9.3], "size": [1, 1, 1], "inflate": 0.1, "uv": [6, 5]}
					]
				}
			]
		}
	]
}