{
	"format_version": "1.12.0",
	"minecraft:geometry": [
		{
			"description": {
				"identifier": "geometry.pod_farm.stove_top",
				"texture_width": 64,
				"texture_height": 64,
				"visible_bounds_width": 2,
				"visible_bounds_height": 2.5,
				"visible_bounds_offset": [0, 0.75, 0]
			},
			"bones": [
				{
					"name": "main",
					"pivot": [8, 0, -8]
				},
				{
					"name": "stove",
					"parent": "main",
					"pivot": [0, 0, 0],
					"cubes": [
						{
							"origin": [-8, 1.25, -8],
							"size": [16, 0, 16],
							"uv": {
								"north": {"uv": [0, 0], "uv_size": [16, 0]},
								"east": {"uv": [0, 0], "uv_size": [16, 0]},
								"south": {"uv": [0, 0], "uv_size": [16, 0]},
								"west": {"uv": [0, 0], "uv_size": [16, 0]},
								"up": {"uv": [0, 0], "uv_size": [16, 16]},
								"down": {"uv": [0, 64], "uv_size": [16, -16]}
							}
						},
						{
							"origin": [-8, 0, -8],
							"size": [16, 1, 16],
							"uv": {
								"north": {"uv": [32, 0], "uv_size": [16, 1]},
								"east": {"uv": [32, 0], "uv_size": [16, 1]},
								"south": {"uv": [32, 0], "uv_size": [16, 1]},
								"west": {"uv": [32, 0], "uv_size": [16, 1]},
								"up": {"uv": [16, 0], "uv_size": [16, 16]},
								"down": {"uv": [16, 32], "uv_size": [16, -16]}
							}
						},
						{
							"origin": [-8, 0.5, -8],
							"size": [16, 0, 16],
							"uv": {
								"north": {"uv": [0, 0], "uv_size": [16, 0]},
								"east": {"uv": [0, 0], "uv_size": [16, 0]},
								"south": {"uv": [0, 0], "uv_size": [16, 0]},
								"west": {"uv": [0, 0], "uv_size": [16, 0]},
								"up": {"uv": [16, 32], "uv_size": [16, 16]},
								"down": {"uv": [0, 64], "uv_size": [16, -16]}
							}
						}
					]
				},
				{
					"name": "pot_stove",
					"parent": "main",
					"pivot": [0, 1.3, 0],
					"cubes": [
						{
							"origin": [-5, 1.3, -5],
							"size": [10, 5, 10],
							"uv": {
								"north": {"uv": [32, 3], "uv_size": [10, 5]},
								"east": {"uv": [32, 3], "uv_size": [10, 5]},
								"south": {"uv": [32, 3], "uv_size": [10, 5]},
								"west": {"uv": [32, 3], "uv_size": [10, 5]},
								"up": {"uv": [0, 54], "uv_size": [10, 10]},
								"down": {"uv": [42, 11], "uv_size": [10, -10]}
							}
						},
						{
							"origin": [-7, 6.3, -2],
							"size": [2, 2, 4],
							"uv": {
								"north": {"uv": [42, 17], "uv_size": [2, 2]},
								"east": {"uv": [42, 11], "uv_size": [4, 2]},
								"south": {"uv": [44, 17], "uv_size": [2, 2]},
								"west": {"uv": [0, 62], "uv_size": [4, 2]},
								"up": {"uv": [42, 13], "uv_size": [2, 4]},
								"down": {"uv": [44, 17], "uv_size": [2, -4]}
							}
						},
						{
							"origin": [5, 6.3, -2],
							"size": [2, 2, 4],
							"uv": {
								"north": {"uv": [44, 17], "uv_size": [-2, 2]},
								"east": {"uv": [4, 62], "uv_size": [-4, 2]},
								"south": {"uv": [46, 17], "uv_size": [-2, 2]},
								"west": {"uv": [46, 11], "uv_size": [-4, 2]},
								"up": {"uv": [44, 13], "uv_size": [-2, 4]},
								"down": {"uv": [46, 17], "uv_size": [-2, -4]}
							}
						},
						{
							"origin": [-5, 6.3, -5],
							"size": [10, 2, 10],
							"inflate": 0.2,
							"uv": {
								"north": {"uv": [32, 1], "uv_size": [10, 2]},
								"east": {"uv": [32, 1], "uv_size": [10, 2]},
								"south": {"uv": [32, 1], "uv_size": [10, 2]},
								"west": {"uv": [32, 1], "uv_size": [10, 2]},
								"up": {"uv": [32, 8], "uv_size": [10, 10]},
								"down": {"uv": [32, 28], "uv_size": [10, -10]}
							}
						},
						{
							"origin": [-4, 6.3, -4],
							"size": [8, 2, 8],
							"inflate": 0.2,
							"uv": {
								"north": {"uv": [33, 1], "uv_size": [8, 2]},
								"east": {"uv": [33, 1], "uv_size": [8, 2]},
								"south": {"uv": [33, 1], "uv_size": [8, 2]},
								"west": {"uv": [33, 1], "uv_size": [8, 2]},
								"up": {"uv": [0, 56], "uv_size": [8, 8]},
								"down": {"uv": [0, 64], "uv_size": [8, -8]}
							}
						},
						{
							"origin": [-5, 1.8, -5],
							"size": [10, 0, 10],
							"uv": {
								"north": {"uv": [0, 0], "uv_size": [10, 0]},
								"east": {"uv": [0, 0], "uv_size": [10, 0]},
								"south": {"uv": [0, 0], "uv_size": [10, 0]},
								"west": {"uv": [0, 0], "uv_size": [10, 0]},
								"up": {"uv": [42, 1], "uv_size": [10, 10]},
								"down": {"uv": [0, 64], "uv_size": [10, -10]}
							}
						},
						{
							"origin": [-5, 1.3, 4.75],
							"size": [10, 7, 0],
							"uv": {
								"north": {"uv": [0, 54], "uv_size": [10, 10]},
								"east": {"uv": [0, 0], "uv_size": [0, 10]},
								"south": {"uv": [32, 1], "uv_size": [10, 7]},
								"west": {"uv": [0, 0], "uv_size": [0, 10]},
								"up": {"uv": [0, 0], "uv_size": [10, 0]},
								"down": {"uv": [0, 0], "uv_size": [10, 0]}
							}
						},
						{
							"origin": [-5, 1.3, 4.75],
							"size": [10, 7, 0],
							"pivot": [0, 1.3, 0],
							"rotation": [0, 90, 0],
							"uv": {
								"north": {"uv": [0, 54], "uv_size": [10, 10]},
								"east": {"uv": [0, 0], "uv_size": [0, 10]},
								"south": {"uv": [32, 1], "uv_size": [10, 7]},
								"west": {"uv": [0, 0], "uv_size": [0, 10]},
								"up": {"uv": [0, 0], "uv_size": [10, 0]},
								"down": {"uv": [0, 0], "uv_size": [10, 0]}
							}
						},
						{
							"origin": [-5, 1.3, 4.75],
							"size": [10, 7, 0],
							"pivot": [0, 1.3, 0],
							"rotation": [0, -90, 0],
							"uv": {
								"north": {"uv": [0, 54], "uv_size": [10, 10]},
								"east": {"uv": [0, 0], "uv_size": [0, 10]},
								"south": {"uv": [32, 1], "uv_size": [10, 7]},
								"west": {"uv": [0, 0], "uv_size": [0, 10]},
								"up": {"uv": [0, 0], "uv_size": [10, 0]},
								"down": {"uv": [0, 0], "uv_size": [10, 0]}
							}
						},
						{
							"origin": [-5, 1.3, 4.75],
							"size": [10, 7, 0],
							"pivot": [0, 1.3, 0],
							"rotation": [-180, 0, 180],
							"uv": {
								"north": {"uv": [0, 54], "uv_size": [10, 10]},
								"east": {"uv": [0, 0], "uv_size": [0, 10]},
								"south": {"uv": [32, 1], "uv_size": [10, 7]},
								"west": {"uv": [0, 0], "uv_size": [0, 10]},
								"up": {"uv": [0, 0], "uv_size": [10, 0]},
								"down": {"uv": [0, 0], "uv_size": [10, 0]}
							}
						},
						{
							"origin": [-8, 0.6, -8],
							"size": [16, 0, 16],
							"uv": {
								"north": {"uv": [0, 0], "uv_size": [16, 0]},
								"east": {"uv": [0, 0], "uv_size": [16, 0]},
								"south": {"uv": [0, 0], "uv_size": [16, 0]},
								"west": {"uv": [0, 0], "uv_size": [16, 0]},
								"up": {"uv": [0, 16], "uv_size": [16, 16]},
								"down": {"uv": [0, 64], "uv_size": [16, -16]}
							}
						}
					]
				},
				{
					"name": "kettle_stove",
					"parent": "main",
					"pivot": [0, 0.05, 0],
					"cubes": [
						{
							"origin": [-4, 1.3, -4],
							"size": [8, 6, 8],
							"uv": {
								"north": {"uv": [46, 11], "uv_size": [8, 6]},
								"east": {"uv": [46, 11], "uv_size": [8, 6]},
								"south": {"uv": [46, 11], "uv_size": [8, 6]},
								"west": {"uv": [46, 11], "uv_size": [8, 6]},
								"up": {"uv": [54, 11], "uv_size": [8, 8]},
								"down": {"uv": [46, 25], "uv_size": [8, -8]}
							}
						},
						{
							"origin": [-1, 2.3, -9],
							"size": [2, 2, 5],
							"pivot": [0, 2.3, -4],
							"rotation": [-45, 0, 0],
							"uv": {
								"north": {"uv": [0, 62], "uv_size": [2, 2]},
								"east": {"uv": [49, 25], "uv_size": [5, 2]},
								"south": {"uv": [0, 62], "uv_size": [2, 2]},
								"west": {"uv": [49, 27], "uv_size": [5, 2]},
								"up": {"uv": [45, 25], "uv_size": [2, 5]},
								"down": {"uv": [47, 30], "uv_size": [2, -5]}
							}
						},
						{
							"origin": [-1, 2.3, -8],
							"size": [2, 2, 0],
							"pivot": [0, 2.3, -4],
							"rotation": [-45, 0, 0],
							"uv": {
								"north": {"uv": [42, 19], "uv_size": [2, 2]},
								"east": {"uv": [0, 0], "uv_size": [0, 2]},
								"south": {"uv": [0, 62], "uv_size": [2, 2]},
								"west": {"uv": [0, 0], "uv_size": [0, 2]},
								"up": {"uv": [0, 0], "uv_size": [2, 0]},
								"down": {"uv": [0, 0], "uv_size": [2, 0]}
							}
						},
						{
							"origin": [-4, 7.55, -4],
							"size": [8, 0, 8],
							"uv": {
								"north": {"uv": [0, 0], "uv_size": [8, 0]},
								"east": {"uv": [0, 0], "uv_size": [8, 0]},
								"south": {"uv": [0, 0], "uv_size": [8, 0]},
								"west": {"uv": [0, 0], "uv_size": [8, 0]},
								"up": {"uv": [54, 19], "uv_size": [8, 8]},
								"down": {"uv": [0, 64], "uv_size": [8, -8]}
							}
						},
						{
							"origin": [-1, 7.55, -1],
							"size": [2, 1, 2],
							"uv": {
								"north": {"uv": [42, 22], "uv_size": [2, 1]},
								"east": {"uv": [0, 63], "uv_size": [2, 1]},
								"south": {"uv": [42, 22], "uv_size": [2, 1]},
								"west": {"uv": [0, 63], "uv_size": [2, 1]},
								"up": {"uv": [42, 21], "uv_size": [2, 2]},
								"down": {"uv": [0, 64], "uv_size": [2, -2]}
							}
						},
						{
							"origin": [0, 5.3, -5],
							"size": [0, 8, 10],
							"uv": {
								"north": {"uv": [0, 0], "uv_size": [0, 8]},
								"east": {"uv": [52, 0], "uv_size": [10, 8]},
								"south": {"uv": [0, 0], "uv_size": [0, 8]},
								"west": {"uv": [0, 56], "uv_size": [10, 8]},
								"up": {"uv": [0, 0], "uv_size": [0, 10]},
								"down": {"uv": [0, 10], "uv_size": [0, -10]}
							}
						},
						{
							"origin": [-8, 0.6, -8],
							"size": [16, 0, 16],
							"uv": {
								"north": {"uv": [0, 0], "uv_size": [16, 0]},
								"east": {"uv": [0, 0], "uv_size": [16, 0]},
								"south": {"uv": [0, 0], "uv_size": [16, 0]},
								"west": {"uv": [0, 0], "uv_size": [16, 0]},
								"up": {"uv": [0, 16], "uv_size": [16, 16]},
								"down": {"uv": [0, 64], "uv_size": [16, -16]}
							}
						}
					]
				},
				{
					"name": "pan_stove",
					"parent": "main",
					"pivot": [0, 1.325, 0],
					"cubes": [
						{
							"origin": [-5, 1.275, -5],
							"size": [10, 1, 10],
							"uv": {
								"north": {"uv": [54, 32], "uv_size": [10, 1]},
								"east": {"uv": [54, 32], "uv_size": [10, 1]},
								"south": {"uv": [54, 32], "uv_size": [10, 1]},
								"west": {"uv": [54, 32], "uv_size": [10, 1]},
								"up": {"uv": [0, 54], "uv_size": [10, 10]},
								"down": {"uv": [54, 43], "uv_size": [10, -10]}
							}
						},
						{
							"origin": [-5, 1.275, -4.75],
							"size": [10, 3, 0],
							"uv": {
								"north": {"uv": [54, 30], "uv_size": [10, 3]},
								"east": {"uv": [0, 0], "uv_size": [0, 3]},
								"south": {"uv": [0, 61], "uv_size": [10, 3]},
								"west": {"uv": [0, 0], "uv_size": [0, 3]},
								"up": {"uv": [0, 0], "uv_size": [10, 0]},
								"down": {"uv": [0, 0], "uv_size": [10, 0]}
							}
						},
						{
							"origin": [-5, 1.275, -4.75],
							"size": [10, 3, 0],
							"pivot": [0, 1.275, 0],
							"rotation": [0, 90, 0],
							"uv": {
								"north": {"uv": [54, 30], "uv_size": [10, 3]},
								"east": {"uv": [0, 0], "uv_size": [0, 3]},
								"south": {"uv": [0, 61], "uv_size": [10, 3]},
								"west": {"uv": [0, 0], "uv_size": [0, 3]},
								"up": {"uv": [0, 0], "uv_size": [10, 0]},
								"down": {"uv": [0, 0], "uv_size": [10, 0]}
							}
						},
						{
							"origin": [-5, 1.275, -4.75],
							"size": [10, 3, 0],
							"pivot": [0, 1.275, 0],
							"rotation": [0, -90, 0],
							"uv": {
								"north": {"uv": [54, 30], "uv_size": [10, 3]},
								"east": {"uv": [0, 0], "uv_size": [0, 3]},
								"south": {"uv": [0, 61], "uv_size": [10, 3]},
								"west": {"uv": [0, 0], "uv_size": [0, 3]},
								"up": {"uv": [0, 0], "uv_size": [10, 0]},
								"down": {"uv": [0, 0], "uv_size": [10, 0]}
							}
						},
						{
							"origin": [-5, 1.275, -4.75],
							"size": [10, 3, 0],
							"pivot": [0, 1.275, 0],
							"rotation": [-180, 0, 180],
							"uv": {
								"north": {"uv": [54, 30], "uv_size": [10, 3]},
								"east": {"uv": [0, 0], "uv_size": [0, 3]},
								"south": {"uv": [0, 61], "uv_size": [10, 3]},
								"west": {"uv": [0, 0], "uv_size": [0, 3]},
								"up": {"uv": [0, 0], "uv_size": [10, 0]},
								"down": {"uv": [0, 0], "uv_size": [10, 0]}
							}
						},
						{
							"origin": [-5, 1.775, -5],
							"size": [10, 0, 10],
							"uv": {
								"north": {"uv": [0, 0], "uv_size": [10, 0]},
								"east": {"uv": [0, 0], "uv_size": [10, 0]},
								"south": {"uv": [0, 0], "uv_size": [10, 0]},
								"west": {"uv": [0, 0], "uv_size": [10, 0]},
								"up": {"uv": [54, 33], "uv_size": [10, 10]},
								"down": {"uv": [0, 64], "uv_size": [10, -10]}
							}
						},
						{
							"origin": [-5, 2.275, -5],
							"size": [10, 2, 10],
							"inflate": 0.2,
							"uv": {
								"north": {"uv": [54, 30], "uv_size": [10, 2]},
								"east": {"uv": [54, 30], "uv_size": [10, 2]},
								"south": {"uv": [54, 30], "uv_size": [10, 2]},
								"west": {"uv": [54, 30], "uv_size": [10, 2]},
								"up": {"uv": [44, 30], "uv_size": [10, 10]},
								"down": {"uv": [44, 50], "uv_size": [10, -10]}
							}
						},
						{
							"origin": [-4, 2.275, -4],
							"size": [8, 2, 8],
							"inflate": 0.2,
							"uv": {
								"north": {"uv": [55, 30], "uv_size": [8, 2]},
								"east": {"uv": [55, 30], "uv_size": [8, 2]},
								"south": {"uv": [55, 30], "uv_size": [8, 2]},
								"west": {"uv": [55, 30], "uv_size": [8, 2]},
								"up": {"uv": [0, 56], "uv_size": [8, 8]},
								"down": {"uv": [0, 64], "uv_size": [8, -8]}
							}
						},
						{
							"origin": [-1, 2.275, -12],
							"size": [2, 2, 7],
							"uv": {
								"north": {"uv": [61, 43], "uv_size": [2, 2]},
								"east": {"uv": [54, 43], "uv_size": [7, 2]},
								"south": {"uv": [0, 62], "uv_size": [2, 2]},
								"west": {"uv": [61, 45], "uv_size": [-7, 2]},
								"up": {"uv": [56, 47], "uv_size": [2, 7]},
								"down": {"uv": [54, 54], "uv_size": [2, -7]}
							}
						},
						{
							"origin": [-1, 2.275, -12],
							"size": [2, 2, 3],
							"inflate": 0.1,
							"uv": {
								"north": {"uv": [61, 43], "uv_size": [2, 2]},
								"east": {"uv": [58, 43], "uv_size": [3, 2]},
								"south": {"uv": [0, 62], "uv_size": [2, 2]},
								"west": {"uv": [61, 45], "uv_size": [-3, 2]},
								"up": {"uv": [56, 51], "uv_size": [2, 3]},
								"down": {"uv": [54, 54], "uv_size": [2, -3]}
							}
						},
						{
							"origin": [-8, 0.6, -8],
							"size": [16, 0, 16],
							"uv": {
								"north": {"uv": [0, 0], "uv_size": [16, 0]},
								"east": {"uv": [0, 0], "uv_size": [16, 0]},
								"south": {"uv": [0, 0], "uv_size": [16, 0]},
								"west": {"uv": [0, 0], "uv_size": [16, 0]},
								"up": {"uv": [0, 16], "uv_size": [16, 16]},
								"down": {"uv": [0, 64], "uv_size": [16, -16]}
							}
						}
					]
				}
			]
		}
	]
}