{
	"format_version": "1.12.0",
	"minecraft:geometry": [
		{
			"description": {
				"identifier": "geometry.pod_farm.tin_can",
				"texture_width": 64,
				"texture_height": 64,
				"visible_bounds_width": 2,
				"visible_bounds_height": 2.5,
				"visible_bounds_offset": [0, 0.75, 0]
			},
			"bones": [
				{
					"name": "main",
					"pivot": [8, 0, -8]
				},
				{
					"name": "can",
					"parent": "main",
					"pivot": [1, 0, 0],
					"cubes": [
						{
							"origin": [-2, 0, -2],
							"size": [4, 6, 4],
							"uv": {
								"north": {"uv": [0, 0], "uv_size": [4, 6]},
								"east": {"uv": [0, 0], "uv_size": [4, 6]},
								"south": {"uv": [0, 0], "uv_size": [4, 6]},
								"west": {"uv": [0, 0], "uv_size": [4, 6]},
								"up": {"uv": [4, 0], "uv_size": [4, 4]},
								"down": {"uv": [4, 8], "uv_size": [4, -4]}
							}
						},
						{
							"origin": [-2, 0.1, -2],
							"size": [4, 6, 4],
							"inflate": 0.1,
							"uv": {
								"north": {"uv": [0, 12], "uv_size": [4, 6]},
								"east": {"uv": [0, 6], "uv_size": [4, 6]},
								"south": {"uv": [0, 6], "uv_size": [4, 6]},
								"west": {"uv": [0, 6], "uv_size": [4, 6]},
								"up": {"uv": [8, 0], "uv_size": [4, 4]},
								"down": {"uv": [8, 4], "uv_size": [4, -4]}
							}
						},
						{
							"origin": [-2, 6.125, -2],
							"size": [4, 0, 4],
							"uv": {
								"north": {"uv": [0, 0], "uv_size": [4, 0]},
								"east": {"uv": [0, 0], "uv_size": [4, 0]},
								"south": {"uv": [0, 0], "uv_size": [4, 0]},
								"west": {"uv": [0, 0], "uv_size": [4, 0]},
								"up": {"uv": [12, 0], "uv_size": [4, 4]},
								"down": {"uv": [8, 4], "uv_size": [4, -4]}
							}
						}
					]
				},
				{
					"name": "1",
					"parent": "main",
					"pivot": [6, 0, 3],
					"cubes": [
						{
							"origin": [3, 0, 1],
							"size": [4, 6, 4],
							"uv": {
								"north": {"uv": [0, 0], "uv_size": [4, 6]},
								"east": {"uv": [0, 0], "uv_size": [4, 6]},
								"south": {"uv": [0, 0], "uv_size": [4, 6]},
								"west": {"uv": [0, 0], "uv_size": [4, 6]},
								"up": {"uv": [4, 0], "uv_size": [4, 4]},
								"down": {"uv": [4, 8], "uv_size": [4, -4]}
							}
						},
						{
							"origin": [3, 0.1, 1],
							"size": [4, 6, 4],
							"inflate": 0.1,
							"uv": {
								"north": {"uv": [0, 12], "uv_size": [4, 6]},
								"east": {"uv": [0, 6], "uv_size": [4, 6]},
								"south": {"uv": [0, 6], "uv_size": [4, 6]},
								"west": {"uv": [0, 6], "uv_size": [4, 6]},
								"up": {"uv": [8, 0], "uv_size": [4, 4]},
								"down": {"uv": [8, 4], "uv_size": [4, -4]}
							}
						},
						{
							"origin": [3, 6.125, 1],
							"size": [4, 0, 4],
							"uv": {
								"north": {"uv": [0, 0], "uv_size": [4, 0]},
								"east": {"uv": [0, 0], "uv_size": [4, 0]},
								"south": {"uv": [0, 0], "uv_size": [4, 0]},
								"west": {"uv": [0, 0], "uv_size": [4, 0]},
								"up": {"uv": [12, 0], "uv_size": [4, 4]},
								"down": {"uv": [8, 4], "uv_size": [4, -4]}
							}
						}
					]
				},
				{
					"name": "2",
					"parent": "main",
					"pivot": [-2, 0, 5],
					"cubes": [
						{
							"origin": [-5, 0, 3],
							"size": [4, 6, 4],
							"uv": {
								"north": {"uv": [0, 0], "uv_size": [4, 6]},
								"east": {"uv": [0, 0], "uv_size": [4, 6]},
								"south": {"uv": [0, 0], "uv_size": [4, 6]},
								"west": {"uv": [0, 0], "uv_size": [4, 6]},
								"up": {"uv": [4, 0], "uv_size": [4, 4]},
								"down": {"uv": [4, 8], "uv_size": [4, -4]}
							}
						},
						{
							"origin": [-5, 0.1, 3],
							"size": [4, 6, 4],
							"inflate": 0.1,
							"uv": {
								"north": {"uv": [0, 12], "uv_size": [4, 6]},
								"east": {"uv": [0, 6], "uv_size": [4, 6]},
								"south": {"uv": [0, 6], "uv_size": [4, 6]},
								"west": {"uv": [0, 6], "uv_size": [4, 6]},
								"up": {"uv": [8, 0], "uv_size": [4, 4]},
								"down": {"uv": [8, 4], "uv_size": [4, -4]}
							}
						},
						{
							"origin": [-5, 6.125, 3],
							"size": [4, 0, 4],
							"uv": {
								"north": {"uv": [0, 0], "uv_size": [4, 0]},
								"east": {"uv": [0, 0], "uv_size": [4, 0]},
								"south": {"uv": [0, 0], "uv_size": [4, 0]},
								"west": {"uv": [0, 0], "uv_size": [4, 0]},
								"up": {"uv": [12, 0], "uv_size": [4, 4]},
								"down": {"uv": [8, 4], "uv_size": [4, -4]}
							}
						}
					]
				},
				{
					"name": "3",
					"parent": "main",
					"pivot": [-3, 0, -5],
					"cubes": [
						{
							"origin": [-6, 0, -7],
							"size": [4, 6, 4],
							"uv": {
								"north": {"uv": [0, 0], "uv_size": [4, 6]},
								"east": {"uv": [0, 0], "uv_size": [4, 6]},
								"south": {"uv": [0, 0], "uv_size": [4, 6]},
								"west": {"uv": [0, 0], "uv_size": [4, 6]},
								"up": {"uv": [4, 0], "uv_size": [4, 4]},
								"down": {"uv": [4, 8], "uv_size": [4, -4]}
							}
						},
						{
							"origin": [-6, 0.1, -7],
							"size": [4, 6, 4],
							"inflate": 0.1,
							"uv": {
								"north": {"uv": [0, 12], "uv_size": [4, 6]},
								"east": {"uv": [0, 6], "uv_size": [4, 6]},
								"south": {"uv": [0, 6], "uv_size": [4, 6]},
								"west": {"uv": [0, 6], "uv_size": [4, 6]},
								"up": {"uv": [8, 0], "uv_size": [4, 4]},
								"down": {"uv": [8, 4], "uv_size": [4, -4]}
							}
						},
						{
							"origin": [-6, 6.125, -7],
							"size": [4, 0, 4],
							"uv": {
								"north": {"uv": [0, 0], "uv_size": [4, 0]},
								"east": {"uv": [0, 0], "uv_size": [4, 0]},
								"south": {"uv": [0, 0], "uv_size": [4, 0]},
								"west": {"uv": [0, 0], "uv_size": [4, 0]},
								"up": {"uv": [12, 0], "uv_size": [4, 4]},
								"down": {"uv": [8, 4], "uv_size": [4, -4]}
							}
						}
					]
				}
			]
		}
	]
}