{
	"format_version": "1.8.0",
	"minecraft:client_entity": {
		"description": {
			"identifier": "mbl_fish:casting_net_real",
			"materials": {
				"default": "entity_alphatest"
			},
			"textures": {
				"default": "textures/mobblocks/fish/entity/casting_net_real",
				"net_02": "textures/mobblocks/fish/entity/casting_net_real_low",
				"net_03": "textures/mobblocks/fish/entity/casting_net_real_med",
				"net_04": "textures/mobblocks/fish/entity/casting_net_real_full"
			},

			"geometry": {
				"default": "geometry.casting_net_real"
			},

			"render_controllers": [ "controller.render.mbl_fish.multi4" ]
		}
	}
}