{
  "format_version": "1.21.0",
  "minecraft:block": {
    "description": {
      "identifier": "pod_farm:peanut_butter_banana_smoothie_glass",
      "menu_category": {
        "category": "none"
      },
      "traits": {
        "minecraft:placement_direction": {
          "enabled_states": ["minecraft:cardinal_direction"]
        }
      }
    },
    "components": {
      "minecraft:light_dampening": 0,
      "minecraft:material_instances": {
        "*": {
          "texture": "pod_farm:drink_glass",
          "render_method": "alpha_test",
          "ambient_occlusion": false,
          "face_dimming": false
        }
      },
      "minecraft:loot": "loot_tables/pd_fm_d/pb_banana_smoothie.json",
      "minecraft:destructible_by_mining": {
        "seconds_to_destroy": 0.2
      },
      "minecraft:geometry": {
        "bone_visibility": {
          "apple_juice": false,
          "blackberry_juice": false,
          "blueberry_juice": false,
          "carrot_juice": false,
          "cranberry_juice": false,
          "golden_apple_juice": false,
          "grape_juice": false,
          "lemonade": false,
          "orange_juice": false,
          "pear_juice": false,
          "pineapple_juice": false,
          "raspberry_juice": false,
          "strawberry_juice": false,
          "tomato_juice": false,
          "peanut_butter_banana_milkshake": false,
          "berry_banana_milkshake": false,
          "berry_coconut_milkshake": false,
          "berry_ginger_milkshake": false,
          "berry_milkshake": false,
          "berry_rhubarb_milkshake": false,
          "chocolate_banana_milkshake": false,
          "chocolate_cookie_milkshake": false,
          "chocolate_milkshake": false,
          "chocolate_peanut_milkshake": false,
          "citrus_milkshake": false,
          "coffee_banana_milkshake": false,
          "coffee_vanilla_milkshake": false,
          "ginger_peach_milkshake": false,
          "healthy_milkshake": false,
          "peach_honey_milkshake": false,
          "peach_melon_milkshake": false,
          "pineapple_coconut_milkshake": false,
          "pineapple_ginger_milkshake": false,
          "suspicious_milkshake": false,
          "tropical_milkshake": false,
          "unhealthy_milkshake": false,
          "vanilla_berry_milkshake": false,
          "vanilla_milkshake": false,
          "apple_banana_smoothie": false,
          "avocado_peach_smoothie": false,
          "berry_banana_smoothie": false,
          "berry_beet_smoothie": false,
          "berry_citrus_smoothie": false,
          "berry_smoothie": false,
          "blueberry_ginger_smoothie": false,
          "carrot_ginger_smoothie": false,
          "green_detox_smoothie": false,
          "healthy_smoothie": false,
          "peachy_green_smoothie": false,
          "peanut_butter_banana_smoothie": true,
          "pineapple_coconut_smoothie": false,
          "suspicious_smoothie": false,
          "tropical_carrot_smoothie": false,
          "tropical_green_smoothie": false,
          "tropical_smoothie": false,
          "unhealthy_smoothie": false
        },
        "identifier": "geometry.pod_farm.drink_glass"
      },
      "minecraft:collision_box": {
        "origin": [-2.5, 0, -2.5],
        "size": [5, 10, 5]
      },
      "minecraft:selection_box": {
        "origin": [-2.5, 0, -2.5],
        "size": [5, 10, 5]
      }
    },
    "permutations": [
      {
        "condition": "q.block_state('minecraft:cardinal_direction') == 'north' ",
        "components": {
          "minecraft:transformation": {
            "rotation": [0, 180, 0]
          }
        }
      },
      {
        "condition": "q.block_state('minecraft:cardinal_direction') == 'south' ",
        "components": {
          "minecraft:transformation": {
            "rotation": [0, 0, 0]
          }
        }
      },
      {
        "condition": "q.block_state('minecraft:cardinal_direction') == 'east' ",
        "components": {
          "minecraft:transformation": {
            "rotation": [0, 90, 0]
          }
        }
      },
      {
        "condition": "q.block_state('minecraft:cardinal_direction') == 'west' ",
        "components": {
          "minecraft:transformation": {
            "rotation": [0, 270, 0]
          }
        }
      }
    ]
  }
}
