{
  "format_version": "1.10.0",
  "minecraft:client_entity": {
    "description": {
      "identifier": "xp_furniture:curtains",
      "materials": {
        "default": "entity_alphatest",

        "block_outline": "xp_furniture_boutline",
        "block_destruct_masked": "xp_furniture_bdestructmask"
      },
      "textures": {
        "black": "textures/xp/fpack/entity/deco/curtains/black",
        "blue": "textures/xp/fpack/entity/deco/curtains/blue",
        "brown": "textures/xp/fpack/entity/deco/curtains/brown",
        "cyan": "textures/xp/fpack/entity/deco/curtains/cyan",
        "gray": "textures/xp/fpack/entity/deco/curtains/gray",
        "green": "textures/xp/fpack/entity/deco/curtains/green",
        "light_blue": "textures/xp/fpack/entity/deco/curtains/light_blue",
        "light_gray": "textures/xp/fpack/entity/deco/curtains/light_gray",
        "lime": "textures/xp/fpack/entity/deco/curtains/lime",
        "magenta": "textures/xp/fpack/entity/deco/curtains/magenta",
        "orange": "textures/xp/fpack/entity/deco/curtains/orange",
        "pink": "textures/xp/fpack/entity/deco/curtains/pink",
        "purple": "textures/xp/fpack/entity/deco/curtains/purple",
        "red": "textures/xp/fpack/entity/deco/curtains/red",
        "white": "textures/xp/fpack/entity/deco/curtains/white",
        "yellow": "textures/xp/fpack/entity/deco/curtains/yellow",

        "block_outline": "textures/xp/fpack/entity/block_outline",

        "block_destruct.stage_1": "textures/xp/fpack/overlays/destroy_96/3",
        "block_destruct.stage_2": "textures/xp/fpack/overlays/destroy_96/6",
        "block_destruct.stage_3": "textures/xp/fpack/overlays/destroy_96/9"
      },
      "geometry": {
        "opened": "geometry.xp_furniture.curtains_opened",
        "opened_2x2": "geometry.xp_furniture.curtains_opened_2x2",
        "closed": "geometry.xp_furniture.curtains_closed",
        "closed_2x2": "geometry.xp_furniture.curtains_closed_2x2"
      },
      "scripts": {
        "pre_animation": [
          /* Psuedo-block visual expression parameters */
          "v.horizontal_threshold = 35;",
          "v.vertical_threshold = 35;",
          "v.vertical_offset = 0;",

          "v.camera_rot = -Math.atan2(-q.distance_from_camera * Math.sin(q.rotation_to_camera(0)) + v.vertical_offset, q.distance_from_camera * Math.cos(q.rotation_to_camera(0)));",
          "v.look_at_entity = Math.abs(Math.abs(q.rotation_to_camera(1) - q.camera_rotation(1)) - 180) < (v.horizontal_threshold / q.distance_from_camera) && Math.abs(v.camera_rot + q.camera_rotation(0)) < (v.vertical_threshold / q.distance_from_camera);"
        ],
        "animate": [
          "sounds",
          "align"
        ]
      },
      "animations": {
        "sounds": "controller.animation.xp_furniture.curtains",
        "align": "animation.xp_furniture.curtains.align"
      },
      "sound_effects": {
        "open": "xp_furniture:curtains.open",
        "closed": "xp_furniture:curtains.close"
      },
      "render_controllers": [
        "controller.render.xp_furniture.curtains",
        "controller.render.xp_furniture.curtains.block_destruct",

        "controller.render.xp_furniture.curtains.block_outline"
      ]
    }
  }
}