{
  "format_version": "1.10.0",
  "minecraft:client_entity": {
    "description": {
      "identifier": "xp_furniture:metal_pump",
      "materials": {
        "default": "entity_alphatest",

        "block_outline": "xp_furniture_boutline",
        "block_destruct_masked": "xp_furniture_bdestructmask"
      },
      "textures": {
        "default": "textures/xp/fpack/entity/deco/metal_pump",

        "block_outline": "textures/xp/fpack/entity/block_outline",

        "block_destruct.stage_1": "textures/xp/fpack/overlays/destroy_32/3",
        "block_destruct.stage_2": "textures/xp/fpack/overlays/destroy_32/6",
        "block_destruct.stage_3": "textures/xp/fpack/overlays/destroy_32/9"
      },
      "geometry": {
        "default": "geometry.xp_furniture.metal_pump"
      },
      "scripts": {
        "pre_animation": [
          /* Psuedo-block visual expression parameters */
          "v.horizontal_threshold = 40;",
          "v.vertical_threshold = 40;",
          "v.vertical_offset = 0;",

          "v.camera_rot = -Math.atan2(-q.distance_from_camera * Math.sin(q.rotation_to_camera(0)) + v.vertical_offset, q.distance_from_camera * Math.cos(q.rotation_to_camera(0)));",
          "v.look_at_entity = Math.abs(Math.abs(q.rotation_to_camera(1) - q.camera_rotation(1)) - 180) < (v.horizontal_threshold / q.distance_from_camera) && Math.abs(v.camera_rot + q.camera_rotation(0)) < (v.vertical_threshold / q.distance_from_camera);"
        ],
        "animate": [ "root", "align" ]
      },
      "animations": {
        "root": "controller.animation.metal_pump",
        "align": "animation.xp_furniture.metal_pump.align",

        "idle": "animation.xp_furniture.metal_pump.idle",
        "open": "animation.xp_furniture.metal_pump.open",
        "close": "animation.xp_furniture.metal_pump.close",
        "pumping": "animation.xp_furniture.metal_pump.pumping"
      },
      "particle_effects": {
        "drip": "xp_furniture:metal_pump.drip",
        "pour": "xp_furniture:metal_pump.pour"
      },
      "render_controllers": [
        "controller.render.xp_furniture.metal_pump.block_outline",

        "controller.render.xp_furniture.default",
        "controller.render.xp_furniture.block_destruct_masked"
      ],
      "spawn_egg": {
        "texture": "xp_furniture:metal_pump",
        "texture_index": 0
      }
    }
  }
}
