{
	"format_version": "1.8.0",
	"animations": {
		"animation.large_mouth_bass.flop": {
			"loop": true,
			"animation_length": 0.8833,
			"bones": {
				"body": {
					"rotation": [0, 0, -90],
					"position": {
						"0.0": [0, 1, 0],
						"0.4": [0, 10, 0],
						"0.5667": [0, 8, 0],
						"0.8833": [0, 1, 0]
					}
				},
				"head": {
					"rotation": {
						"0.0": [0, 0, 0],
						"0.0833": [0, 10, 0],
						"0.1667": [0, 20, 0],
						"0.2333": [0, 30, 0],
						"0.3167": [0, 20, 0],
						"0.4": [0, 10, 0],
						"0.4833": [0, 0, 0],
						"0.5667": [0, -10, 0],
						"0.6333": [0, -20, 0],
						"0.7167": [0, -30, 0],
						"0.8": [0, -20, 0],
						"0.8833": [0, -10, 0]
					}
				},
				"tailfin": {
					"rotation": {
						"0.0": [0, 0, 0],
						"0.0833": [0, -10, 0],
						"0.1667": [0, -20, 0],
						"0.2333": [0, -30, 0],
						"0.3167": [0, -20, 0],
						"0.4": [0, -10, 0],
						"0.4833": [0, 0, 0],
						"0.5667": [0, 10, 0],
						"0.6333": [0, 20, 0],
						"0.7167": [0, 30, 0],
						"0.8": [0, 20, 0],
						"0.8833": [0, 10, 0]
					}
				},
				"body_front": {
					"rotation": [0, 0, -90],
					"position": {
						"0.0": [0, 1, 0],
						"0.4": [0, 10, 0],
						"0.5667": [0, 8, 0],
						"0.8833": [0, 1, 0]
					}
				}
			}
		},
		"animation.large_mouth_bass.swim": {
			"loop": true,
			"bones": {
				"body": {
					"rotation": [0, "math.cos(query.anim_time * 350 - 20) * 5", 0]
				},
				"head": {
					"rotation": [0, "math.cos(query.anim_time * 350 - 20) * -15", 0]
				},
				"tailfin": {
					"rotation": [0, "math.cos(query.anim_time * 350 - 20) * 30", 0]
				}
			}
		},
		"animation.large_mouth_bass.swim2": {
			"loop": true,
			"bones": {
				"head": {
					"rotation": [0, "math.cos(query.anim_time * 350 - 20) * -15", 0]
				},
				"tailfin": {
					"rotation": [0, "math.cos(query.anim_time * 350 - 20) * 30", 0]
				},
				"body_front": {
					"rotation": [0, "math.cos(query.anim_time * 350 - 20) * 5", 0]
				},
				"body_back": {
					"rotation": [0, "math.cos(query.anim_time * 350 - 20) * 5", 0]
				}
			}
		},
		"animation.mbl_fish.eel.swim": {
			"loop": true,
			"animation_length": 1,
			"bones": {
				"head": {
					"rotation": {
						"0.0": [0, 0, 0],
						"0.25": [0, 5, 0],
						"0.5": [0, 0, 0],
						"0.75": [0, -5, 0],
						"1.0": [0, 0, 0]
					}
				},
				"bodym": {
					"rotation": {
						"0.0": [0, 0, 0],
						"0.125": [0, 0, 0],
						"0.25": [0, 0, 0],
						"0.375": [0, 0, 0],
						"0.5": [0, 0, 0]
					}
				},
				"bodym1": {
					"rotation": {
						"0.0": [0, 0, 0],
						"0.25": [0, -10, 0],
						"0.5": [0, 0, 0],
						"0.75": [0, 10, 0],
						"1.0": [0, 0, 0]
					}
				},
				"bodym2": {
					"rotation": {
						"0.0": [0, 0, 0],
						"0.25": [0, -10, 0],
						"0.5": [0, 0, 0],
						"0.75": [0, 10, 0],
						"1.0": [0, 0, 0]
					}
				},
				"bodym3": {
					"rotation": {
						"0.0": [0, 0, 0],
						"0.25": [0, 10, 0],
						"0.5": [0, 0, 0],
						"0.75": [0, -10, 0],
						"1.0": [0, 0, 0]
					}
				},
				"bodym4": {
					"rotation": {
						"0.0": [0, 0, 0],
						"0.25": [0, 10, 0],
						"0.5": [0, 0, 0],
						"0.75": [0, -10, 0],
						"1.0": [0, 0, 0]
					}
				},
				"bodym5": {
					"rotation": {
						"0.0": [0, 0, 0],
						"0.25": [0, 10, 0],
						"0.5": [0, 0, 0],
						"0.75": [0, -10, 0],
						"1.0": [0, 0, 0]
					}
				},
				"bodym6": {
					"rotation": {
						"0.0": [0, 0, 0],
						"0.25": [0, 10, 0],
						"0.5": [0, 0, 0],
						"0.75": [0, -10, 0],
						"1.0": [0, 0, 0]
					}
				},
				"bodym7": {
					"rotation": {
						"0.0": [0, 0, 0],
						"0.25": [0, -10, 0],
						"0.5": [0, 0, 0],
						"0.75": [0, 10, 0],
						"1.0": [0, 0, 0]
					}
				},
				"bodym8": {
					"rotation": {
						"0.0": [0, 0, 0],
						"0.25": [0, -10, 0],
						"0.5": [0, 0, 0],
						"0.75": [0, 10, 0],
						"1.0": [0, 0, 0]
					}
				},
				"bodym9": {
					"rotation": {
						"0.0": [0, 0, 0],
						"0.25": [0, -10, 0],
						"0.5": [0, 0, 0],
						"0.75": [0, 10, 0],
						"1.0": [0, 0, 0]
					}
				},
				"bodym0": {
					"rotation": {
						"0.0": [0, 0, 0],
						"0.25": [0, -10, 0],
						"0.5": [0, 0, 0],
						"0.75": [0, 10, 0],
						"1.0": [0, 0, 0]
					}
				}
			}
		},
		"animation.large_mouth_bass.swim3": {
			"loop": true,
			"bones": {
				"head": {
					"rotation": ["math.cos(query.anim_time * 350 - 20) * -15", 0, 0]
				},
				"tailfin": {
					"rotation": ["math.cos(query.anim_time * 350 - 20) * 30", 0, 0]
				},
				"body_back": {
					"rotation": ["math.cos(query.anim_time * 350 - 20) * 5", "math.cos(query.anim_time * 350 - 20) * 5", 0]
				},
				"leftFin": {
					"rotation": [0, 0, "math.cos(query.anim_time * 350 - 20) * 5"]
				},
				"rightFin": {
					"rotation": [0, 0, "math.cos(query.anim_time * 350 - 20) * 5"]
				}
			}
		},
		"animation.large_mouth_bass.swim4": {
			"loop": true,
			"bones": {
				"head": {
					"rotation": [0, "math.cos(query.anim_time * 350 - 20) * -15", 0]
				},
				"tailfin": {
					"rotation": [0, "math.cos(query.anim_time * 350 - 20) * 30", 0]
				},
				"body_front": {
					"rotation": [0, "math.cos(query.anim_time * 350 - 20) * 5", 0]
				},
				"body_back": {
					"rotation": [0, "math.cos(query.anim_time * 350 - 20) * 5", 0]
				},
				"leftFin": {
					"rotation": [0, 0, "math.cos(query.anim_time * 350 - 20) * 10"]
				},
				"rightFin": {
					"rotation": [0, 0, "math.cos(query.anim_time * 350 - 20) * -10"]
				}
			}
		}
	}
}