{
	"format_version": "1.8.0",
	"animations": {
		"animation.mbl_fish.explainer_book.idle": {
			"loop": true,
			"animation_length": 1,
			"bones": {
				"root": {
					"position": {
						"0.0": [0, 12, 0],
						"0.5": [0, 11.5, 0],
						"1.0": [0, 12, 0]
					}
				},
				"back": {
					"rotation": [0, 0, -5]
				},
				"front": {
					"rotation": [0, 0, 5]
				},
				"head": {
					"rotation": [50, 0, 0]
				}
			}
		},
		"animation.mbl_fish.explainer_book.open": {
			"animation_length": 0.5,
			"bones": {
				"back": {
					"rotation": {
						"0.0": [0, 0, -90],
						"0.5": [0, 0, -5]
					}
				},
				"front": {
					"rotation": {
						"0.0": [0, 0, 90],
						"0.5": [0, 0, 5]
					}
				},
				"spin": {
					"position": {
						"0.0": [0, 1, 0],
						"0.5": [0, 0, 0]
					}
				}
			},
			"sound_effects": {
				"0.0": {
					"effect": "page"
				}
			}
		},
		"animation.mbl_fish.explainer_book.close": {
			"loop": "hold_on_last_frame",
			"animation_length": 0.5,
			"bones": {
				"back": {
					"rotation": {
						"0.0": [0, 0, -5],
						"0.5": [0, 0, -85]
					}
				},
				"front": {
					"rotation": {
						"0.0": [0, 0, 5],
						"0.5": [0, 0, 85]
					}
				},
				"spin": {
					"position": {
						"0.0": [0, 0, 0],
						"0.5": [0, 1, 0]
					}
				},
				"head": {
					"rotation": [0, 0, "Math.min(Math.sqrt(Math.max(0, q.anim_time * 20 - 0.5) / 20 * 1.6), 1) * -90"]
				},
				"root": {
					"position": [0, "Math.min(Math.sqrt(Math.max(0, q.anim_time * 20 - 0.5) / 20 * 1.6), 1) * 15", 0]
				}
			},
			"sound_effects": {
				"0.0": {
					"effect": "page"
				}
			}
		},
		"animation.mbl_fish.explainer_book.page": {
			"animation_length": 0.7917,
			"override_previous_animation": true,
			"bones": {
				"page1": {
					"rotation": {
						"0.0": [0, 0, 0],
						"0.5": [0, 0, -170],
						"0.7917": [0, 0, -175]
					}
				},
				"page2": {
					"rotation": {
						"0.0": [0, 0, 0],
						"0.25": [0, 0, -5],
						"0.7917": [0, 0, -175]
					}
				}
			},
			"sound_effects": {
				"0.0": {
					"effect": "page"
				}
			}
		}
	}
}