{
  "format_version": "1.10.0",
  "minecraft:client_entity": {
    "description": {
      "identifier": "pod_farm:deer",
      "materials": {
        "default": "horse"
      },
      "textures": {
        "default": "textures/podcrash/farm/entity/animals/deer"
      },
      "geometry": {
        "default": "geometry.pod_farm.deer"
      },
      "animations": {
        "baby_transform": "animation.pod_farm.deer.baby_transform",
        "walk": "animation.pod_farm.deer.walk",
        "eat": "animation.pod_farm.deer.eat",
        "rear": "animation.pod_farm.deer.rear",
        "tail": "animation.pod_farm.deer.tail",
        "look_at_player": "animation.pod_farm.deer.look_at_player"
      },
      "scripts": {
        "initialize": [
          "variable.eat_anim = 0;",
          "variable.stand_anim = 0;",
          "variable.leg_stand_factor = 0;",
          "variable.leg_x_rot_anim = 0;"
        ],
        "pre_animation": [
          "variable.armor_texture_slot = query.armor_texture_slot(1);",
          "variable.eat_anim = math.clamp(variable.eat_anim + (query.is_grazing ? ((1.0 - variable.eat_anim) * 0.4 + 0.05) : -variable.eat_anim * 0.4 - 0.05) * query.delta_time * 20.0, 0.0, 1.0);",
          "variable.head_x_rot = query.target_x_rotation + (query.modified_move_speed > 0.2 ? (math.cos(query.modified_distance_moved * 11.46) * 11.46 * query.modified_move_speed + query.modified_move_speed * 11.46) : 0.0);",
          "variable.inverse_max_stand_eat = (1.0 - math.max(variable.stand_anim, variable.eat_anim));",
          "variable.leg_stand_factor = math.cos((query.modified_distance_moved * 38.38) + 180.0);",
          "variable.leg_x_rot_anim = variable.leg_stand_factor * 45.8 * query.modified_move_speed;"
        ],
        "animate": [
          {
            "baby_transform": "query.is_baby"
          },
          "walk",
          "look_at_player",
          {
            "rear": "variable.stand_anim > 0.0"
          },
          {
            "eat": "!query.is_standing"
          },
          {
            "tail": "Math.mod(q.life_time, 10) < 0.5"
          }
        ]
      },
      "render_controllers": ["controller.render.agent"],
      "spawn_egg": {
        "base_color": "#e29f79",
        "overlay_color": "#d1b8b8"
      }
    }
  }
}
