{
  "format_version": "1.10.0",
  "minecraft:client_entity": {
    "description": {
      "identifier": "pod_farm:goose",
      "min_engine_version": "1.12.0",
      "materials": {
        "default": "entity_alphatest"
      },
      "textures": {
        "default": "textures/podcrash/farm/entity/animals/goose"
      },
      "geometry": {
        "default": "geometry.pod_farm.goose"
      },
      "animations": {
        "move": "animation.pod_farm.goose.move",
        "general": "animation.pod_farm.goose.general",
        "look_at_target": "animation.common.look_at_target",
        "baby_transform": "animation.pod_farm.goose.baby_transform",
        "swim": "animation.pod_farm.goose.swim",
        "swim_control": "controller.animation.pod_farm.swim"
      },
      "scripts": {
        "pre_animation": [
          "variable.wing_flap = query.is_on_ground || query.is_in_water ? 0 : (math.sin(query.time_stamp * 100) + 1)/2 * 80 + 20;"
        ],
        "animate": [
          "general",
          {
            "move": "query.modified_move_speed"
          },
          "look_at_target",
          {
            "baby_transform": "query.is_baby"
          },
          "swim_control"
        ]
      },
      "render_controllers": ["controller.render.default"],
      "spawn_egg": {
        "base_color": "#ffffff",
        "overlay_color": "#f17a1c"
      }
    }
  }
}
