{
  "format_version": "1.10.0",
  "minecraft:client_entity": {
    "description": {
      "identifier": "pod_farm:turkey",
      "min_engine_version": "1.12.0",
      "materials": {
        "default": "entity_alphatest"
      },
      "textures": {
        "default": "textures/podcrash/farm/entity/animals/turkey"
      },
      "geometry": {
        "default": "geometry.pod_farm.turkey"
      },
      "animations": {
        "move": "animation.pod_farm.turkey.move",
        "general": "animation.pod_farm.turkey.general",
        "look_at_target": "animation.common.look_at_target",
        "baby_transform": "animation.pod_farm.turkey.baby_transform"
      },
      "scripts": {
        "pre_animation": [
          "variable.wing_flap = query.is_on_ground ? 0 : (math.sin(query.time_stamp * 100) + 1)/2 * 80 + 20;"
        ],
        "animate": [
          "general",
          {
            "move": "query.modified_move_speed"
          },
          "look_at_target",
          {
            "baby_transform": "query.is_baby"
          }
        ]
      },
      "render_controllers": ["controller.render.default"],
      "spawn_egg": {
        "base_color": "#a77c6b",
        "overlay_color": "#d39246"
      }
    }
  }
}
