{
  "format_version": "1.10.0",
  "animation_controllers": {
    "controller.animation.xp_furniture.lights": {
      "initial_state": "unlit",
      "states": {
        "unlit": {
          "transitions": [
            {
              "lit": "q.property('xp_furniture:is_interacted_with')"
            }
          ],
          "on_entry": [
            "/scriptevent xp_furniture:lit 0"
          ]
        },
        "lit": {
          "transitions": [
            {
              "unlit": "!q.property('xp_furniture:is_interacted_with')"
            }
          ],
          "on_entry": [
            "/scriptevent xp_furniture:lit 1"
          ]
        }
      }
    },
    "controller.animation.xp_furniture.sideboard": {
      "initial_state": "init",
      "states": {
        "init": {
          "transitions": [
            {
              "default": "1"
            }
          ]
        },
        "default": {
          "transitions": [
            {
              "setup": "!q.property('xp_furniture:is_setup')"
            },
            {
              "tick": "1"
            }
          ]
        },
        "setup": {
          "transitions": [
            {
              "default": "1"
            }
          ],
          "on_entry": [
            "@s xp_furniture:is_setup"
          ]
        },
        "tick": {
          "transitions": [
            {
              "default": "1"
            }
          ],
          "on_entry": [
            "/execute rotated ~ 0 positioned ^-1^^ if entity @e[family=sideboard,family=!inverted,r=0.5,c=1] run event entity @s xp_furniture:is_inverted",
            "/execute rotated ~ 0 positioned ^-1^^ unless entity @e[family=sideboard,family=!inverted,r=0.5,c=1] run event entity @s xp_furniture:clear_is_inverted"
          ]
        }
      }
    },
    "controller.animation.xp_furniture.unfishable": {
      "initial_state": "tick_a",
      "states": {
        "tick_a": {
          "transitions": [
            {
              "tick_b": "1"
            }
          ],
          "on_entry": [
            "/kill @e[type=fishing_hook,r=1]"
          ]
        },
        "tick_b": {
          "transitions": [
            {
              "tick_a": "1"
            }
          ]
        }
      }
    },
    "controller.animation.xp_furniture.water_mill": {
      "initial_state": "default",
      "states": {
        "default": {
          "transitions": [
            {
              "setup": "!(v.is_setup ?? false)"
            },
            {
              "tick": "1"
            }
          ]
        },
        "setup": {
          "transitions": [
            {
              "tick": "q.life_time - v.state_time > 1"
            }
          ],
          "on_entry": [
            "v.state_time = q.life_time;",
            "v.is_setup = true;",
            "@s xp_furniture:clear_is_nearby_water"
          ]
        },
        "tick": {
          "transitions": [
            {
              "default": "1"
            }
          ],
          "on_entry": [
            "/execute positioned ~~~ if block ~~1.0~ water [] run event entity @s xp_furniture:is_nearby_water",
            "/execute positioned ~~~ if block ~~1.0~ water [] run event entity @s xp_furniture:water_height_1",
            "/execute positioned ~~~ if block ~~-1.0~ water [] run event entity @s xp_furniture:is_nearby_water",
            "/execute positioned ~~~ if block ~~-1.0~ water [] run event entity @s xp_furniture:water_height_1",
            "/execute positioned ~~~ if block ~~-2.0~ water [] unless block ~~-1.0~ water [] run event entity @s xp_furniture:is_nearby_water",
            "/execute positioned ~~~ if block ~~-2.0~ water [] unless block ~~-1.0~ water [] run event entity @s xp_furniture:water_height_2",
            "/execute positioned ~~~ unless block ~~1.0~ water [] unless block ~~-2.0~ water [] unless block ~~-3.0~ water [] run event entity @s xp_furniture:clear_is_nearby_water"
          ]
        }
      }
    },
    "controller.animation.xp_furniture.wind_chimes": {
      "initial_state": "default",
      "states": {
        "default": {
          "transitions": [
            {
              "setup": "!q.property('xp_furniture:is_setup')"
            },
            {
              "check_blocks": "1"
            }
          ]
        },
        "setup": {
          "transitions": [
            {
              "check_blocks": "1"
            }
          ],
          "on_entry": [
            "/execute anchored eyes rotated ~ 0 unless block ^^^-1 air [] run event entity @s[tag=!do_not_attach] xp_furniture:wall_mounted",
            "/execute anchored eyes rotated ~ 0 if block ^^^-1 air [] if block ~~1~ air [] run setblock ~~~ air",
            "/execute anchored eyes rotated ~ 0 if block ^^^-1 air [] if block ~~1~ air [] run event entity @s xp_furniture:despawn",
            "@s xp_furniture:is_setup"
          ]
        },
        "check_blocks": {
          "transitions": [
            {
              "check_blocks.wall_mounted": "q.variant"
            },
            {
              "check_blocks.default": "1"
            }
          ]
        },
        "check_blocks.default": {
          "transitions": [
            {
              "check_blocks": "1"
            }
          ],
          "on_entry": [
            "/execute if block ~~1~ air [] run setblock ~~~ air [] destroy",
            "/execute if block ~~1~ air [] run event entity @s xp_furniture:despawn"
          ]
        },
        "check_blocks.wall_mounted": {
          "transitions": [
            {
              "check_blocks": "1"
            }
          ],
          "on_entry": [
            "/execute anchored eyes rotated ~ 0 if block ^^^-1 air [] run setblock ~~~ air [] destroy",
            "/execute anchored eyes rotated ~ 0 if block ^^^-1 air [] run event entity @s xp_furniture:despawn"
          ]
        }
      }
    },
    "controller.animation.xp_furniture.barred_door": {
      "initial_state": "default",
      "states": {
        "default": {
          "transitions": [
            {
              "setup": "!q.property('xp_furniture:is_setup')"
            },
            {
              "tick": "1"
            }
          ]
        },
        "setup": {
          "transitions": [
            {
              "remove": "q.property('xp_furniture:is_being_removed')"
            },
            {
              "tick": "!q.property('xp_furniture:is_being_removed')"
            }
          ],
          "on_entry": [
            "/tag @s add self",
            "/tag @s remove self",
            "@s xp_furniture:is_setup"
          ]
        },
        "tick": {
          "transitions": [
            {
              "remove": "q.property('xp_furniture:is_being_removed')"
            },
            {
              "default": "1"
            }
          ],
          "on_entry": [
            "/execute rotated ~ 0 positioned ^0.5^1^2 run tag @a[r=2] add barred_door_front",
            "/execute rotated ~ 0 positioned ^0.5^1^2 run tag @a[r=2] remove barred_door_back",
            "/execute rotated ~ 0 positioned ^0.5^1^2 run tag @a[rm=2.1,r=2.2] remove barred_door_front",
            "/execute rotated ~ 0 positioned ^0.5^1^-2 run tag @a[r=2] add barred_door_back",
            "/execute rotated ~ 0 positioned ^0.5^1^-2 run tag @a[r=2] remove barred_door_front",
            "/execute rotated ~ 0 positioned ^0.5^1^-2 run tag @a[rm=2.1,r=2.2] remove barred_door_back"
          ]
        },
        "remove": {
          "on_entry": [
            "/titleraw @a[r=7,c=1] actionbar {\"rawtext\":[{\"text\":\"§7\"},{\"translate\":\"action.interact.xp_furniture:barred_door.too_close\"},{\"text\":\"§r\"}]}",
            "/setblock ~~~ air [] destroy",
            "/fill ^^^ ^1^2^0 air [] replace xp_furniture:barred_door_collision",
            "@s xp_furniture:despawn"
          ]
        }
      }
    },
    "controller.animation.xp_furniture.barred_door.collision": {
      "initial_state": "enabled",
      "states": {
        "enabled": {
          "transitions": [
            {
              "disabled": "q.any(q.property('xp_furniture:is_opened'), 'front', 'back')"
            }
          ],
          "on_entry": [
            "/fill ^^1^ ^0^2^0 xp_furniture:barred_door_collision",
            "/fill ^1^^ ^0^2^0 xp_furniture:barred_door_collision"
          ]
        },
        "disabled": {
          "transitions": [
            {
              "enabled": "q.property('xp_furniture:is_opened') == 'false'"
            }
          ],
          "on_entry": [
            "/fill ^^1^ ^0^2^0 air [] replace xp_furniture:barred_door_collision",
            "/fill ^1^^ ^0^2^0 air [] replace xp_furniture:barred_door_collision"
          ]
        }
      }
    },
    "controller.animation.xp_furniture.bed": {
      "initial_state": "init",
      "states": {
        "init": {
          "transitions": [
            {
              "default": "1"
            }
          ]
        },
        "default": {
          "transitions": [
            {
              "has_rider": "q.has_rider"
            }
          ]
        },
        "has_rider": {
          "transitions": [
            {
              "default": "!q.has_rider"
            }
          ],
          "on_entry": [
            "/scriptevent xp_furniture_bed:sleep"
          ]
        }
      }
    },
    "controller.animation.xp_furniture.camera": {
      "initial_state": "init",
      "states": {
        "init": {
          "transitions": [
            {
              "default": "1"
            }
          ]
        },
        "default": {
          "transitions": [
            {
              "on_camera_use": "q.property('xp_furniture:is_interacted_with')"
            }
          ]
        },
        "on_camera_use": {
          "transitions": [
            {
              "on_camera_use.normal": "q.property('xp_furniture:season') == 'none'"
            },
            {
              "on_camera_use.christmas": "q.property('xp_furniture:season') == 'christmas'"
            }
          ]
        },
        "on_camera_use.normal": {
          "transitions": [
            {
              "default": "!q.property('xp_furniture:is_interacted_with')"
            }
          ],
          "on_exit": [
            "/loot spawn ~~1~ loot \"xp/fpack/entities/func/polaroid_none.lt\"",
            "/playsound random.pop @a ~~~"
          ]
        },
        "on_camera_use.christmas": {
          "transitions": [
            {
              "default": "!q.property('xp_furniture:is_interacted_with')"
            }
          ],
          "on_exit": [
            "/loot spawn ~~1~ loot \"xp/fpack/entities/func/polaroid_christmas.lt\"",
            "/playsound random.pop @a ~~~"
          ]
        }
      }
    },
    "controller.animation.xp_furniture.crops": {
      "initial_state": "init",
      "states": {
        "init": {
          "transitions": [
            {
              "default": "q.is_alive"
            }
          ]
        },
        "default": {
          "transitions": [
            {
              "grow_crop_random": "q.life_time - v.state_time > v.random_interval"
            }
          ],
          "on_entry": [
            "v.state_time = q.life_time;",
            "v.random_interval = Math.random_integer(25, 50);"
          ]
        },
        "grow_crop_random": {
          "transitions": [
            {
              "default": "1"
            }
          ],
          "on_entry": [
            "/scriptevent xp_furniture:crops"
          ]
        }
      }
    },
    "controller.animation.xp_furniture.display_case": {
      "initial_state": "init",
      "states": {
        "init": {
          "transitions": [
            {
              "setup": "!q.property('xp_furniture:is_setup')"
            },
            {
              "has_item": "q.get_equipped_item_name(0) != ''"
            }
          ]
        },
        "setup": {
          "transitions": [
            {
              "has_item": "q.get_equipped_item_name(0) != ''"
            }
          ],
          "on_entry": [
            "/execute unless block ~~-1~ air [] run event entity @s xp_furniture:floor",
            "/execute anchored eyes rotated ~ 0 unless block ^^^-1 air [] run event entity @s xp_furniture:wall",
            "@s xp_furniture:is_setup"
          ]
        },
        "idle": {
          "transitions": [
            {
              "has_item": "q.get_equipped_item_name(0) != ''"
            }
          ],
          "on_entry": [
            "/playsound random.pop @a ~~~",
            "/stopsound @a[r=7,c=1] mob.allay.item_taken"
          ],
          "on_exit": [
            "/playsound random.pop @a ~~~",
            "/stopsound @a[r=7,c=1] mob.allay.item_given"
          ]
        },
        "has_item": {
          "transitions": [
            {
              "idle": "q.get_equipped_item_name(0) == ''"
            }
          ]
        }
      }
    },
    "controller.animation.xp_furniture.glass_jar": {
      "initial_state": "empty",
      "states": {
        "empty": {
          "transitions": [
            {
              "has_cookies": "q.property('xp_furniture:cookie_count')"
            }
          ],
          "on_entry": [
            "/clear @s"
          ]
        },
        "has_cookies": {
          "transitions": [
            {
              "has_cookies.5": "q.property('xp_furniture:cookie_count') == 5"
            },
            {
              "has_cookies.4": "q.property('xp_furniture:cookie_count') == 4"
            },
            {
              "has_cookies.3": "q.property('xp_furniture:cookie_count') == 3"
            },
            {
              "has_cookies.2": "q.property('xp_furniture:cookie_count') == 2"
            },
            {
              "has_cookies.1": "q.property('xp_furniture:cookie_count') == 1"
            },
            {
              "empty": "1"
            }
          ],
          "on_entry": [
            "/playsound random.pop @a ~~~ 1",
            "/clear @s"
          ]
        },
        "has_cookies.1": {
          "transitions": [
            {
              "has_cookies": "q.property('xp_furniture:cookie_count') != 1"
            }
          ],
          "on_entry": [
            "/replaceitem entity @s slot.inventory 0 cookie 1"
          ]
        },
        "has_cookies.2": {
          "transitions": [
            {
              "has_cookies": "q.property('xp_furniture:cookie_count') != 2"
            }
          ],
          "on_entry": [
            "/replaceitem entity @s slot.inventory 0 cookie 2"
          ]
        },
        "has_cookies.3": {
          "transitions": [
            {
              "has_cookies": "q.property('xp_furniture:cookie_count') != 3"
            }
          ],
          "on_entry": [
            "/replaceitem entity @s slot.inventory 0 cookie 3"
          ]
        },
        "has_cookies.4": {
          "transitions": [
            {
              "has_cookies": "q.property('xp_furniture:cookie_count') != 4"
            }
          ],
          "on_entry": [
            "/replaceitem entity @s slot.inventory 0 cookie 4"
          ]
        },
        "has_cookies.5": {
          "transitions": [
            {
              "has_cookies": "q.property('xp_furniture:cookie_count') != 5"
            }
          ],
          "on_entry": [
            "/replaceitem entity @s slot.inventory 0 cookie 5"
          ]
        }
      }
    },
    "controller.animation.xp_furniture.hanging_item_sign": {
      "initial_state": "default",
      "states": {
        "default": {
          "transitions": [
            {
              "setup": "!q.property('xp_furniture:is_setup')"
            },
            {
              "check_for_placement": "q.property('xp_furniture:place_below') == 'none'"
            }
          ]
        },
        "setup": {
          "transitions": [
            {
              "setup.default": "!q.variant"
            },
            {
              "setup.wall_mounted": "q.variant"
            }
          ],
          "on_entry": [
            "/tag @s add self",
            "/tag @s add independent",
            "/execute rotated ~ 0 unless block ~1~~ air [] run event entity @s xp_furniture:wall_mounted",
            "/execute rotated ~ 0 unless block ~-1~~ air [] run event entity @s xp_furniture:wall_mounted",
            "/execute rotated ~ 0 unless block ~~~1 air [] run event entity @s xp_furniture:wall_mounted",
            "/execute rotated ~ 0 unless block ~~~-1 air [] run event entity @s xp_furniture:wall_mounted",
            "/execute unless block ~~1~ air [] run event entity @s xp_furniture:default",
            "/execute unless block ~~1~ air [] run tp @s ~ ~-0.25 ~",
            "/execute if block ~1~~ air [] if block ~-1~~ air [] if block ~~~1 air [] if block ~~~-1 air [] if block ~~1~ air [] run event entity @s xp_furniture:is_being_removed",
            "/execute if entity @e[tag=!self,r=0.5] run event entity @s xp_furniture:is_being_removed"
          ]
        },
        "setup.default": {
          "transitions": [
            {
              "wait_for_setup": "1"
            }
          ],
          "on_entry": [
            "/tag @s remove self",
            "@s xp_furniture:is_setup"
          ]
        },
        "setup.wall_mounted": {
          "transitions": [
            {
              "wait_for_setup": "1"
            }
          ],
          "on_entry": [
            "@s xp_furniture:is_setup"
          ]
        },
        "wait_for_setup": {
          "transitions": [
            {
              "check_for_placement": "q.life_time - v.state_time > 0.1"
            }
          ],
          "on_entry": [
            "v.state_time = q.life_time;"
          ]
        },
        "check_for_placement": {
          "transitions": [
            {
              "place_below.oak": "q.property('xp_furniture:place_below') == 'oak'"
            },
            {
              "place_below.acacia": "q.property('xp_furniture:place_below') == 'acacia'"
            },
            {
              "place_below.bamboo": "q.property('xp_furniture:place_below') == 'bamboo'"
            },
            {
              "place_below.birch": "q.property('xp_furniture:place_below') == 'birch'"
            },
            {
              "place_below.cherry": "q.property('xp_furniture:place_below') == 'cherry'"
            },
            {
              "place_below.crimson": "q.property('xp_furniture:place_below') == 'crimson'"
            },
            {
              "place_below.dark_oak": "q.property('xp_furniture:place_below') == 'dark_oak'"
            },
            {
              "place_below.jungle": "q.property('xp_furniture:place_below') == 'jungle'"
            },
            {
              "place_below.mangrove": "q.property('xp_furniture:place_below') == 'mangrove'"
            },
            {
              "place_below.spruce": "q.property('xp_furniture:place_below') == 'spruce'"
            },
            {
              "place_below.warped": "q.property('xp_furniture:place_below') == 'warped'"
            }
          ],
          "on_exit": [
            "/execute if block ~~-1.25~ air [] run playsound break.hanging_sign @a ~~-1.25~"
          ]
        },
        "place_below.oak": {
          "transitions": [
            {
              "check_for_placement": "q.property('xp_furniture:place_below') == 'none'"
            }
          ],
          "on_entry": [
            "/execute if block ~~-1.25~ air [] unless entity @e[family=hanging_item_sign,x=~,y=~-1.25,z=~,r=1,c=1] at @s rotated ~ 0 run summon xp_furniture:hanging_item_sign ~~-1.25~ ~ ~ xp_furniture:setup_wood_oak"
          ]
        },
        "place_below.acacia": {
          "transitions": [
            {
              "check_for_placement": "q.property('xp_furniture:place_below') == 'none'"
            }
          ],
          "on_entry": [
            "/execute if block ~~-1.25~ air [] unless entity @e[family=hanging_item_sign,x=~,y=~-1.25,z=~,r=1,c=1] at @s rotated ~ 0 run summon xp_furniture:hanging_item_sign ~~-1.25~ ~ ~ xp_furniture:setup_wood_acacia"
          ]
        },
        "place_below.bamboo": {
          "transitions": [
            {
              "check_for_placement": "q.property('xp_furniture:place_below') == 'none'"
            }
          ],
          "on_entry": [
            "/execute if block ~~-1.25~ air [] unless entity @e[family=hanging_item_sign,x=~,y=~-1.25,z=~,r=1,c=1] at @s rotated ~ 0 run summon xp_furniture:hanging_item_sign ~~-1.25~ ~ ~ xp_furniture:setup_wood_bamboo"
          ]
        },
        "place_below.birch": {
          "transitions": [
            {
              "check_for_placement": "q.property('xp_furniture:place_below') == 'none'"
            }
          ],
          "on_entry": [
            "/execute if block ~~-1.25~ air [] unless entity @e[family=hanging_item_sign,x=~,y=~-1.25,z=~,r=1,c=1] at @s rotated ~ 0 run summon xp_furniture:hanging_item_sign ~~-1.25~ ~ ~ xp_furniture:setup_wood_birch"
          ]
        },
        "place_below.cherry": {
          "transitions": [
            {
              "check_for_placement": "q.property('xp_furniture:place_below') == 'none'"
            }
          ],
          "on_entry": [
            "/execute if block ~~-1.25~ air [] unless entity @e[family=hanging_item_sign,x=~,y=~-1.25,z=~,r=1,c=1] at @s rotated ~ 0 run summon xp_furniture:hanging_item_sign ~~-1.25~ ~ ~ xp_furniture:setup_wood_cherry"
          ]
        },
        "place_below.crimson": {
          "transitions": [
            {
              "check_for_placement": "q.property('xp_furniture:place_below') == 'none'"
            }
          ],
          "on_entry": [
            "/execute if block ~~-1.25~ air [] unless entity @e[family=hanging_item_sign,x=~,y=~-1.25,z=~,r=1,c=1] at @s rotated ~ 0 run summon xp_furniture:hanging_item_sign ~~-1.25~ ~ ~ xp_furniture:setup_wood_crimson"
          ]
        },
        "place_below.dark_oak": {
          "transitions": [
            {
              "check_for_placement": "q.property('xp_furniture:place_below') == 'none'"
            }
          ],
          "on_entry": [
            "/execute if block ~~-1.25~ air [] unless entity @e[family=hanging_item_sign,x=~,y=~-1.25,z=~,r=1,c=1] at @s rotated ~ 0 run summon xp_furniture:hanging_item_sign ~~-1.25~ ~ ~ xp_furniture:setup_wood_dark_oak"
          ]
        },
        "place_below.jungle": {
          "transitions": [
            {
              "check_for_placement": "q.property('xp_furniture:place_below') == 'none'"
            }
          ],
          "on_entry": [
            "/execute if block ~~-1.25~ air [] unless entity @e[family=hanging_item_sign,x=~,y=~-1.25,z=~,r=1,c=1] at @s rotated ~ 0 run summon xp_furniture:hanging_item_sign ~~-1.25~ ~ ~ xp_furniture:setup_wood_jungle"
          ]
        },
        "place_below.mangrove": {
          "transitions": [
            {
              "check_for_placement": "q.property('xp_furniture:place_below') == 'none'"
            }
          ],
          "on_entry": [
            "/execute if block ~~-1.25~ air [] unless entity @e[family=hanging_item_sign,x=~,y=~-1.25,z=~,r=1,c=1] at @s rotated ~ 0 run summon xp_furniture:hanging_item_sign ~~-1.25~ ~ ~ xp_furniture:setup_wood_mangrove"
          ]
        },
        "place_below.spruce": {
          "transitions": [
            {
              "check_for_placement": "q.property('xp_furniture:place_below') == 'none'"
            }
          ],
          "on_entry": [
            "/execute if block ~~-1.25~ air [] unless entity @e[family=hanging_item_sign,x=~,y=~-1.25,z=~,r=1,c=1] at @s rotated ~ 0 run summon xp_furniture:hanging_item_sign ~~-1.25~ ~ ~ xp_furniture:setup_wood_spruce"
          ]
        },
        "place_below.warped": {
          "transitions": [
            {
              "check_for_placement": "q.property('xp_furniture:place_below') == 'none'"
            }
          ],
          "on_entry": [
            "/execute if block ~~-1.25~ air [] unless entity @e[family=hanging_item_sign,x=~,y=~-1.25,z=~,r=1,c=1] at @s rotated ~ 0 run summon xp_furniture:hanging_item_sign ~~-1.25~ ~ ~ xp_furniture:setup_wood_warped"
          ]
        }
      }
    },
    "controller.animation.xp_furniture.hanging_item_sign.remove": {
      "states": {
        "default": {
          "transitions": [
            {
              "remove": "q.property('xp_furniture:is_being_removed')"
            },
            {
              "check_for_air": "q.property('xp_furniture:is_setup')"
            }
          ]
        },
        "remove": {
          "on_entry": [
            "/setblock ~~~ air [] destroy",
            "/execute if entity @s[tag=independent] run fill ~~-1~ ~~1~ air [] destroy",
            "/execute if block ~~-1.25~ air [] run playsound break.hanging_sign @a ~~-1.25~",
            "@s xp_furniture:despawn"
          ]
        },
        "check_for_air": {
          "transitions": [
            {
              "default": "1"
            }
          ],
          "on_entry": [
            "/execute if entity @s[tag=!independent] unless entity @e[type=xp_furniture:hanging_item_sign,x=~,y=~1.5,z=~,r=1] run event entity @s xp_furniture:is_being_removed",
            "/execute if entity @s[tag=!independent] unless entity @e[type=xp_furniture:hanging_item_sign,x=~,y=~1.25,z=~,r=1] run event entity @s xp_furniture:is_being_removed",
            "/execute if entity @s[tag=!independent] unless entity @e[type=xp_furniture:hanging_item_sign,x=~,y=~1.0,z=~,r=1] run event entity @s xp_furniture:is_being_removed",
            "/execute if entity @s[family=!wall_mounted,tag=independent] if block ~~1.5~ air [] run event entity @s xp_furniture:is_being_removed",
            "/execute if entity @s[family=!wall_mounted,tag=independent] if block ~~1.25~ air [] run event entity @s xp_furniture:is_being_removed",
            "/execute if entity @s[family=!wall_mounted,tag=independent] if block ~~1.0~ air [] run event entity @s xp_furniture:is_being_removed",
            "/execute if entity @s[family=wall_mounted,tag=independent] if block ~~1.5~ air [] if block ~1~~ air [] if block ~-1~~ air [] if block ~~~1 air [] if block ~~~-1 air [] run event entity @s xp_furniture:is_being_removed",
            "/execute if entity @s[family=wall_mounted,tag=independent] if block ~~1.25~ air [] if block ~1~~ air [] if block ~-1~~ air [] if block ~~~1 air [] if block ~~~-1 air [] run event entity @s xp_furniture:is_being_removed",
            "/execute if entity @s[family=wall_mounted,tag=independent] if block ~~1.0~ air [] if block ~1~~ air [] if block ~-1~~ air [] if block ~~~1 air [] if block ~~~-1 air [] run event entity @s xp_furniture:is_being_removed"
          ]
        }
      }
    },
    "controller.animation.xp_furniture.scarecrow": {
      "initial_state": "idle",
      "states": {
        "idle": {
          "transitions": [
            {
              "scare": "q.property('xp_furniture:is_interacted_with')"
            }
          ]
        },
        "scare": {
          "transitions": [
            {
              "idle": "q.state_time > 600 && !q.property('xp_furniture:is_interacted_with')"
            }
          ],
          "on_entry": [
            "/playsound mob.witch.celebrate @a[r=16] ~ ~ ~ 1 1.5"
          ]
        }
      }
    },
    "controller.animation.xp_furniture.sprinkler": {
      "initial_state": "inactive",
      "states": {
        "inactive": {
          "transitions": [
            {
              "on_activate": "q.property('xp_furniture:is_interacted_with')"
            }
          ]
        },
        "on_activate": {
          "transitions": [
            {
              "active": "q.life_time - v.state_time > v.state_time_random"
            }
          ],
          "on_entry": [
            "v.state_time = q.life_time;",
            "v.state_time_random = Math.random(0.25, 0.5);"
          ],
          "on_exit": [
            "/scriptevent xp_furniture:sprinkler grow_crops",
            "/execute as @e[type=xp_furniture:crops,r=6,c=1] run scriptevent xp_furniture:crops sprinkler"
          ]
        },
        "active": {
          "transitions": [
            {
              "inactive": "!q.property('xp_furniture:is_interacted_with')"
            },
            {
              "active_tick": "q.life_time - v.state_time > v.state_time_random"
            }
          ],
          "on_entry": [
            "v.state_time = q.life_time;",
            "v.state_time_random = Math.random(2, 3);"
          ]
        },
        "active_tick": {
          "transitions": [
            {
              "active": "1"
            }
          ],
          "on_entry": [
            "/scriptevent xp_furniture:sprinkler"
          ]
        }
      }
    },
    "controller.animation.xp_furniture.stove": {
      "initial_state": "unlit",
      "states": {
        "unlit": {
          "transitions": [
            {
              "lit": "q.property('xp_furniture:is_interacted_with')"
            }
          ],
          "on_entry": [
            "/scriptevent xp_furniture:lit 0"
          ]
        },
        "lit": {
          "transitions": [
            {
              "on_smelt_cooldown": "1"
            }
          ],
          "on_entry": [
            "/scriptevent xp_furniture:lit 1"
          ]
        },
        "on_smelt": {
          "transitions": [
            {
              "on_smelt_cooldown": "!q.property('xp_furniture:is_interacted_with') || q.life_time - v.state_time > 2"
            }
          ],
          "on_entry": [
            "v.state_time = q.life_time;",
            "@s xp_furniture:clear_has_smelted"
          ],
          "on_exit": [
            "@s xp_furniture:smelt_done",
            "/playsound random.fizz @a ~~~ 0.5"
          ]
        },
        "on_smelt_cooldown": {
          "transitions": [
            {
              "unlit": "!q.property('xp_furniture:is_interacted_with')"
            },
            {
              "on_smelt": "q.property('xp_furniture:has_smelted')"
            }
          ]
        }
      }
    },
    "controller.animation.xp_furniture.tool_rack.slot_1": {
      "initial_state": "default",
      "states": {
        "default": {
          "transitions": [
            {
              "slot_1.check": "1"
            }
          ]
        },
        "slot_1.check": {
          "transitions": [
            {
              "slot_1.diamond_axe": "q.is_item_name_any('slot.inventory', 0, 'minecraft:diamond_axe')"
            },
            {
              "slot_1.diamond_hoe": "q.is_item_name_any('slot.inventory', 0, 'minecraft:diamond_hoe')"
            },
            {
              "slot_1.diamond_pickaxe": "q.is_item_name_any('slot.inventory', 0, 'minecraft:diamond_pickaxe')"
            },
            {
              "slot_1.diamond_shovel": "q.is_item_name_any('slot.inventory', 0, 'minecraft:diamond_shovel')"
            },
            {
              "slot_1.diamond_sword": "q.is_item_name_any('slot.inventory', 0, 'minecraft:diamond_sword')"
            },
            {
              "slot_1.golden_axe": "q.is_item_name_any('slot.inventory', 0, 'minecraft:golden_axe')"
            },
            {
              "slot_1.golden_hoe": "q.is_item_name_any('slot.inventory', 0, 'minecraft:golden_hoe')"
            },
            {
              "slot_1.golden_pickaxe": "q.is_item_name_any('slot.inventory', 0, 'minecraft:golden_pickaxe')"
            },
            {
              "slot_1.golden_shovel": "q.is_item_name_any('slot.inventory', 0, 'minecraft:golden_shovel')"
            },
            {
              "slot_1.golden_sword": "q.is_item_name_any('slot.inventory', 0, 'minecraft:golden_sword')"
            },
            {
              "slot_1.iron_axe": "q.is_item_name_any('slot.inventory', 0, 'minecraft:iron_axe')"
            },
            {
              "slot_1.iron_hoe": "q.is_item_name_any('slot.inventory', 0, 'minecraft:iron_hoe')"
            },
            {
              "slot_1.iron_pickaxe": "q.is_item_name_any('slot.inventory', 0, 'minecraft:iron_pickaxe')"
            },
            {
              "slot_1.iron_shovel": "q.is_item_name_any('slot.inventory', 0, 'minecraft:iron_shovel')"
            },
            {
              "slot_1.iron_sword": "q.is_item_name_any('slot.inventory', 0, 'minecraft:iron_sword')"
            },
            {
              "slot_1.leather_axe": "q.is_item_name_any('slot.inventory', 0, 'minecraft:leather_axe')"
            },
            {
              "slot_1.leather_hoe": "q.is_item_name_any('slot.inventory', 0, 'minecraft:leather_hoe')"
            },
            {
              "slot_1.leather_pickaxe": "q.is_item_name_any('slot.inventory', 0, 'minecraft:leather_pickaxe')"
            },
            {
              "slot_1.leather_shovel": "q.is_item_name_any('slot.inventory', 0, 'minecraft:leather_shovel')"
            },
            {
              "slot_1.leather_sword": "q.is_item_name_any('slot.inventory', 0, 'minecraft:leather_sword')"
            },
            {
              "slot_1.netherite_axe": "q.is_item_name_any('slot.inventory', 0, 'minecraft:netherite_axe')"
            },
            {
              "slot_1.netherite_hoe": "q.is_item_name_any('slot.inventory', 0, 'minecraft:netherite_hoe')"
            },
            {
              "slot_1.netherite_pickaxe": "q.is_item_name_any('slot.inventory', 0, 'minecraft:netherite_pickaxe')"
            },
            {
              "slot_1.netherite_shovel": "q.is_item_name_any('slot.inventory', 0, 'minecraft:netherite_shovel')"
            },
            {
              "slot_1.netherite_sword": "q.is_item_name_any('slot.inventory', 0, 'minecraft:netherite_sword')"
            },
            {
              "slot_1.stone_axe": "q.is_item_name_any('slot.inventory', 0, 'minecraft:stone_axe')"
            },
            {
              "slot_1.stone_hoe": "q.is_item_name_any('slot.inventory', 0, 'minecraft:stone_hoe')"
            },
            {
              "slot_1.stone_pickaxe": "q.is_item_name_any('slot.inventory', 0, 'minecraft:stone_pickaxe')"
            },
            {
              "slot_1.stone_shovel": "q.is_item_name_any('slot.inventory', 0, 'minecraft:stone_shovel')"
            },
            {
              "slot_1.stone_sword": "q.is_item_name_any('slot.inventory', 0, 'minecraft:stone_sword')"
            },
            {
              "slot_1.wooden_axe": "q.is_item_name_any('slot.inventory', 0, 'minecraft:wooden_axe')"
            },
            {
              "slot_1.wooden_hoe": "q.is_item_name_any('slot.inventory', 0, 'minecraft:wooden_hoe')"
            },
            {
              "slot_1.wooden_pickaxe": "q.is_item_name_any('slot.inventory', 0, 'minecraft:wooden_pickaxe')"
            },
            {
              "slot_1.wooden_shovel": "q.is_item_name_any('slot.inventory', 0, 'minecraft:wooden_shovel')"
            },
            {
              "slot_1.wooden_sword": "q.is_item_name_any('slot.inventory', 0, 'minecraft:wooden_sword')"
            },
            {
              "slot_1.none": "1"
            }
          ]
        },
        "slot_1.diamond_axe": {
          "transitions": [
            {
              "slot_1.check": "!q.is_item_name_any('slot.inventory', 0, 'minecraft:diamond_axe')"
            }
          ],
          "on_entry": [
            "/playsound armor.equip_diamond @a ~~~",
            "@s xp_furniture:slot_1_tool_type_1"
          ]
        },
        "slot_1.diamond_hoe": {
          "transitions": [
            {
              "slot_1.check": "!q.is_item_name_any('slot.inventory', 0, 'minecraft:diamond_hoe')"
            }
          ],
          "on_entry": [
            "/playsound armor.equip_diamond @a ~~~",
            "@s xp_furniture:slot_1_tool_type_2"
          ]
        },
        "slot_1.diamond_pickaxe": {
          "transitions": [
            {
              "slot_1.check": "!q.is_item_name_any('slot.inventory', 0, 'minecraft:diamond_pickaxe')"
            }
          ],
          "on_entry": [
            "/playsound armor.equip_diamond @a ~~~",
            "@s xp_furniture:slot_1_tool_type_3"
          ]
        },
        "slot_1.diamond_shovel": {
          "transitions": [
            {
              "slot_1.check": "!q.is_item_name_any('slot.inventory', 0, 'minecraft:diamond_shovel')"
            }
          ],
          "on_entry": [
            "/playsound armor.equip_diamond @a ~~~",
            "@s xp_furniture:slot_1_tool_type_4"
          ]
        },
        "slot_1.diamond_sword": {
          "transitions": [
            {
              "slot_1.check": "!q.is_item_name_any('slot.inventory', 0, 'minecraft:diamond_sword')"
            }
          ],
          "on_entry": [
            "/playsound armor.equip_diamond @a ~~~",
            "@s xp_furniture:slot_1_tool_type_5"
          ]
        },
        "slot_1.golden_axe": {
          "transitions": [
            {
              "slot_1.check": "!q.is_item_name_any('slot.inventory', 0, 'minecraft:golden_axe')"
            }
          ],
          "on_entry": [
            "/playsound armor.equip_gold @a ~~~",
            "@s xp_furniture:slot_1_tool_type_6"
          ]
        },
        "slot_1.golden_hoe": {
          "transitions": [
            {
              "slot_1.check": "!q.is_item_name_any('slot.inventory', 0, 'minecraft:golden_hoe')"
            }
          ],
          "on_entry": [
            "/playsound armor.equip_gold @a ~~~",
            "@s xp_furniture:slot_1_tool_type_7"
          ]
        },
        "slot_1.golden_pickaxe": {
          "transitions": [
            {
              "slot_1.check": "!q.is_item_name_any('slot.inventory', 0, 'minecraft:golden_pickaxe')"
            }
          ],
          "on_entry": [
            "/playsound armor.equip_gold @a ~~~",
            "@s xp_furniture:slot_1_tool_type_8"
          ]
        },
        "slot_1.golden_shovel": {
          "transitions": [
            {
              "slot_1.check": "!q.is_item_name_any('slot.inventory', 0, 'minecraft:golden_shovel')"
            }
          ],
          "on_entry": [
            "/playsound armor.equip_gold @a ~~~",
            "@s xp_furniture:slot_1_tool_type_9"
          ]
        },
        "slot_1.golden_sword": {
          "transitions": [
            {
              "slot_1.check": "!q.is_item_name_any('slot.inventory', 0, 'minecraft:golden_sword')"
            }
          ],
          "on_entry": [
            "/playsound armor.equip_gold @a ~~~",
            "@s xp_furniture:slot_1_tool_type_10"
          ]
        },
        "slot_1.iron_axe": {
          "transitions": [
            {
              "slot_1.check": "!q.is_item_name_any('slot.inventory', 0, 'minecraft:iron_axe')"
            }
          ],
          "on_entry": [
            "/playsound armor.equip_iron @a ~~~",
            "@s xp_furniture:slot_1_tool_type_11"
          ]
        },
        "slot_1.iron_hoe": {
          "transitions": [
            {
              "slot_1.check": "!q.is_item_name_any('slot.inventory', 0, 'minecraft:iron_hoe')"
            }
          ],
          "on_entry": [
            "/playsound armor.equip_iron @a ~~~",
            "@s xp_furniture:slot_1_tool_type_12"
          ]
        },
        "slot_1.iron_pickaxe": {
          "transitions": [
            {
              "slot_1.check": "!q.is_item_name_any('slot.inventory', 0, 'minecraft:iron_pickaxe')"
            }
          ],
          "on_entry": [
            "/playsound armor.equip_iron @a ~~~",
            "@s xp_furniture:slot_1_tool_type_13"
          ]
        },
        "slot_1.iron_shovel": {
          "transitions": [
            {
              "slot_1.check": "!q.is_item_name_any('slot.inventory', 0, 'minecraft:iron_shovel')"
            }
          ],
          "on_entry": [
            "/playsound armor.equip_iron @a ~~~",
            "@s xp_furniture:slot_1_tool_type_14"
          ]
        },
        "slot_1.iron_sword": {
          "transitions": [
            {
              "slot_1.check": "!q.is_item_name_any('slot.inventory', 0, 'minecraft:iron_sword')"
            }
          ],
          "on_entry": [
            "/playsound armor.equip_iron @a ~~~",
            "@s xp_furniture:slot_1_tool_type_15"
          ]
        },
        "slot_1.leather_axe": {
          "transitions": [
            {
              "slot_1.check": "!q.is_item_name_any('slot.inventory', 0, 'minecraft:leather_axe')"
            }
          ],
          "on_entry": [
            "/playsound armor.equip_leather @a ~~~",
            "@s xp_furniture:slot_1_tool_type_16"
          ]
        },
        "slot_1.leather_hoe": {
          "transitions": [
            {
              "slot_1.check": "!q.is_item_name_any('slot.inventory', 0, 'minecraft:leather_hoe')"
            }
          ],
          "on_entry": [
            "/playsound armor.equip_leather @a ~~~",
            "@s xp_furniture:slot_1_tool_type_17"
          ]
        },
        "slot_1.leather_pickaxe": {
          "transitions": [
            {
              "slot_1.check": "!q.is_item_name_any('slot.inventory', 0, 'minecraft:leather_pickaxe')"
            }
          ],
          "on_entry": [
            "/playsound armor.equip_leather @a ~~~",
            "@s xp_furniture:slot_1_tool_type_18"
          ]
        },
        "slot_1.leather_shovel": {
          "transitions": [
            {
              "slot_1.check": "!q.is_item_name_any('slot.inventory', 0, 'minecraft:leather_shovel')"
            }
          ],
          "on_entry": [
            "/playsound armor.equip_leather @a ~~~",
            "@s xp_furniture:slot_1_tool_type_19"
          ]
        },
        "slot_1.leather_sword": {
          "transitions": [
            {
              "slot_1.check": "!q.is_item_name_any('slot.inventory', 0, 'minecraft:leather_sword')"
            }
          ],
          "on_entry": [
            "/playsound armor.equip_leather @a ~~~",
            "@s xp_furniture:slot_1_tool_type_20"
          ]
        },
        "slot_1.netherite_axe": {
          "transitions": [
            {
              "slot_1.check": "!q.is_item_name_any('slot.inventory', 0, 'minecraft:netherite_axe')"
            }
          ],
          "on_entry": [
            "/playsound armor.equip_netherite @a ~~~",
            "@s xp_furniture:slot_1_tool_type_21"
          ]
        },
        "slot_1.netherite_hoe": {
          "transitions": [
            {
              "slot_1.check": "!q.is_item_name_any('slot.inventory', 0, 'minecraft:netherite_hoe')"
            }
          ],
          "on_entry": [
            "/playsound armor.equip_netherite @a ~~~",
            "@s xp_furniture:slot_1_tool_type_22"
          ]
        },
        "slot_1.netherite_pickaxe": {
          "transitions": [
            {
              "slot_1.check": "!q.is_item_name_any('slot.inventory', 0, 'minecraft:netherite_pickaxe')"
            }
          ],
          "on_entry": [
            "/playsound armor.equip_netherite @a ~~~",
            "@s xp_furniture:slot_1_tool_type_23"
          ]
        },
        "slot_1.netherite_shovel": {
          "transitions": [
            {
              "slot_1.check": "!q.is_item_name_any('slot.inventory', 0, 'minecraft:netherite_shovel')"
            }
          ],
          "on_entry": [
            "/playsound armor.equip_netherite @a ~~~",
            "@s xp_furniture:slot_1_tool_type_24"
          ]
        },
        "slot_1.netherite_sword": {
          "transitions": [
            {
              "slot_1.check": "!q.is_item_name_any('slot.inventory', 0, 'minecraft:netherite_sword')"
            }
          ],
          "on_entry": [
            "/playsound armor.equip_netherite @a ~~~",
            "@s xp_furniture:slot_1_tool_type_25"
          ]
        },
        "slot_1.stone_axe": {
          "transitions": [
            {
              "slot_1.check": "!q.is_item_name_any('slot.inventory', 0, 'minecraft:stone_axe')"
            }
          ],
          "on_entry": [
            "/playsound armor.equip_generic @a ~~~",
            "@s xp_furniture:slot_1_tool_type_26"
          ]
        },
        "slot_1.stone_hoe": {
          "transitions": [
            {
              "slot_1.check": "!q.is_item_name_any('slot.inventory', 0, 'minecraft:stone_hoe')"
            }
          ],
          "on_entry": [
            "/playsound armor.equip_generic @a ~~~",
            "@s xp_furniture:slot_1_tool_type_27"
          ]
        },
        "slot_1.stone_pickaxe": {
          "transitions": [
            {
              "slot_1.check": "!q.is_item_name_any('slot.inventory', 0, 'minecraft:stone_pickaxe')"
            }
          ],
          "on_entry": [
            "/playsound armor.equip_generic @a ~~~",
            "@s xp_furniture:slot_1_tool_type_28"
          ]
        },
        "slot_1.stone_shovel": {
          "transitions": [
            {
              "slot_1.check": "!q.is_item_name_any('slot.inventory', 0, 'minecraft:stone_shovel')"
            }
          ],
          "on_entry": [
            "/playsound armor.equip_generic @a ~~~",
            "@s xp_furniture:slot_1_tool_type_29"
          ]
        },
        "slot_1.stone_sword": {
          "transitions": [
            {
              "slot_1.check": "!q.is_item_name_any('slot.inventory', 0, 'minecraft:stone_sword')"
            }
          ],
          "on_entry": [
            "/playsound armor.equip_generic @a ~~~",
            "@s xp_furniture:slot_1_tool_type_30"
          ]
        },
        "slot_1.wooden_axe": {
          "transitions": [
            {
              "slot_1.check": "!q.is_item_name_any('slot.inventory', 0, 'minecraft:wooden_axe')"
            }
          ],
          "on_entry": [
            "/playsound armor.equip_generic @a ~~~",
            "@s xp_furniture:slot_1_tool_type_31"
          ]
        },
        "slot_1.wooden_hoe": {
          "transitions": [
            {
              "slot_1.check": "!q.is_item_name_any('slot.inventory', 0, 'minecraft:wooden_hoe')"
            }
          ],
          "on_entry": [
            "/playsound armor.equip_generic @a ~~~",
            "@s xp_furniture:slot_1_tool_type_32"
          ]
        },
        "slot_1.wooden_pickaxe": {
          "transitions": [
            {
              "slot_1.check": "!q.is_item_name_any('slot.inventory', 0, 'minecraft:wooden_pickaxe')"
            }
          ],
          "on_entry": [
            "/playsound armor.equip_generic @a ~~~",
            "@s xp_furniture:slot_1_tool_type_33"
          ]
        },
        "slot_1.wooden_shovel": {
          "transitions": [
            {
              "slot_1.check": "!q.is_item_name_any('slot.inventory', 0, 'minecraft:wooden_shovel')"
            }
          ],
          "on_entry": [
            "/playsound armor.equip_generic @a ~~~",
            "@s xp_furniture:slot_1_tool_type_34"
          ]
        },
        "slot_1.wooden_sword": {
          "transitions": [
            {
              "slot_1.check": "!q.is_item_name_any('slot.inventory', 0, 'minecraft:wooden_sword')"
            }
          ],
          "on_entry": [
            "/playsound armor.equip_generic @a ~~~",
            "@s xp_furniture:slot_1_tool_type_35"
          ]
        },
        "slot_1.none": {
          "transitions": [
            {
              "slot_1.check": "1"
            }
          ],
          "on_entry": [
            "@s xp_furniture:slot_1_tool_type_reset"
          ]
        }
      }
    },
    "controller.animation.xp_furniture.tool_rack.slot_2": {
      "initial_state": "default",
      "states": {
        "default": {
          "transitions": [
            {
              "slot_2.check": "1"
            }
          ]
        },
        "slot_2.check": {
          "transitions": [
            {
              "slot_2.diamond_axe": "q.is_item_name_any('slot.inventory', 1, 'minecraft:diamond_axe')"
            },
            {
              "slot_2.diamond_hoe": "q.is_item_name_any('slot.inventory', 1, 'minecraft:diamond_hoe')"
            },
            {
              "slot_2.diamond_pickaxe": "q.is_item_name_any('slot.inventory', 1, 'minecraft:diamond_pickaxe')"
            },
            {
              "slot_2.diamond_shovel": "q.is_item_name_any('slot.inventory', 1, 'minecraft:diamond_shovel')"
            },
            {
              "slot_2.diamond_sword": "q.is_item_name_any('slot.inventory', 1, 'minecraft:diamond_sword')"
            },
            {
              "slot_2.golden_axe": "q.is_item_name_any('slot.inventory', 1, 'minecraft:golden_axe')"
            },
            {
              "slot_2.golden_hoe": "q.is_item_name_any('slot.inventory', 1, 'minecraft:golden_hoe')"
            },
            {
              "slot_2.golden_pickaxe": "q.is_item_name_any('slot.inventory', 1, 'minecraft:golden_pickaxe')"
            },
            {
              "slot_2.golden_shovel": "q.is_item_name_any('slot.inventory', 1, 'minecraft:golden_shovel')"
            },
            {
              "slot_2.golden_sword": "q.is_item_name_any('slot.inventory', 1, 'minecraft:golden_sword')"
            },
            {
              "slot_2.iron_axe": "q.is_item_name_any('slot.inventory', 1, 'minecraft:iron_axe')"
            },
            {
              "slot_2.iron_hoe": "q.is_item_name_any('slot.inventory', 1, 'minecraft:iron_hoe')"
            },
            {
              "slot_2.iron_pickaxe": "q.is_item_name_any('slot.inventory', 1, 'minecraft:iron_pickaxe')"
            },
            {
              "slot_2.iron_shovel": "q.is_item_name_any('slot.inventory', 1, 'minecraft:iron_shovel')"
            },
            {
              "slot_2.iron_sword": "q.is_item_name_any('slot.inventory', 1, 'minecraft:iron_sword')"
            },
            {
              "slot_2.leather_axe": "q.is_item_name_any('slot.inventory', 1, 'minecraft:leather_axe')"
            },
            {
              "slot_2.leather_hoe": "q.is_item_name_any('slot.inventory', 1, 'minecraft:leather_hoe')"
            },
            {
              "slot_2.leather_pickaxe": "q.is_item_name_any('slot.inventory', 1, 'minecraft:leather_pickaxe')"
            },
            {
              "slot_2.leather_shovel": "q.is_item_name_any('slot.inventory', 1, 'minecraft:leather_shovel')"
            },
            {
              "slot_2.leather_sword": "q.is_item_name_any('slot.inventory', 1, 'minecraft:leather_sword')"
            },
            {
              "slot_2.netherite_axe": "q.is_item_name_any('slot.inventory', 1, 'minecraft:netherite_axe')"
            },
            {
              "slot_2.netherite_hoe": "q.is_item_name_any('slot.inventory', 1, 'minecraft:netherite_hoe')"
            },
            {
              "slot_2.netherite_pickaxe": "q.is_item_name_any('slot.inventory', 1, 'minecraft:netherite_pickaxe')"
            },
            {
              "slot_2.netherite_shovel": "q.is_item_name_any('slot.inventory', 1, 'minecraft:netherite_shovel')"
            },
            {
              "slot_2.netherite_sword": "q.is_item_name_any('slot.inventory', 1, 'minecraft:netherite_sword')"
            },
            {
              "slot_2.stone_axe": "q.is_item_name_any('slot.inventory', 1, 'minecraft:stone_axe')"
            },
            {
              "slot_2.stone_hoe": "q.is_item_name_any('slot.inventory', 1, 'minecraft:stone_hoe')"
            },
            {
              "slot_2.stone_pickaxe": "q.is_item_name_any('slot.inventory', 1, 'minecraft:stone_pickaxe')"
            },
            {
              "slot_2.stone_shovel": "q.is_item_name_any('slot.inventory', 1, 'minecraft:stone_shovel')"
            },
            {
              "slot_2.stone_sword": "q.is_item_name_any('slot.inventory', 1, 'minecraft:stone_sword')"
            },
            {
              "slot_2.wooden_axe": "q.is_item_name_any('slot.inventory', 1, 'minecraft:wooden_axe')"
            },
            {
              "slot_2.wooden_hoe": "q.is_item_name_any('slot.inventory', 1, 'minecraft:wooden_hoe')"
            },
            {
              "slot_2.wooden_pickaxe": "q.is_item_name_any('slot.inventory', 1, 'minecraft:wooden_pickaxe')"
            },
            {
              "slot_2.wooden_shovel": "q.is_item_name_any('slot.inventory', 1, 'minecraft:wooden_shovel')"
            },
            {
              "slot_2.wooden_sword": "q.is_item_name_any('slot.inventory', 1, 'minecraft:wooden_sword')"
            },
            {
              "slot_2.none": "1"
            }
          ]
        },
        "slot_2.diamond_axe": {
          "transitions": [
            {
              "slot_2.check": "!q.is_item_name_any('slot.inventory', 1, 'minecraft:diamond_axe')"
            }
          ],
          "on_entry": [
            "/playsound armor.equip_diamond @a ~~~",
            "@s xp_furniture:slot_2_tool_type_1"
          ]
        },
        "slot_2.diamond_hoe": {
          "transitions": [
            {
              "slot_2.check": "!q.is_item_name_any('slot.inventory', 1, 'minecraft:diamond_hoe')"
            }
          ],
          "on_entry": [
            "/playsound armor.equip_diamond @a ~~~",
            "@s xp_furniture:slot_2_tool_type_2"
          ]
        },
        "slot_2.diamond_pickaxe": {
          "transitions": [
            {
              "slot_2.check": "!q.is_item_name_any('slot.inventory', 1, 'minecraft:diamond_pickaxe')"
            }
          ],
          "on_entry": [
            "/playsound armor.equip_diamond @a ~~~",
            "@s xp_furniture:slot_2_tool_type_3"
          ]
        },
        "slot_2.diamond_shovel": {
          "transitions": [
            {
              "slot_2.check": "!q.is_item_name_any('slot.inventory', 1, 'minecraft:diamond_shovel')"
            }
          ],
          "on_entry": [
            "/playsound armor.equip_diamond @a ~~~",
            "@s xp_furniture:slot_2_tool_type_4"
          ]
        },
        "slot_2.diamond_sword": {
          "transitions": [
            {
              "slot_2.check": "!q.is_item_name_any('slot.inventory', 1, 'minecraft:diamond_sword')"
            }
          ],
          "on_entry": [
            "/playsound armor.equip_diamond @a ~~~",
            "@s xp_furniture:slot_2_tool_type_5"
          ]
        },
        "slot_2.golden_axe": {
          "transitions": [
            {
              "slot_2.check": "!q.is_item_name_any('slot.inventory', 1, 'minecraft:golden_axe')"
            }
          ],
          "on_entry": [
            "/playsound armor.equip_gold @a ~~~",
            "@s xp_furniture:slot_2_tool_type_6"
          ]
        },
        "slot_2.golden_hoe": {
          "transitions": [
            {
              "slot_2.check": "!q.is_item_name_any('slot.inventory', 1, 'minecraft:golden_hoe')"
            }
          ],
          "on_entry": [
            "/playsound armor.equip_gold @a ~~~",
            "@s xp_furniture:slot_2_tool_type_7"
          ]
        },
        "slot_2.golden_pickaxe": {
          "transitions": [
            {
              "slot_2.check": "!q.is_item_name_any('slot.inventory', 1, 'minecraft:golden_pickaxe')"
            }
          ],
          "on_entry": [
            "/playsound armor.equip_gold @a ~~~",
            "@s xp_furniture:slot_2_tool_type_8"
          ]
        },
        "slot_2.golden_shovel": {
          "transitions": [
            {
              "slot_2.check": "!q.is_item_name_any('slot.inventory', 1, 'minecraft:golden_shovel')"
            }
          ],
          "on_entry": [
            "/playsound armor.equip_gold @a ~~~",
            "@s xp_furniture:slot_2_tool_type_9"
          ]
        },
        "slot_2.golden_sword": {
          "transitions": [
            {
              "slot_2.check": "!q.is_item_name_any('slot.inventory', 1, 'minecraft:golden_sword')"
            }
          ],
          "on_entry": [
            "/playsound armor.equip_gold @a ~~~",
            "@s xp_furniture:slot_2_tool_type_10"
          ]
        },
        "slot_2.iron_axe": {
          "transitions": [
            {
              "slot_2.check": "!q.is_item_name_any('slot.inventory', 1, 'minecraft:iron_axe')"
            }
          ],
          "on_entry": [
            "/playsound armor.equip_iron @a ~~~",
            "@s xp_furniture:slot_2_tool_type_11"
          ]
        },
        "slot_2.iron_hoe": {
          "transitions": [
            {
              "slot_2.check": "!q.is_item_name_any('slot.inventory', 1, 'minecraft:iron_hoe')"
            }
          ],
          "on_entry": [
            "/playsound armor.equip_iron @a ~~~",
            "@s xp_furniture:slot_2_tool_type_12"
          ]
        },
        "slot_2.iron_pickaxe": {
          "transitions": [
            {
              "slot_2.check": "!q.is_item_name_any('slot.inventory', 1, 'minecraft:iron_pickaxe')"
            }
          ],
          "on_entry": [
            "/playsound armor.equip_iron @a ~~~",
            "@s xp_furniture:slot_2_tool_type_13"
          ]
        },
        "slot_2.iron_shovel": {
          "transitions": [
            {
              "slot_2.check": "!q.is_item_name_any('slot.inventory', 1, 'minecraft:iron_shovel')"
            }
          ],
          "on_entry": [
            "/playsound armor.equip_iron @a ~~~",
            "@s xp_furniture:slot_2_tool_type_14"
          ]
        },
        "slot_2.iron_sword": {
          "transitions": [
            {
              "slot_2.check": "!q.is_item_name_any('slot.inventory', 1, 'minecraft:iron_sword')"
            }
          ],
          "on_entry": [
            "/playsound armor.equip_iron @a ~~~",
            "@s xp_furniture:slot_2_tool_type_15"
          ]
        },
        "slot_2.leather_axe": {
          "transitions": [
            {
              "slot_2.check": "!q.is_item_name_any('slot.inventory', 1, 'minecraft:leather_axe')"
            }
          ],
          "on_entry": [
            "/playsound armor.equip_leather @a ~~~",
            "@s xp_furniture:slot_2_tool_type_16"
          ]
        },
        "slot_2.leather_hoe": {
          "transitions": [
            {
              "slot_2.check": "!q.is_item_name_any('slot.inventory', 1, 'minecraft:leather_hoe')"
            }
          ],
          "on_entry": [
            "/playsound armor.equip_leather @a ~~~",
            "@s xp_furniture:slot_2_tool_type_17"
          ]
        },
        "slot_2.leather_pickaxe": {
          "transitions": [
            {
              "slot_2.check": "!q.is_item_name_any('slot.inventory', 1, 'minecraft:leather_pickaxe')"
            }
          ],
          "on_entry": [
            "/playsound armor.equip_leather @a ~~~",
            "@s xp_furniture:slot_2_tool_type_18"
          ]
        },
        "slot_2.leather_shovel": {
          "transitions": [
            {
              "slot_2.check": "!q.is_item_name_any('slot.inventory', 1, 'minecraft:leather_shovel')"
            }
          ],
          "on_entry": [
            "/playsound armor.equip_leather @a ~~~",
            "@s xp_furniture:slot_2_tool_type_19"
          ]
        },
        "slot_2.leather_sword": {
          "transitions": [
            {
              "slot_2.check": "!q.is_item_name_any('slot.inventory', 1, 'minecraft:leather_sword')"
            }
          ],
          "on_entry": [
            "/playsound armor.equip_leather @a ~~~",
            "@s xp_furniture:slot_2_tool_type_20"
          ]
        },
        "slot_2.netherite_axe": {
          "transitions": [
            {
              "slot_2.check": "!q.is_item_name_any('slot.inventory', 1, 'minecraft:netherite_axe')"
            }
          ],
          "on_entry": [
            "/playsound armor.equip_netherite @a ~~~",
            "@s xp_furniture:slot_2_tool_type_21"
          ]
        },
        "slot_2.netherite_hoe": {
          "transitions": [
            {
              "slot_2.check": "!q.is_item_name_any('slot.inventory', 1, 'minecraft:netherite_hoe')"
            }
          ],
          "on_entry": [
            "/playsound armor.equip_netherite @a ~~~",
            "@s xp_furniture:slot_2_tool_type_22"
          ]
        },
        "slot_2.netherite_pickaxe": {
          "transitions": [
            {
              "slot_2.check": "!q.is_item_name_any('slot.inventory', 1, 'minecraft:netherite_pickaxe')"
            }
          ],
          "on_entry": [
            "/playsound armor.equip_netherite @a ~~~",
            "@s xp_furniture:slot_2_tool_type_23"
          ]
        },
        "slot_2.netherite_shovel": {
          "transitions": [
            {
              "slot_2.check": "!q.is_item_name_any('slot.inventory', 1, 'minecraft:netherite_shovel')"
            }
          ],
          "on_entry": [
            "/playsound armor.equip_netherite @a ~~~",
            "@s xp_furniture:slot_2_tool_type_24"
          ]
        },
        "slot_2.netherite_sword": {
          "transitions": [
            {
              "slot_2.check": "!q.is_item_name_any('slot.inventory', 1, 'minecraft:netherite_sword')"
            }
          ],
          "on_entry": [
            "/playsound armor.equip_netherite @a ~~~",
            "@s xp_furniture:slot_2_tool_type_25"
          ]
        },
        "slot_2.stone_axe": {
          "transitions": [
            {
              "slot_2.check": "!q.is_item_name_any('slot.inventory', 1, 'minecraft:stone_axe')"
            }
          ],
          "on_entry": [
            "/playsound armor.equip_generic @a ~~~",
            "@s xp_furniture:slot_2_tool_type_26"
          ]
        },
        "slot_2.stone_hoe": {
          "transitions": [
            {
              "slot_2.check": "!q.is_item_name_any('slot.inventory', 1, 'minecraft:stone_hoe')"
            }
          ],
          "on_entry": [
            "/playsound armor.equip_generic @a ~~~",
            "@s xp_furniture:slot_2_tool_type_27"
          ]
        },
        "slot_2.stone_pickaxe": {
          "transitions": [
            {
              "slot_2.check": "!q.is_item_name_any('slot.inventory', 1, 'minecraft:stone_pickaxe')"
            }
          ],
          "on_entry": [
            "/playsound armor.equip_generic @a ~~~",
            "@s xp_furniture:slot_2_tool_type_28"
          ]
        },
        "slot_2.stone_shovel": {
          "transitions": [
            {
              "slot_2.check": "!q.is_item_name_any('slot.inventory', 1, 'minecraft:stone_shovel')"
            }
          ],
          "on_entry": [
            "/playsound armor.equip_generic @a ~~~",
            "@s xp_furniture:slot_2_tool_type_29"
          ]
        },
        "slot_2.stone_sword": {
          "transitions": [
            {
              "slot_2.check": "!q.is_item_name_any('slot.inventory', 1, 'minecraft:stone_sword')"
            }
          ],
          "on_entry": [
            "/playsound armor.equip_generic @a ~~~",
            "@s xp_furniture:slot_2_tool_type_30"
          ]
        },
        "slot_2.wooden_axe": {
          "transitions": [
            {
              "slot_2.check": "!q.is_item_name_any('slot.inventory', 1, 'minecraft:wooden_axe')"
            }
          ],
          "on_entry": [
            "/playsound armor.equip_generic @a ~~~",
            "@s xp_furniture:slot_2_tool_type_31"
          ]
        },
        "slot_2.wooden_hoe": {
          "transitions": [
            {
              "slot_2.check": "!q.is_item_name_any('slot.inventory', 1, 'minecraft:wooden_hoe')"
            }
          ],
          "on_entry": [
            "/playsound armor.equip_generic @a ~~~",
            "@s xp_furniture:slot_2_tool_type_32"
          ]
        },
        "slot_2.wooden_pickaxe": {
          "transitions": [
            {
              "slot_2.check": "!q.is_item_name_any('slot.inventory', 1, 'minecraft:wooden_pickaxe')"
            }
          ],
          "on_entry": [
            "/playsound armor.equip_generic @a ~~~",
            "@s xp_furniture:slot_2_tool_type_33"
          ]
        },
        "slot_2.wooden_shovel": {
          "transitions": [
            {
              "slot_2.check": "!q.is_item_name_any('slot.inventory', 1, 'minecraft:wooden_shovel')"
            }
          ],
          "on_entry": [
            "/playsound armor.equip_generic @a ~~~",
            "@s xp_furniture:slot_2_tool_type_34"
          ]
        },
        "slot_2.wooden_sword": {
          "transitions": [
            {
              "slot_2.check": "!q.is_item_name_any('slot.inventory', 1, 'minecraft:wooden_sword')"
            }
          ],
          "on_entry": [
            "/playsound armor.equip_generic @a ~~~",
            "@s xp_furniture:slot_2_tool_type_35"
          ]
        },
        "slot_2.none": {
          "transitions": [
            {
              "slot_2.check": "1"
            }
          ],
          "on_entry": [
            "@s xp_furniture:slot_2_tool_type_reset"
          ]
        }
      }
    }
  }
}