{
  "format_version": "1.20.50",
  "minecraft:block": {
    "description": {
      "identifier": "xp_furniture:dark_prismarine_and_calcite_small",
      "menu_category": { "category": "construction" }
    },
    "components": {
      "minecraft:loot": "loot_tables/xp/fpack/blocks/tiles/dark_prism_calcite_s.json",
      "minecraft:destructible_by_explosion": { "explosion_resistance": 30 },
      "minecraft:map_color": "#3F6D5C",
      "minecraft:destructible_by_mining": { "seconds_to_destroy": 0.3 }
    }
  }
}
