{
  "format_version": "1.20.50",
  "minecraft:block": {
    "description": {
      "identifier": "xp_furniture:granite_and_andesite",
      "menu_category": { "category": "construction" }
    },
    "components": {
      "minecraft:loot": "loot_tables/xp/fpack/blocks/tiles/granite_andesite.json",
      "minecraft:destructible_by_explosion": { "explosion_resistance": 30 },
      "minecraft:map_color": "#C99781",
      "minecraft:destructible_by_mining": { "seconds_to_destroy": 0.3 }
    }
  }
}
