{
  "format_version": "1.20.70",
  "minecraft:item": {
    "description": {
      "identifier": "pod_farm:kohlrabi_seeds",
      "menu_category": {
        "category": "nature",
        "group": "itemGroup.name.seed"
      }
    },
    "components": {
      "minecraft:max_stack_size": 64,
      "minecraft:icon": {
        "textures": {
          "default": "pod_farm:kohlrabi_spawn_egg"
        }
      },
      "minecraft:tags": {
        "tags": ["pod_farm:compostable", "pod_farm:crop_placer"]
      },
      "minecraft:block_placer": {
        "block": "pod_farm:kohlrabi_plant"
      }
    }
  }
}
