{
  "format_version": "1.10.0",
  "animation_controllers": {
    "controller.animation.4ks_wp.misc.fix_face": {
      "initial_state": "default",
      "states": {
        "default": {
          "transitions": [
            {
              "fix_to_north": "v.spawn_rotation = Math.mod(Math.round(q.body_y_rotation / 90) * 90 + 360, 360);return !q.is_illager_captain && v.spawn_rotation == 180;"
            },
            {
              "fix_to_east": "!q.is_illager_captain && v.spawn_rotation == 270"
            },
            {
              "fix_to_south": "!q.is_illager_captain && v.spawn_rotation == 0"
            },
            {
              "fix_to_west": "!q.is_illager_captain && v.spawn_rotation == 90"
            }
          ],
          "on_exit": []
        },
        "fix_to_north": {
          "animations": [
            "direction_north"
          ],
          "transitions": [
            {
              "default": "q.any_animation_finished"
            }
          ],
          "on_exit": [
            "@s 4ks_wp:on_fix_face"
          ]
        },
        "fix_to_east": {
          "animations": [
            "direction_east"
          ],
          "transitions": [
            {
              "default": "q.any_animation_finished"
            }
          ],
          "on_exit": [
            "@s 4ks_wp:on_fix_face"
          ]
        },
        "fix_to_south": {
          "animations": [
            "direction_south"
          ],
          "transitions": [
            {
              "default": "q.any_animation_finished"
            }
          ],
          "on_exit": [
            "@s 4ks_wp:on_fix_face"
          ]
        },
        "fix_to_west": {
          "animations": [
            "direction_west"
          ],
          "transitions": [
            {
              "default": "q.any_animation_finished"
            }
          ],
          "on_exit": [
            "@s 4ks_wp:on_fix_face"
          ]
        }
      }
    },
    "controller.animation.4ks_wp.no_target": {
      "states": {
        "default": {
          "transitions": [
            {
              "no_target": "!q.has_target"
            }
          ]
        },
        "no_target": {
          "on_entry": [
            "v.time = q.life_time;"
          ],
          "transitions": [
            {
              "kill_self": "q.life_time - v.time >= 3"
            },
            {
              "default": "q.has_target"
            }
          ]
        },
        "kill_self": {
          "on_entry": [
            "@s 4ks_wp:despawn"
          ]
        }
      }
    },
    "controller.animation.4ks_wp.kill_self": {
      "states": {
        "default": {
          "transitions": [
            {
              "kill_self": "v.attack_time"
            }
          ]
        },
        "kill_self": {
          "on_entry": [
            "@s 4ks_wp:despawn"
          ]
        }
      }
    }
  }
}