{
  "pools": [
    {
      "rolls": 1,
      "entries": [
        {
          "type": "item",
          "name": "mbl_fish:barramundi",
          "weight": 60 //commom
        },
        {
          "type": "item",
          "name": "mbl_fish:bream",
          "weight": 60 
        },
        {
          "type": "item",
          "name": "mbl_fish:croaker",
          "weight": 60
        },
        {
          "type": "item",
          "name": "mbl_fish:escolar",
          "weight": 60 
        },
        {
          "type": "item",
          "name": "mbl_fish:grass_carp",
          "weight": 60 
        },
        {
          "type": "item",
          "name": "mbl_fish:lionfish",
          "weight": 60 
        },
        {
          "type": "item",
          "name": "mbl_fish:nile_perch",
          "weight": 60 
        },
        {
          "type": "item",
          "name": "mbl_fish:pumkinseed",
          "weight": 60 
        },
        {
          "type": "item",
          "name": "mbl_fish:snapper",
          "weight": 60 
        },
        {
          "type": "item",
          "name": "mbl_fish:whitefish",
          "weight": 60 
        },
        {
          "type": "item",
          "name": "mbl_fish:yellowfin_tuna",
          "weight": 60 
        },
        {
          "type": "item",
          "name": "mbl_fish:arctic_char",
          "weight": 40 
        },
        {
          "type": "item",
          "name": "mbl_fish:black_crappie",
          "weight": 40 
        },
        {
          "type": "item",
          "name": "mbl_fish:eel",
          "weight": 40 
        },
        {
          "type": "item",
          "name": "mbl_fish:monkfish",
          "weight": 40 
        },
        {
          "type": "item",
          "name": "mbl_fish:oscar",
          "weight": 40 
        },
        {
          "type": "item",
          "name": "mbl_fish:piranha",
          "weight": 40 
        },
        {
          "type": "item",
          "name": "mbl_fish:pompano",
          "weight": 40 
        },
        {
          "type": "item",
          "name": "mbl_fish:red_drum",
          "weight": 40 
        },
        {
          "type": "item",
          "name": "mbl_fish:red_snapper",
          "weight": 40 
        },
        {
          "type": "item",
          "name": "mbl_fish:roosterfish",
          "weight": 40 
        },
        {
          "type": "item",
          "name": "mbl_fish:tarpon",
          "weight": 40 
        },
        {
          "type": "item",
          "name": "mbl_fish:wahoo",
          "weight": 40 
        },
        {
          "type": "item",
          "name": "mbl_fish:barracuda",
          "weight": 30 
        },
        {
          "type": "item",
          "name": "mbl_fish:grouper",
          "weight": 30 
        },
        {
          "type": "item",
          "name": "mbl_fish:halibut",
          "weight": 30 
        },
        {
          "type": "item",
          "name": "mbl_fish:sailfish",
          "weight": 30 
        },
        {
          "type": "item",
          "name": "mbl_fish:striped_bass",
          "weight": 30 
        },
        {
          "type": "item",
          "name": "mbl_fish:zander",
          "weight": 30
        }
      ]
    }
  ]
}