{
  "pools": [
    {
      "rolls": 1,
      "entries": [
        {
          "type": "item",
          "name": "mbl_fish:blue_marlin",
          "weight": 60 //commom
        },
        {
          "type": "item",
          "name": "mbl_fish:patagonian_toothfish",
          "weight": 60 
        },
        {
          "type": "item",
          "name": "mbl_fish:swordfish",
          "weight": 60 
        },
        {
          "type": "item",
          "name": "mbl_fish:tilefish",
          "weight": 60 
        },
        {
          "type": "item",
          "name": "mbl_fish:bluefin_tuna",
          "weight": 40 
        },
        {
          "type": "item",
          "name": "mbl_fish:bowfin",
          "weight": 40 
        },
        {
          "type": "item",
          "name": "mbl_fish:cobia",
          "weight": 40 
        },
        {
          "type": "item",
          "name": "mbl_fish:opah",
          "weight": 40 
        },
        {
          "type": "item",
          "name": "mbl_fish:alligator_gar",
          "weight": 30 
        },
        {
          "type": "item",
          "name": "mbl_fish:coelacanth",
          "weight": 30 
        },
        {
          "type": "item",
          "name": "mbl_fish:sturgeon",
          "weight": 30 
        }
      ]
    }
  ]
}