{
	"format_version": "1.10.0",
	"particle_effect": {
		"description": {
			"identifier": "xp_furniture:stove_on_1",
			"basic_render_parameters": {
				"material": "particles_blend",
				"texture": "textures/xp/fpack/particle/xp_sprite"
			}
		},
		"curves": {
			"variable.colour": {
				"type": "linear",
				"input": "v.particle_age",
				"horizontal_range": "v.particle_lifetime",
				"nodes": [0, 1]
			}
		},
		"components": {
			"minecraft:emitter_local_space": {
				"position": true,
				"rotation": true
			},
			"minecraft:emitter_rate_steady": {
				"spawn_rate": "math.random(1, 2) * 2",
				"max_particles": 12
			},
			"minecraft:emitter_lifetime_expression": {
				"activation_expression": "q.property('xp_furniture:is_interacted_with')",
				"expiration_expression": "!q.property('xp_furniture:is_interacted_with')"
			},
			"minecraft:emitter_shape_point": {
				"offset": [0, 0.1, 0],
				"direction": [0, "math.random(-5, 5)/2", "-math.random(1, 5)"]
			},
			"minecraft:particle_lifetime_expression": {
				"max_lifetime": "math.random(1, 2)",
				"expiration_expression": "!q.property('xp_furniture:is_interacted_with')"
			},
			"minecraft:particle_initial_speed": "math.random(3, 4)",
			"minecraft:particle_motion_dynamic": {
				"linear_acceleration": [0, "math.Random(-1, -6) / 2", 0],
				"linear_drag_coefficient": 4
			},
			"minecraft:particle_appearance_billboard": {
				"size": ["(0.1*v.particle_random_2+0.02) / (v.particle_age+0.06)", "(0.1*v.particle_random_2+0.02) / (v.particle_age+0.3)"],
				"facing_camera_mode": "lookat_direction",
				"uv": {
					"texture_width": 256,
					"texture_height": 256,
					"uv": [0, 66],
					"uv_size": [32, 32]
				}
			},
			"minecraft:particle_appearance_tinting": {
				"color": {
					"interpolant": "variable.colour",
					"gradient": {
						"0.0": "#FFFF3A3A",
						"0.16": "#FFFF1300",
						"1.0": "#00FFCE00"
					}
				}
			}
		}
	}
}