{
	"format_version": "1.10.0",
	"particle_effect": {
		"description": {
			"identifier": "xp_furniture:candle_holder_light_1",
			"basic_render_parameters": {
				"material": "particles_add",
				"texture": "textures/xp/fpack/particle/candle_holder_fire"
			}
		},
		"components": {
			"minecraft:emitter_rate_instant": {
				"num_particles": 1
			},
			"minecraft:emitter_lifetime_once": {
				"active_time": 1
			},
			"minecraft:emitter_shape_point": {
				"offset": [0, -0.1, 0]
			},
			"minecraft:particle_lifetime_expression": {
				"max_lifetime": 1
			},
			"minecraft:particle_initial_speed": 0,
			"minecraft:particle_motion_dynamic": {},
			"minecraft:particle_appearance_billboard": {
				"size": [0.2, 0.3],
				"facing_camera_mode": "rotate_y",
				"uv": {
					"texture_width": 256,
					"texture_height": 48,
					"flipbook": {
						"base_UV": [2, 0],
						"size_UV": [32, 48],
						"step_UV": [32, 0],
						"frames_per_second": 10,
						"max_frame": 8,
						"loop": true
					}
				}
			},
			"minecraft:particle_appearance_tinting": {
				"color": [1, 1, 1, 1]
			}
		}
	}
}