{
	"format_version": "1.20.50",
	"minecraft:item": {
		"description": {
			"identifier": "mbl_fish:alligator_gar_bo",
			"menu_category": {
				"category": "items"
			}
		},
		"components": {
			"minecraft:max_stack_size": 1,
			"minecraft:icon": {
				"texture": "alligator_gar_bo"
			},
			"minecraft:entity_placer": {
				"entity": "mbl_fish:alligator_gar"
			},
			"minecraft:block_placer":{
				"block": "flowing_water",
				"use_on" : ["dirt","stone",
							"grass","sand"]
			},
			"minecraft:display_name": {
        "value": "桶装鳄雀鳝"
      }
		}
	}
}