{
	"format_version": "1.20.50",
	"minecraft:item": {
		"description": {
			"identifier": "mbl_fish:casting_net",
			"menu_category": {
				"category": "equipment"
			}
		},
		"components": {
			"minecraft:max_stack_size": 1,
			"minecraft:icon": {
				"texture": "casting_net"
			},
			"minecraft:display_name":{
                "value": "捕鱼网"
            },
			"minecraft:enchantable": {
				"slot": "sword",
				"value": 1
			},
			"minecraft:liquid_clipped": {
				"value": true
			},
			"minecraft:entity_placer": {
				"entity": "mbl_fish:casting_net_real",
				"dispense_on":["minecraft:water"],
				"use_on" :["minecraft:water"]
			},
			"minecraft:interact_button": "Cast" 
		}
	}
}