{
  //* Do not re-generate this file using JsonTE, as it is being imported in a JS file as a dataset for entity-based block placement sounds.
	"format_version": [ 1, 1, 0 ],

	"xp_furniture:black_armchair": { "sound": "wood" },
	"xp_furniture:blue_armchair": { "sound": "wood" },
	"xp_furniture:brown_armchair": { "sound": "wood" },
	"xp_furniture:cyan_armchair": { "sound": "wood" },
	"xp_furniture:gray_armchair": { "sound": "wood" },
	"xp_furniture:green_armchair": { "sound": "wood" },
	"xp_furniture:light_blue_armchair": { "sound": "wood" },
	"xp_furniture:light_gray_armchair": { "sound": "wood" },
	"xp_furniture:lime_armchair": { "sound": "wood" },
	"xp_furniture:magenta_armchair": { "sound": "wood" },
	"xp_furniture:orange_armchair": { "sound": "wood" },
	"xp_furniture:pink_armchair": { "sound": "wood" },
	"xp_furniture:purple_armchair": { "sound": "wood" },
	"xp_furniture:red_armchair": { "sound": "wood" },
	"xp_furniture:white_armchair": { "sound": "wood" },
	"xp_furniture:yellow_armchair": { "sound": "wood" },

	"xp_furniture:acacia_beam": { "sound": "wood" },
	"xp_furniture:bamboo_beam": { "sound": "bamboo_wood" },
	"xp_furniture:birch_beam": { "sound": "wood" },
	"xp_furniture:cherry_beam": { "sound": "cherry_wood" },
	"xp_furniture:crimson_beam": { "sound": "wood" },
	"xp_furniture:dark_oak_beam": { "sound": "wood" },
	"xp_furniture:jungle_beam": { "sound": "wood" },
	"xp_furniture:mangrove_beam": { "sound": "wood" },
	"xp_furniture:oak_beam": { "sound": "wood" },
	"xp_furniture:spruce_beam": { "sound": "wood" },
	"xp_furniture:warped_beam": { "sound": "wood" },

	"xp_furniture:iron_beam": { "sound": "metal" },

	"xp_furniture:black_acacia_queen_bed": { "sound": "wood" },
	"xp_furniture:blue_acacia_queen_bed": { "sound": "wood" },
	"xp_furniture:brown_acacia_queen_bed": { "sound": "wood" },
	"xp_furniture:cyan_acacia_queen_bed": { "sound": "wood" },
	"xp_furniture:gray_acacia_queen_bed": { "sound": "wood" },
	"xp_furniture:green_acacia_queen_bed": { "sound": "wood" },
	"xp_furniture:light_blue_acacia_queen_bed": { "sound": "wood" },
	"xp_furniture:light_gray_acacia_queen_bed": { "sound": "wood" },
	"xp_furniture:lime_acacia_queen_bed": { "sound": "wood" },
	"xp_furniture:magenta_acacia_queen_bed": { "sound": "wood" },
	"xp_furniture:orange_acacia_queen_bed": { "sound": "wood" },
	"xp_furniture:pink_acacia_queen_bed": { "sound": "wood" },
	"xp_furniture:purple_acacia_queen_bed": { "sound": "wood" },
	"xp_furniture:red_acacia_queen_bed": { "sound": "wood" },
	"xp_furniture:white_acacia_queen_bed": { "sound": "wood" },
	"xp_furniture:yellow_acacia_queen_bed": { "sound": "wood" },
	"xp_furniture:black_bamboo_queen_bed": { "sound": "wood" },
	"xp_furniture:blue_bamboo_queen_bed": { "sound": "wood" },
	"xp_furniture:brown_bamboo_queen_bed": { "sound": "wood" },
	"xp_furniture:cyan_bamboo_queen_bed": { "sound": "wood" },
	"xp_furniture:gray_bamboo_queen_bed": { "sound": "wood" },
	"xp_furniture:green_bamboo_queen_bed": { "sound": "wood" },
	"xp_furniture:light_blue_bamboo_queen_bed": { "sound": "wood" },
	"xp_furniture:light_gray_bamboo_queen_bed": { "sound": "wood" },
	"xp_furniture:lime_bamboo_queen_bed": { "sound": "wood" },
	"xp_furniture:magenta_bamboo_queen_bed": { "sound": "wood" },
	"xp_furniture:orange_bamboo_queen_bed": { "sound": "wood" },
	"xp_furniture:pink_bamboo_queen_bed": { "sound": "wood" },
	"xp_furniture:purple_bamboo_queen_bed": { "sound": "wood" },
	"xp_furniture:red_bamboo_queen_bed": { "sound": "wood" },
	"xp_furniture:white_bamboo_queen_bed": { "sound": "wood" },
	"xp_furniture:yellow_bamboo_queen_bed": { "sound": "wood" },
	"xp_furniture:black_birch_queen_bed": { "sound": "wood" },
	"xp_furniture:blue_birch_queen_bed": { "sound": "wood" },
	"xp_furniture:brown_birch_queen_bed": { "sound": "wood" },
	"xp_furniture:cyan_birch_queen_bed": { "sound": "wood" },
	"xp_furniture:gray_birch_queen_bed": { "sound": "wood" },
	"xp_furniture:green_birch_queen_bed": { "sound": "wood" },
	"xp_furniture:light_blue_birch_queen_bed": { "sound": "wood" },
	"xp_furniture:light_gray_birch_queen_bed": { "sound": "wood" },
	"xp_furniture:lime_birch_queen_bed": { "sound": "wood" },
	"xp_furniture:magenta_birch_queen_bed": { "sound": "wood" },
	"xp_furniture:orange_birch_queen_bed": { "sound": "wood" },
	"xp_furniture:pink_birch_queen_bed": { "sound": "wood" },
	"xp_furniture:purple_birch_queen_bed": { "sound": "wood" },
	"xp_furniture:red_birch_queen_bed": { "sound": "wood" },
	"xp_furniture:white_birch_queen_bed": { "sound": "wood" },
	"xp_furniture:yellow_birch_queen_bed": { "sound": "wood" },
	"xp_furniture:black_cherry_queen_bed": { "sound": "wood" },
	"xp_furniture:blue_cherry_queen_bed": { "sound": "wood" },
	"xp_furniture:brown_cherry_queen_bed": { "sound": "wood" },
	"xp_furniture:cyan_cherry_queen_bed": { "sound": "wood" },
	"xp_furniture:gray_cherry_queen_bed": { "sound": "wood" },
	"xp_furniture:green_cherry_queen_bed": { "sound": "wood" },
	"xp_furniture:light_blue_cherry_queen_bed": { "sound": "wood" },
	"xp_furniture:light_gray_cherry_queen_bed": { "sound": "wood" },
	"xp_furniture:lime_cherry_queen_bed": { "sound": "wood" },
	"xp_furniture:magenta_cherry_queen_bed": { "sound": "wood" },
	"xp_furniture:orange_cherry_queen_bed": { "sound": "wood" },
	"xp_furniture:pink_cherry_queen_bed": { "sound": "wood" },
	"xp_furniture:purple_cherry_queen_bed": { "sound": "wood" },
	"xp_furniture:red_cherry_queen_bed": { "sound": "wood" },
	"xp_furniture:white_cherry_queen_bed": { "sound": "wood" },
	"xp_furniture:yellow_cherry_queen_bed": { "sound": "wood" },
	"xp_furniture:black_crimson_queen_bed": { "sound": "wood" },
	"xp_furniture:blue_crimson_queen_bed": { "sound": "wood" },
	"xp_furniture:brown_crimson_queen_bed": { "sound": "wood" },
	"xp_furniture:cyan_crimson_queen_bed": { "sound": "wood" },
	"xp_furniture:gray_crimson_queen_bed": { "sound": "wood" },
	"xp_furniture:green_crimson_queen_bed": { "sound": "wood" },
	"xp_furniture:light_blue_crimson_queen_bed": { "sound": "wood" },
	"xp_furniture:light_gray_crimson_queen_bed": { "sound": "wood" },
	"xp_furniture:lime_crimson_queen_bed": { "sound": "wood" },
	"xp_furniture:magenta_crimson_queen_bed": { "sound": "wood" },
	"xp_furniture:orange_crimson_queen_bed": { "sound": "wood" },
	"xp_furniture:pink_crimson_queen_bed": { "sound": "wood" },
	"xp_furniture:purple_crimson_queen_bed": { "sound": "wood" },
	"xp_furniture:red_crimson_queen_bed": { "sound": "wood" },
	"xp_furniture:white_crimson_queen_bed": { "sound": "wood" },
	"xp_furniture:yellow_crimson_queen_bed": { "sound": "wood" },
	"xp_furniture:black_dark_oak_queen_bed": { "sound": "wood" },
	"xp_furniture:blue_dark_oak_queen_bed": { "sound": "wood" },
	"xp_furniture:brown_dark_oak_queen_bed": { "sound": "wood" },
	"xp_furniture:cyan_dark_oak_queen_bed": { "sound": "wood" },
	"xp_furniture:gray_dark_oak_queen_bed": { "sound": "wood" },
	"xp_furniture:green_dark_oak_queen_bed": { "sound": "wood" },
	"xp_furniture:light_blue_dark_oak_queen_bed": { "sound": "wood" },
	"xp_furniture:light_gray_dark_oak_queen_bed": { "sound": "wood" },
	"xp_furniture:lime_dark_oak_queen_bed": { "sound": "wood" },
	"xp_furniture:magenta_dark_oak_queen_bed": { "sound": "wood" },
	"xp_furniture:orange_dark_oak_queen_bed": { "sound": "wood" },
	"xp_furniture:pink_dark_oak_queen_bed": { "sound": "wood" },
	"xp_furniture:purple_dark_oak_queen_bed": { "sound": "wood" },
	"xp_furniture:red_dark_oak_queen_bed": { "sound": "wood" },
	"xp_furniture:white_dark_oak_queen_bed": { "sound": "wood" },
	"xp_furniture:yellow_dark_oak_queen_bed": { "sound": "wood" },
	"xp_furniture:black_jungle_queen_bed": { "sound": "wood" },
	"xp_furniture:blue_jungle_queen_bed": { "sound": "wood" },
	"xp_furniture:brown_jungle_queen_bed": { "sound": "wood" },
	"xp_furniture:cyan_jungle_queen_bed": { "sound": "wood" },
	"xp_furniture:gray_jungle_queen_bed": { "sound": "wood" },
	"xp_furniture:green_jungle_queen_bed": { "sound": "wood" },
	"xp_furniture:light_blue_jungle_queen_bed": { "sound": "wood" },
	"xp_furniture:light_gray_jungle_queen_bed": { "sound": "wood" },
	"xp_furniture:lime_jungle_queen_bed": { "sound": "wood" },
	"xp_furniture:magenta_jungle_queen_bed": { "sound": "wood" },
	"xp_furniture:orange_jungle_queen_bed": { "sound": "wood" },
	"xp_furniture:pink_jungle_queen_bed": { "sound": "wood" },
	"xp_furniture:purple_jungle_queen_bed": { "sound": "wood" },
	"xp_furniture:red_jungle_queen_bed": { "sound": "wood" },
	"xp_furniture:white_jungle_queen_bed": { "sound": "wood" },
	"xp_furniture:yellow_jungle_queen_bed": { "sound": "wood" },
	"xp_furniture:black_mangrove_queen_bed": { "sound": "wood" },
	"xp_furniture:blue_mangrove_queen_bed": { "sound": "wood" },
	"xp_furniture:brown_mangrove_queen_bed": { "sound": "wood" },
	"xp_furniture:cyan_mangrove_queen_bed": { "sound": "wood" },
	"xp_furniture:gray_mangrove_queen_bed": { "sound": "wood" },
	"xp_furniture:green_mangrove_queen_bed": { "sound": "wood" },
	"xp_furniture:light_blue_mangrove_queen_bed": { "sound": "wood" },
	"xp_furniture:light_gray_mangrove_queen_bed": { "sound": "wood" },
	"xp_furniture:lime_mangrove_queen_bed": { "sound": "wood" },
	"xp_furniture:magenta_mangrove_queen_bed": { "sound": "wood" },
	"xp_furniture:orange_mangrove_queen_bed": { "sound": "wood" },
	"xp_furniture:pink_mangrove_queen_bed": { "sound": "wood" },
	"xp_furniture:purple_mangrove_queen_bed": { "sound": "wood" },
	"xp_furniture:red_mangrove_queen_bed": { "sound": "wood" },
	"xp_furniture:white_mangrove_queen_bed": { "sound": "wood" },
	"xp_furniture:yellow_mangrove_queen_bed": { "sound": "wood" },
	"xp_furniture:black_oak_queen_bed": { "sound": "wood" },
	"xp_furniture:blue_oak_queen_bed": { "sound": "wood" },
	"xp_furniture:brown_oak_queen_bed": { "sound": "wood" },
	"xp_furniture:cyan_oak_queen_bed": { "sound": "wood" },
	"xp_furniture:gray_oak_queen_bed": { "sound": "wood" },
	"xp_furniture:green_oak_queen_bed": { "sound": "wood" },
	"xp_furniture:light_blue_oak_queen_bed": { "sound": "wood" },
	"xp_furniture:light_gray_oak_queen_bed": { "sound": "wood" },
	"xp_furniture:lime_oak_queen_bed": { "sound": "wood" },
	"xp_furniture:magenta_oak_queen_bed": { "sound": "wood" },
	"xp_furniture:orange_oak_queen_bed": { "sound": "wood" },
	"xp_furniture:pink_oak_queen_bed": { "sound": "wood" },
	"xp_furniture:purple_oak_queen_bed": { "sound": "wood" },
	"xp_furniture:red_oak_queen_bed": { "sound": "wood" },
	"xp_furniture:white_oak_queen_bed": { "sound": "wood" },
	"xp_furniture:yellow_oak_queen_bed": { "sound": "wood" },
	"xp_furniture:black_spruce_queen_bed": { "sound": "wood" },
	"xp_furniture:blue_spruce_queen_bed": { "sound": "wood" },
	"xp_furniture:brown_spruce_queen_bed": { "sound": "wood" },
	"xp_furniture:cyan_spruce_queen_bed": { "sound": "wood" },
	"xp_furniture:gray_spruce_queen_bed": { "sound": "wood" },
	"xp_furniture:green_spruce_queen_bed": { "sound": "wood" },
	"xp_furniture:light_blue_spruce_queen_bed": { "sound": "wood" },
	"xp_furniture:light_gray_spruce_queen_bed": { "sound": "wood" },
	"xp_furniture:lime_spruce_queen_bed": { "sound": "wood" },
	"xp_furniture:magenta_spruce_queen_bed": { "sound": "wood" },
	"xp_furniture:orange_spruce_queen_bed": { "sound": "wood" },
	"xp_furniture:pink_spruce_queen_bed": { "sound": "wood" },
	"xp_furniture:purple_spruce_queen_bed": { "sound": "wood" },
	"xp_furniture:red_spruce_queen_bed": { "sound": "wood" },
	"xp_furniture:white_spruce_queen_bed": { "sound": "wood" },
	"xp_furniture:yellow_spruce_queen_bed": { "sound": "wood" },
	"xp_furniture:black_warped_queen_bed": { "sound": "wood" },
	"xp_furniture:blue_warped_queen_bed": { "sound": "wood" },
	"xp_furniture:brown_warped_queen_bed": { "sound": "wood" },
	"xp_furniture:cyan_warped_queen_bed": { "sound": "wood" },
	"xp_furniture:gray_warped_queen_bed": { "sound": "wood" },
	"xp_furniture:green_warped_queen_bed": { "sound": "wood" },
	"xp_furniture:light_blue_warped_queen_bed": { "sound": "wood" },
	"xp_furniture:light_gray_warped_queen_bed": { "sound": "wood" },
	"xp_furniture:lime_warped_queen_bed": { "sound": "wood" },
	"xp_furniture:magenta_warped_queen_bed": { "sound": "wood" },
	"xp_furniture:orange_warped_queen_bed": { "sound": "wood" },
	"xp_furniture:pink_warped_queen_bed": { "sound": "wood" },
	"xp_furniture:purple_warped_queen_bed": { "sound": "wood" },
	"xp_furniture:red_warped_queen_bed": { "sound": "wood" },
	"xp_furniture:white_warped_queen_bed": { "sound": "wood" },
	"xp_furniture:yellow_warped_queen_bed": { "sound": "wood" },

	"xp_furniture:acacia_bench": { "sound": "wood" },
	"xp_furniture:bamboo_bench": { "sound": "bamboo_wood" },
	"xp_furniture:birch_bench": { "sound": "wood" },
	"xp_furniture:cherry_bench": { "sound": "cherry_wood" },
	"xp_furniture:crimson_bench": { "sound": "wood" },
	"xp_furniture:dark_oak_bench": { "sound": "wood" },
	"xp_furniture:jungle_bench": { "sound": "wood" },
	"xp_furniture:mangrove_bench": { "sound": "wood" },
	"xp_furniture:oak_bench": { "sound": "wood" },
	"xp_furniture:spruce_bench": { "sound": "wood" },
	"xp_furniture:warped_bench": { "sound": "wood" },


	"xp_furniture:carpet_blue": { "sound": "cloth" },
	"xp_furniture:carpet_lavender": { "sound": "cloth" },
	"xp_furniture:carpet_red": { "sound": "cloth" },
	"xp_furniture:carpet_lime": { "sound": "cloth" },
	"xp_furniture:carpet_black": { "sound": "cloth" },
	"xp_furniture:carpet_grey": { "sound": "cloth" },
	"xp_furniture:carpet_purple": { "sound": "cloth" },
	"xp_furniture:carpet_white": { "sound": "cloth" },

	"xp_furniture:acacia_chair": { "sound": "wood" },
	"xp_furniture:bamboo_chair": { "sound": "bamboo_wood" },
	"xp_furniture:birch_chair": { "sound": "wood" },
	"xp_furniture:cherry_chair": { "sound": "cherry_wood" },
	"xp_furniture:crimson_chair": { "sound": "wood" },
	"xp_furniture:dark_oak_chair": { "sound": "wood" },
	"xp_furniture:jungle_chair": { "sound": "wood" },
	"xp_furniture:mangrove_chair": { "sound": "wood" },
	"xp_furniture:oak_chair": { "sound": "wood" },
	"xp_furniture:spruce_chair": { "sound": "wood" },
	"xp_furniture:warped_chair": { "sound": "wood" },

	"xp_furniture:acacia_doorframe": { "sound": "wood" },
	"xp_furniture:bamboo_doorframe": { "sound": "bamboo_wood" },
	"xp_furniture:birch_doorframe": { "sound": "wood" },
	"xp_furniture:cherry_doorframe": { "sound": "cherry_wood" },
	"xp_furniture:crimson_doorframe": { "sound": "wood" },
	"xp_furniture:dark_oak_doorframe": { "sound": "wood" },
	"xp_furniture:jungle_doorframe": { "sound": "wood" },
	"xp_furniture:mangrove_doorframe": { "sound": "wood" },
	"xp_furniture:oak_doorframe": { "sound": "wood" },
	"xp_furniture:spruce_doorframe": { "sound": "wood" },
	"xp_furniture:warped_doorframe": { "sound": "wood" },

	"xp_furniture:acacia_double_doorframe": { "sound": "wood" },
	"xp_furniture:bamboo_double_doorframe": { "sound": "bamboo_wood" },
	"xp_furniture:birch_double_doorframe": { "sound": "wood" },
	"xp_furniture:cherry_double_doorframe": { "sound": "cherry_wood" },
	"xp_furniture:crimson_double_doorframe": { "sound": "wood" },
	"xp_furniture:dark_oak_double_doorframe": { "sound": "wood" },
	"xp_furniture:jungle_double_doorframe": { "sound": "wood" },
	"xp_furniture:mangrove_double_doorframe": { "sound": "wood" },
	"xp_furniture:oak_double_doorframe": { "sound": "wood" },
	"xp_furniture:spruce_double_doorframe": { "sound": "wood" },
	"xp_furniture:warped_double_doorframe": { "sound": "wood" },

	"xp_furniture:acacia_shelf": { "sound": "wood" },
	"xp_furniture:bamboo_shelf": { "sound": "bamboo_wood" },
	"xp_furniture:birch_shelf": { "sound": "wood" },
	"xp_furniture:cherry_shelf": { "sound": "cherry_wood" },
	"xp_furniture:crimson_shelf": { "sound": "wood" },
	"xp_furniture:dark_oak_shelf": { "sound": "wood" },
	"xp_furniture:jungle_shelf": { "sound": "wood" },
	"xp_furniture:mangrove_shelf": { "sound": "wood" },
	"xp_furniture:oak_shelf": { "sound": "wood" },
	"xp_furniture:spruce_shelf": { "sound": "wood" },
	"xp_furniture:warped_shelf": { "sound": "wood" },

	"xp_furniture:black_sofa": { "sound": "wood" },
	"xp_furniture:blue_sofa": { "sound": "wood" },
	"xp_furniture:brown_sofa": { "sound": "wood" },
	"xp_furniture:cyan_sofa": { "sound": "wood" },
	"xp_furniture:gray_sofa": { "sound": "wood" },
	"xp_furniture:green_sofa": { "sound": "wood" },
	"xp_furniture:light_blue_sofa": { "sound": "wood" },
	"xp_furniture:light_gray_sofa": { "sound": "wood" },
	"xp_furniture:lime_sofa": { "sound": "wood" },
	"xp_furniture:magenta_sofa": { "sound": "wood" },
	"xp_furniture:orange_sofa": { "sound": "wood" },
	"xp_furniture:pink_sofa": { "sound": "wood" },
	"xp_furniture:purple_sofa": { "sound": "wood" },
	"xp_furniture:red_sofa": { "sound": "wood" },
	"xp_furniture:white_sofa": { "sound": "wood" },
	"xp_furniture:yellow_sofa": { "sound": "wood" },

	"xp_furniture:acacia_stool": { "sound": "wood" },
	"xp_furniture:bamboo_stool": { "sound": "bamboo_wood" },
	"xp_furniture:birch_stool": { "sound": "wood" },
	"xp_furniture:cherry_stool": { "sound": "cherry_wood" },
	"xp_furniture:crimson_stool": { "sound": "wood" },
	"xp_furniture:dark_oak_stool": { "sound": "wood" },
	"xp_furniture:jungle_stool": { "sound": "wood" },
	"xp_furniture:mangrove_stool": { "sound": "wood" },
	"xp_furniture:oak_stool": { "sound": "wood" },
	"xp_furniture:spruce_stool": { "sound": "wood" },
	"xp_furniture:warped_stool": { "sound": "wood" },

	"xp_furniture:acacia_side_table": { "sound": "wood" },
	"xp_furniture:bamboo_side_table": { "sound": "bamboo_wood" },
	"xp_furniture:birch_side_table": { "sound": "wood" },
	"xp_furniture:cherry_side_table": { "sound": "cherry_wood" },
	"xp_furniture:crimson_side_table": { "sound": "wood" },
	"xp_furniture:dark_oak_side_table": { "sound": "wood" },
	"xp_furniture:jungle_side_table": { "sound": "wood" },
	"xp_furniture:mangrove_side_table": { "sound": "wood" },
	"xp_furniture:oak_side_table": { "sound": "wood" },
	"xp_furniture:spruce_side_table": { "sound": "wood" },
	"xp_furniture:warped_side_table": { "sound": "wood" },
	"xp_furniture:big_acacia_table": { "sound": "wood" },
	"xp_furniture:big_bamboo_table": { "sound": "bamboo_wood" },
	"xp_furniture:big_birch_table": { "sound": "wood" },
	"xp_furniture:big_cherry_table": { "sound": "wood" },
	"xp_furniture:big_crimson_table": { "sound": "wood" },
	"xp_furniture:big_dark_oak_table": { "sound": "wood" },
	"xp_furniture:big_jungle_table": { "sound": "wood" },
	"xp_furniture:big_mangrove_table": { "sound": "wood" },
	"xp_furniture:big_oak_table": { "sound": "wood" },
	"xp_furniture:big_spruce_table": { "sound": "wood" },
	"xp_furniture:big_warped_table": { "sound": "wood" },
	"xp_furniture:medium_acacia_table": { "sound": "wood" },
	"xp_furniture:medium_bamboo_table": { "sound": "bamboo_wood" },
	"xp_furniture:medium_birch_table": { "sound": "wood" },
	"xp_furniture:medium_cherry_table": { "sound": "wood" },
	"xp_furniture:medium_crimson_table": { "sound": "wood" },
	"xp_furniture:medium_dark_oak_table": { "sound": "wood" },
	"xp_furniture:medium_jungle_table": { "sound": "wood" },
	"xp_furniture:medium_mangrove_table": { "sound": "wood" },
	"xp_furniture:medium_oak_table": { "sound": "wood" },
	"xp_furniture:medium_spruce_table": { "sound": "wood" },
	"xp_furniture:medium_warped_table": { "sound": "wood" },
	"xp_furniture:small_acacia_table": { "sound": "wood" },
	"xp_furniture:small_bamboo_table": { "sound": "bamboo_wood" },
	"xp_furniture:small_birch_table": { "sound": "wood" },
	"xp_furniture:small_cherry_table": { "sound": "wood" },
	"xp_furniture:small_crimson_table": { "sound": "wood" },
	"xp_furniture:small_dark_oak_table": { "sound": "wood" },
	"xp_furniture:small_jungle_table": { "sound": "wood" },
	"xp_furniture:small_mangrove_table": { "sound": "wood" },
	"xp_furniture:small_oak_table": { "sound": "wood" },
	"xp_furniture:small_spruce_table": { "sound": "wood" },
	"xp_furniture:small_warped_table": { "sound": "wood" },

	"xp_furniture:acacia_windowframe": { "sound": "wood" },
	"xp_furniture:bamboo_windowframe": { "sound": "bamboo_wood" },
	"xp_furniture:birch_windowframe": { "sound": "wood" },
	"xp_furniture:cherry_windowframe": { "sound": "cherry_wood" },
	"xp_furniture:crimson_windowframe": { "sound": "wood" },
	"xp_furniture:dark_oak_windowframe": { "sound": "wood" },
	"xp_furniture:jungle_windowframe": { "sound": "wood" },
	"xp_furniture:mangrove_windowframe": { "sound": "wood" },
	"xp_furniture:oak_windowframe": { "sound": "wood" },
	"xp_furniture:spruce_windowframe": { "sound": "wood" },
	"xp_furniture:warped_windowframe": { "sound": "wood" },

	"xp_furniture:paper_divider": { "sound": "scaffolding" },
	"xp_furniture:woven_divider": { "sound": "scaffolding" },

	"xp_furniture:acacia_gate": { "sound": "wood" },
	"xp_furniture:bamboo_gate": { "sound": "bamboo_wood" },
	"xp_furniture:birch_gate": { "sound": "wood" },
	"xp_furniture:cherry_gate": { "sound": "cherry_wood" },
	"xp_furniture:crimson_gate": { "sound": "wood" },
	"xp_furniture:dark_oak_gate": { "sound": "wood" },
	"xp_furniture:jungle_gate": { "sound": "wood" },
	"xp_furniture:mangrove_gate": { "sound": "wood" },
	"xp_furniture:oak_gate": { "sound": "wood" },
	"xp_furniture:spruce_gate": { "sound": "wood" },
	"xp_furniture:warped_gate": { "sound": "wood" },

	"xp_furniture:acacia_fence": { "sound": "wood" },
	"xp_furniture:bamboo_fence": { "sound": "bamboo_wood" },
	"xp_furniture:birch_fence": { "sound": "wood" },
	"xp_furniture:cherry_fence": { "sound": "cherry_wood" },
	"xp_furniture:crimson_fence": { "sound": "wood" },
	"xp_furniture:dark_oak_fence": { "sound": "wood" },
	"xp_furniture:jungle_fence": { "sound": "wood" },
	"xp_furniture:mangrove_fence": { "sound": "wood" },
	"xp_furniture:oak_fence": { "sound": "wood" },
	"xp_furniture:spruce_fence": { "sound": "wood" },
	"xp_furniture:warped_fence": { "sound": "wood" },

	"xp_furniture:apple_basket": { "sound": "wood" },
	"xp_furniture:carrot_basket": { "sound": "wood" },
	"xp_furniture:potato_basket": { "sound": "wood" },

	"xp_furniture:wisteria_leaves_hanging_top": { "sound": "grass" },
	"xp_furniture:wisteria_leaves_hanging_bottom": { "sound": "grass" },
	"xp_furniture:wisteria_leaves": { "sound": "grass" },
	"xp_furniture:wisteria_leaves_full": {
		"sound": "grass"
	},
	"xp_furniture:golden_chain_leaves_hanging_top": { "sound": "grass" },
	"xp_furniture:golden_chain_leaves_hanging_bottom": { "sound": "grass" },
	"xp_furniture:golden_chain_leaves": { "sound": "grass" },
	"xp_furniture:golden_chain_leaves_full": {
		"sound": "grass"
	},
	"xp_furniture:dog_wood_leaves": { "sound": "grass" },
	"xp_furniture:dog_wood_leaves_full": {
		"sound": "grass"
	},
	"xp_furniture:orange_acacia_leaves": { "sound": "grass" },
	"xp_furniture:orange_acacia_leaves_full": {
		"sound": "grass"
	},
	"xp_furniture:willow_leaves": { "sound": "grass" },
	"xp_furniture:willow_leaves_full": {
		"sound": "grass"
	},
	"xp_furniture:yellow_birch_leaves": { "sound": "grass" },
	"xp_furniture:yellow_birch_leaves_full": {
		"sound": "grass"
	},
	"xp_furniture:cattail": { "sound": "grass" },
	"xp_furniture:duckweed": { "sound": "grass" },

	"xp_furniture:lotus_lilypad_pink": { "sound": "grass" },
	"xp_furniture:lotus_lilypad_purple": { "sound": "grass" },
	"xp_furniture:lotus_lilypad_white": { "sound": "grass" },

	"xp_furniture:fallen_leaves": { "sound": "grass" },
	"xp_furniture:leaf_pile": { "sound": "grass" },

	"xp_furniture:big_spiky_plant": { "sound": "grass" },
	"xp_furniture:bush": { "sound": "grass" },
	"xp_furniture:fern": { "sound": "grass" },
	"xp_furniture:leafy_plant_0": { "sound": "grass" },
	"xp_furniture:leafy_plant_1": { "sound": "grass" },
	"xp_furniture:plant_monstera": { "sound": "grass" },
	"xp_furniture:succulent": { "sound": "grass" },
	"xp_furniture:small_azalea_tree": { "sound": "grass" },

	"xp_furniture:small_cactus_0": { "sound": "cloth" },
	"xp_furniture:small_cactus_1": { "sound": "cloth" },
	"xp_furniture:small_cactus_2": { "sound": "cloth" },

	"xp_furniture:corn_block": { "sound": "grass" },
	"xp_furniture:corn_block_top": { "sound": "grass" },
	"xp_furniture:cabbage_block": { "sound": "grass" },
	"xp_furniture:bell_pepper_block": { "sound": "grass" },
	"xp_furniture:eggplant_block": { "sound": "grass" },
	"xp_furniture:tomato_block": { "sound": "grass" },

	"xp_furniture:large_wooden_cart": { "sound": "wood" },
	"xp_furniture:small_wooden_cart": { "sound": "wood" },

	"xp_furniture:andesite_and_diorite": { "textures": "xp_furniture:andesite_and_diorite", "sound": "stone" },
	"xp_furniture:blackstone_and_diorite": { "textures": "xp_furniture:blackstone_and_diorite", "sound": "stone" },
	"xp_furniture:dark_prismarine_and_calcite_small": { "textures": "xp_furniture:dark_prismarine_and_calcite_small", "sound": "stone" },
	"xp_furniture:dark_prismarine_and_calcite": { "textures": "xp_furniture:dark_prismarine_and_calcite", "sound": "stone" },
	"xp_furniture:granite_and_andesite_small": { "textures": "xp_furniture:granite_and_andesite_small", "sound": "stone" },
	"xp_furniture:granite_and_andesite": { "textures": "xp_furniture:granite_and_andesite", "sound": "stone" },
	"xp_furniture:granite_and_bricks": { "textures": "xp_furniture:granite_and_bricks", "sound": "stone" },
	"xp_furniture:granite_and_diorite": { "textures": "xp_furniture:granite_and_diorite", "sound": "stone" },
	"xp_furniture:prismarine_and_andesite": { "textures": "xp_furniture:prismarine_and_andesite", "sound": "stone" },
	"xp_furniture:prismarine_and_dark_prismarine": { "textures": "xp_furniture:prismarine_and_dark_prismarine", "sound": "stone" },

	"xp_furniture:acacia_bookshelf": { "sound": "wood" },
	"xp_furniture:bamboo_bookshelf": { "sound": "bamboo_wood" },
	"xp_furniture:birch_bookshelf": { "sound": "wood" },
	"xp_furniture:cherry_bookshelf": { "sound": "cherry_wood" },
	"xp_furniture:crimson_bookshelf": { "sound": "wood" },
	"xp_furniture:dark_oak_bookshelf": { "sound": "wood" },
	"xp_furniture:jungle_bookshelf": { "sound": "wood" },
	"xp_furniture:mangrove_bookshelf": { "sound": "wood" },
	"xp_furniture:spruce_bookshelf": { "sound": "wood" },
	"xp_furniture:warped_bookshelf": { "sound": "wood" },

	"xp_furniture:wooden_picture_frame_banana": { "sound": "wood" },
	"xp_furniture:wooden_picture_frame_bedroom": { "sound": "wood" },
	"xp_furniture:wooden_picture_frame_capybara": { "sound": "wood" },
	"xp_furniture:wooden_picture_frame_cat": { "sound": "wood" },
	"xp_furniture:wooden_picture_frame_desert": { "sound": "wood" },
	"xp_furniture:wooden_picture_frame": { "sound": "wood" },
	"xp_furniture:wooden_picture_frame_house": { "sound": "metal" },
	"xp_furniture:wooden_picture_frame_mountain": { "sound": "wood" },
	"xp_furniture:wooden_picture_frame_sighting": { "sound": "wood" },
	"xp_furniture:wooden_picture_frame_sunset": { "sound": "wood" },
	"xp_furniture:wooden_picture_frame_tunnel": { "sound": "wood" },

	"xp_furniture:acacia_chiseled_planks": { "textures": "xp_furniture:acacia_chiseled_planks", "sound": "wood" },
	"xp_furniture:acacia_flat_planks": { "textures": "xp_furniture:acacia_flat_planks", "sound": "wood" },
	"xp_furniture:acacia_herringbone_planks": { "textures": "xp_furniture:acacia_herringbone_planks", "sound": "wood" },
	"xp_furniture:acacia_pattern_planks": { "textures": "xp_furniture:acacia_pattern_planks", "sound": "wood" },
	"xp_furniture:acacia_tiled_planks": { "textures": "xp_furniture:acacia_tiled_planks", "sound": "wood" },
	"xp_furniture:acacia_vertical_planks": { "textures": "xp_furniture:acacia_vertical_planks", "sound": "wood" },
	"xp_furniture:birch_chiseled_planks": { "textures": "xp_furniture:birch_chiseled_planks", "sound": "wood" },
	"xp_furniture:birch_flat_planks": { "textures": "xp_furniture:birch_flat_planks", "sound": "wood" },
	"xp_furniture:birch_herringbone_planks": { "textures": "xp_furniture:birch_herringbone_planks", "sound": "wood" },
	"xp_furniture:birch_pattern_planks": { "textures": "xp_furniture:birch_pattern_planks", "sound": "wood" },
	"xp_furniture:birch_tiled_planks": { "textures": "xp_furniture:birch_tiled_planks", "sound": "wood" },
	"xp_furniture:birch_vertical_planks": { "textures": "xp_furniture:birch_vertical_planks", "sound": "wood" },
	"xp_furniture:cherry_chiseled_planks": { "textures": "xp_furniture:cherry_chiseled_planks", "sound": "cherry_wood" },
	"xp_furniture:cherry_flat_planks": { "textures": "xp_furniture:cherry_flat_planks", "sound": "cherry_wood" },
	"xp_furniture:cherry_herringbone_planks": { "textures": "xp_furniture:cherry_herringbone_planks", "sound": "cherry_wood" },
	"xp_furniture:cherry_pattern_planks": { "textures": "xp_furniture:cherry_pattern_planks", "sound": "cherry_wood" },
	"xp_furniture:cherry_tiled_planks": { "textures": "xp_furniture:cherry_tiled_planks", "sound": "cherry_wood" },
	"xp_furniture:cherry_vertical_planks": { "textures": "xp_furniture:cherry_vertical_planks", "sound": "cherry_wood" },
	"xp_furniture:crimson_chiseled_planks": { "textures": "xp_furniture:crimson_chiseled_planks", "sound": "wood" },
	"xp_furniture:crimson_flat_planks": { "textures": "xp_furniture:crimson_flat_planks", "sound": "wood" },
	"xp_furniture:crimson_herringbone_planks": { "textures": "xp_furniture:crimson_herringbone_planks", "sound": "wood" },
	"xp_furniture:crimson_pattern_planks": { "textures": "xp_furniture:crimson_pattern_planks", "sound": "wood" },
	"xp_furniture:crimson_tiled_planks": { "textures": "xp_furniture:crimson_tiled_planks", "sound": "wood" },
	"xp_furniture:crimson_vertical_planks": { "textures": "xp_furniture:crimson_vertical_planks", "sound": "wood" },
	"xp_furniture:dark_oak_chiseled_planks": { "textures": "xp_furniture:dark_oak_chiseled_planks", "sound": "wood" },
	"xp_furniture:dark_oak_flat_planks": { "textures": "xp_furniture:dark_oak_flat_planks", "sound": "wood" },
	"xp_furniture:dark_oak_herringbone_planks": { "textures": "xp_furniture:dark_oak_herringbone_planks", "sound": "wood" },
	"xp_furniture:dark_oak_pattern_planks": { "textures": "xp_furniture:dark_oak_pattern_planks", "sound": "wood" },
	"xp_furniture:dark_oak_tiled_planks": { "textures": "xp_furniture:dark_oak_tiled_planks", "sound": "wood" },
	"xp_furniture:dark_oak_vertical_planks": { "textures": "xp_furniture:dark_oak_vertical_planks", "sound": "wood" },
	"xp_furniture:jungle_chiseled_planks": { "textures": "xp_furniture:jungle_chiseled_planks", "sound": "wood" },
	"xp_furniture:jungle_flat_planks": { "textures": "xp_furniture:jungle_flat_planks", "sound": "wood" },
	"xp_furniture:jungle_herringbone_planks": { "textures": "xp_furniture:jungle_herringbone_planks", "sound": "wood" },
	"xp_furniture:jungle_pattern_planks": { "textures": "xp_furniture:jungle_pattern_planks", "sound": "wood" },
	"xp_furniture:jungle_tiled_planks": { "textures": "xp_furniture:jungle_tiled_planks", "sound": "wood" },
	"xp_furniture:jungle_vertical_planks": { "textures": "xp_furniture:jungle_vertical_planks", "sound": "wood" },
	"xp_furniture:mangrove_chiseled_planks": { "textures": "xp_furniture:mangrove_chiseled_planks", "sound": "wood" },
	"xp_furniture:mangrove_flat_planks": { "textures": "xp_furniture:mangrove_flat_planks", "sound": "wood" },
	"xp_furniture:mangrove_herringbone_planks": { "textures": "xp_furniture:mangrove_herringbone_planks", "sound": "wood" },
	"xp_furniture:mangrove_pattern_planks": { "textures": "xp_furniture:mangrove_pattern_planks", "sound": "wood" },
	"xp_furniture:mangrove_tiled_planks": { "textures": "xp_furniture:mangrove_tiled_planks", "sound": "wood" },
	"xp_furniture:mangrove_vertical_planks": { "textures": "xp_furniture:mangrove_vertical_planks", "sound": "wood" },
	"xp_furniture:oak_chiseled_planks": { "textures": "xp_furniture:oak_chiseled_planks", "sound": "wood" },
	"xp_furniture:oak_flat_planks": { "textures": "xp_furniture:oak_flat_planks", "sound": "wood" },
	"xp_furniture:oak_herringbone_planks": { "textures": "xp_furniture:oak_herringbone_planks", "sound": "wood" },
	"xp_furniture:oak_pattern_planks": { "textures": "xp_furniture:oak_pattern_planks", "sound": "wood" },
	"xp_furniture:oak_tiled_planks": { "textures": "xp_furniture:oak_tiled_planks", "sound": "wood" },
	"xp_furniture:oak_vertical_planks": { "textures": "xp_furniture:oak_vertical_planks", "sound": "wood" },
	"xp_furniture:spruce_chiseled_planks": { "textures": "xp_furniture:spruce_chiseled_planks", "sound": "wood" },
	"xp_furniture:spruce_flat_planks": { "textures": "xp_furniture:spruce_flat_planks", "sound": "wood" },
	"xp_furniture:spruce_herringbone_planks": { "textures": "xp_furniture:spruce_herringbone_planks", "sound": "wood" },
	"xp_furniture:spruce_pattern_planks": { "textures": "xp_furniture:spruce_pattern_planks", "sound": "wood" },
	"xp_furniture:spruce_tiled_planks": { "textures": "xp_furniture:spruce_tiled_planks", "sound": "wood" },
	"xp_furniture:spruce_vertical_planks": { "textures": "xp_furniture:spruce_vertical_planks", "sound": "wood" },
	"xp_furniture:warped_chiseled_planks": { "textures": "xp_furniture:warped_chiseled_planks", "sound": "wood" },
	"xp_furniture:warped_flat_planks": { "textures": "xp_furniture:warped_flat_planks", "sound": "wood" },
	"xp_furniture:warped_herringbone_planks": { "textures": "xp_furniture:warped_herringbone_planks", "sound": "wood" },
	"xp_furniture:warped_pattern_planks": { "textures": "xp_furniture:warped_pattern_planks", "sound": "wood" },
	"xp_furniture:warped_tiled_planks": { "textures": "xp_furniture:warped_tiled_planks", "sound": "wood" },
	"xp_furniture:warped_vertical_planks": { "textures": "xp_furniture:warped_vertical_planks", "sound": "wood" },

	"xp_furniture:icicle": { "sound": "glass" },
	"xp_furniture:copper_roof_glass": { "sound": "glass" },
	"xp_furniture:dark_roof_glass": { "sound": "glass" },
	"xp_furniture:white_roof_glass": { "sound": "glass" },
	"xp_furniture:copper_roof": { "sound": "copper" },
	"xp_furniture:waxed_copper_roof": { "sound": "copper" },
	"xp_furniture:red_brick_roof": { "sound": "stone" },
	"xp_furniture:blackstone_roof": { "sound": "stone" },
	"xp_furniture:slate_roof": { "sound": "stone" },
	"xp_furniture:thatch_roof": { "sound": "grass" },
	"xp_furniture:mossy_roof": { "sound": "grass" },

	"xp_furniture:pink_umbrella": { "sound": "cloth" },
	"xp_furniture:red_umbrella": { "sound": "cloth" },
	"xp_furniture:white_umbrella": { "sound": "cloth" },

	"xp_furniture:brick_planter_box": { "sound": "stone" },
	"xp_furniture:clay_planter_box": { "sound": "stone" },
	"xp_furniture:fancy_clay_planter_box": { "sound": "stone" },
	"xp_furniture:stone_planter_box": { "sound": "stone" },

	"xp_furniture:acacia_sink": { "sound": "wood" },
	"xp_furniture:bamboo_sink": { "sound": "bamboo_wood" },
	"xp_furniture:birch_sink": { "sound": "wood" },
	"xp_furniture:cherry_sink": { "sound": "cherry_wood" },
	"xp_furniture:crimson_sink": { "sound": "wood" },
	"xp_furniture:dark_oak_sink": { "sound": "wood" },
	"xp_furniture:jungle_sink": { "sound": "wood" },
	"xp_furniture:mangrove_sink": { "sound": "wood" },
	"xp_furniture:oak_sink": { "sound": "wood" },
	"xp_furniture:spruce_sink": { "sound": "wood" },
	"xp_furniture:warped_sink": { "sound": "wood" },

	"xp_furniture:acacia_support": { "sound": "wood" },
	"xp_furniture:bamboo_support": { "sound": "bamboo_wood" },
	"xp_furniture:birch_support": { "sound": "wood" },
	"xp_furniture:cherry_support": { "sound": "cherry_wood" },
	"xp_furniture:crimson_support": { "sound": "wood" },
	"xp_furniture:dark_oak_support": { "sound": "wood" },
	"xp_furniture:jungle_support": { "sound": "wood" },
	"xp_furniture:mangrove_support": { "sound": "wood" },
	"xp_furniture:oak_support": { "sound": "wood" },
	"xp_furniture:spruce_support": { "sound": "wood" },
	"xp_furniture:warped_support": { "sound": "wood" },

	"xp_furniture:oak_planter_box": { "sound": "wood" },
	"xp_furniture:spruce_planter_box": { "sound": "wood" },

	"xp_furniture:acacia_stairs": { "sound": "wood" },
	"xp_furniture:bamboo_stairs": { "sound": "bamboo_wood" },
	"xp_furniture:birch_stairs": { "sound": "wood" },
	"xp_furniture:cherry_stairs": { "sound": "cherry_wood" },
	"xp_furniture:crimson_stairs": { "sound": "wood" },
	"xp_furniture:dark_oak_stairs": { "sound": "wood" },
	"xp_furniture:jungle_stairs": { "sound": "wood" },
	"xp_furniture:mangrove_stairs": { "sound": "wood" },
	"xp_furniture:oak_stairs": { "sound": "wood" },
	"xp_furniture:spruce_stairs": { "sound": "wood" },
	"xp_furniture:warped_stairs": { "sound": "wood" },

	"xp_furniture:andesite_bricks": { "textures": "xp_furniture:andesite_bricks", "sound": "stone" },
	"xp_furniture:andesite_large_bricks": { "textures": "xp_furniture:andesite_large_bricks", "sound": "stone" },
	"xp_furniture:andesite_pillar": { "sound": "stone" },
	"xp_furniture:calcite_bricks": { "textures": "xp_furniture:calcite_bricks", "sound": "stone" },
	"xp_furniture:calcite_large_bricks": { "textures": "xp_furniture:calcite_large_bricks", "sound": "stone" },
	"xp_furniture:calcite_pillar": { "sound": "stone" },
	"xp_furniture:diorite_bricks": { "textures": "xp_furniture:diorite_bricks", "sound": "stone" },
	"xp_furniture:diorite_large_bricks": { "textures": "xp_furniture:diorite_large_bricks", "sound": "stone" },
	"xp_furniture:diorite_pillar": { "sound": "stone" },
	"xp_furniture:granite_bricks": { "textures": "xp_furniture:granite_bricks", "sound": "stone" },
	"xp_furniture:granite_large_bricks": { "textures": "xp_furniture:granite_large_bricks", "sound": "stone" },
	"xp_furniture:granite_pillar": { "sound": "stone" },

	"xp_furniture:chiseled_andesite": { "textures": "xp_furniture:chiseled_andesite", "sound": "stone" },
	"xp_furniture:polished_calcite": { "textures": "xp_furniture:polished_calcite", "sound": "calcite" },
	"xp_furniture:chiseled_calcite": { "textures": "xp_furniture:chiseled_calcite", "sound": "calcite" },
	"xp_furniture:chiseled_diorite": { "textures": "xp_furniture:chiseled_diorite", "sound": "stone" },
	"xp_furniture:chiseled_granite": { "textures": "xp_furniture:chiseled_granite", "sound": "stone" },

	"xp_furniture:decorated_black_wallpaper": {
		"textures": "xp_furniture:decorated_black_wallpaper",
		"sound": "wood"
	},
	"xp_furniture:decorated_blue_wallpaper": {
		"textures": "xp_furniture:decorated_blue_wallpaper",
		"sound": "wood"
	},
	"xp_furniture:decorated_brown_wallpaper": {
		"textures": "xp_furniture:decorated_brown_wallpaper",
		"sound": "wood"
	},
	"xp_furniture:decorated_cyan_wallpaper": {
		"textures": "xp_furniture:decorated_cyan_wallpaper",
		"sound": "wood"
	},
	"xp_furniture:decorated_gray_wallpaper": {
		"textures": "xp_furniture:decorated_gray_wallpaper",
		"sound": "wood"
	},
	"xp_furniture:decorated_green_wallpaper": {
		"textures": "xp_furniture:decorated_green_wallpaper",
		"sound": "wood"
	},
	"xp_furniture:decorated_light_blue_wallpaper": {
		"textures": "xp_furniture:decorated_light_blue_wallpaper",
		"sound": "wood"
	},
	"xp_furniture:decorated_light_gray_wallpaper": {
		"textures": "xp_furniture:decorated_light_gray_wallpaper",
		"sound": "wood"
	},
	"xp_furniture:decorated_lime_wallpaper": {
		"textures": "xp_furniture:decorated_lime_wallpaper",
		"sound": "wood"
	},
	"xp_furniture:decorated_magenta_wallpaper": {
		"textures": "xp_furniture:decorated_magenta_wallpaper",
		"sound": "wood"
	},
	"xp_furniture:decorated_orange_wallpaper": {
		"textures": "xp_furniture:decorated_orange_wallpaper",
		"sound": "wood"
	},
	"xp_furniture:decorated_pink_wallpaper": {
		"textures": "xp_furniture:decorated_pink_wallpaper",
		"sound": "wood"
	},
	"xp_furniture:decorated_purple_wallpaper": {
		"textures": "xp_furniture:decorated_purple_wallpaper",
		"sound": "wood"
	},
	"xp_furniture:decorated_red_wallpaper": {
		"textures": "xp_furniture:decorated_red_wallpaper",
		"sound": "wood"
	},
	"xp_furniture:decorated_white_wallpaper": {
		"textures": "xp_furniture:decorated_white_wallpaper",
		"sound": "wood"
	},
	"xp_furniture:decorated_yellow_wallpaper": {
		"textures": "xp_furniture:decorated_yellow_wallpaper",
		"sound": "wood"
	},

	"xp_furniture:plain_black_wallpaper": {
		"textures": "xp_furniture:plain_black_wallpaper",
		"sound": "wood"
	},
	"xp_furniture:plain_blue_wallpaper": {
		"textures": "xp_furniture:plain_blue_wallpaper",
		"sound": "wood"
	},
	"xp_furniture:plain_brown_wallpaper": {
		"textures": "xp_furniture:plain_brown_wallpaper",
		"sound": "wood"
	},
	"xp_furniture:plain_cyan_wallpaper": {
		"textures": "xp_furniture:plain_cyan_wallpaper",
		"sound": "wood"
	},
	"xp_furniture:plain_gray_wallpaper": {
		"textures": "xp_furniture:plain_gray_wallpaper",
		"sound": "wood"
	},
	"xp_furniture:plain_green_wallpaper": {
		"textures": "xp_furniture:plain_green_wallpaper",
		"sound": "wood"
	},
	"xp_furniture:plain_light_blue_wallpaper": {
		"textures": "xp_furniture:plain_light_blue_wallpaper",
		"sound": "wood"
	},
	"xp_furniture:plain_light_gray_wallpaper": {
		"textures": "xp_furniture:plain_light_gray_wallpaper",
		"sound": "wood"
	},
	"xp_furniture:plain_lime_wallpaper": {
		"textures": "xp_furniture:plain_lime_wallpaper",
		"sound": "wood"
	},
	"xp_furniture:plain_magenta_wallpaper": {
		"textures": "xp_furniture:plain_magenta_wallpaper",
		"sound": "wood"
	},
	"xp_furniture:plain_orange_wallpaper": {
		"textures": "xp_furniture:plain_orange_wallpaper",
		"sound": "wood"
	},
	"xp_furniture:plain_pink_wallpaper": {
		"textures": "xp_furniture:plain_pink_wallpaper",
		"sound": "wood"
	},
	"xp_furniture:plain_purple_wallpaper": {
		"textures": "xp_furniture:plain_purple_wallpaper",
		"sound": "wood"
	},
	"xp_furniture:plain_red_wallpaper": {
		"textures": "xp_furniture:plain_red_wallpaper",
		"sound": "wood"
	},
	"xp_furniture:plain_white_wallpaper": {
		"textures": "xp_furniture:plain_white_wallpaper",
		"sound": "wood"
	},
	"xp_furniture:plain_yellow_wallpaper": {
		"textures": "xp_furniture:plain_yellow_wallpaper",
		"sound": "wood"
	},

	"xp_furniture:black_wood_pillow": { "sound": "wood" },
	"xp_furniture:blue_wood_pillow": { "sound": "wood" },
	"xp_furniture:brown_wood_pillow": { "sound": "wood" },
	"xp_furniture:cyan_wood_pillow": { "sound": "wood" },
	"xp_furniture:gray_wood_pillow": { "sound": "wood" },
	"xp_furniture:green_wood_pillow": { "sound": "wood" },
	"xp_furniture:light_blue_wood_pillow": { "sound": "wood" },
	"xp_furniture:light_gray_wood_pillow": { "sound": "wood" },
	"xp_furniture:lime_wood_pillow": { "sound": "wood" },
	"xp_furniture:magenta_wood_pillow": { "sound": "wood" },
	"xp_furniture:orange_wood_pillow": { "sound": "wood" },
	"xp_furniture:pink_wood_pillow": { "sound": "wood" },
	"xp_furniture:purple_wood_pillow": { "sound": "wood" },
	"xp_furniture:red_wood_pillow": { "sound": "wood" },
	"xp_furniture:white_wood_pillow": { "sound": "wood" },
	"xp_furniture:yellow_wood_pillow": { "sound": "wood" },

	"xp_furniture:black_pet_bed": { "sound": "wood" },
	"xp_furniture:blue_pet_bed": { "sound": "wood" },
	"xp_furniture:brown_pet_bed": { "sound": "wood" },
	"xp_furniture:cyan_pet_bed": { "sound": "wood" },
	"xp_furniture:gray_pet_bed": { "sound": "wood" },
	"xp_furniture:green_pet_bed": { "sound": "wood" },
	"xp_furniture:light_blue_pet_bed": { "sound": "wood" },
	"xp_furniture:light_gray_pet_bed": { "sound": "wood" },
	"xp_furniture:lime_pet_bed": { "sound": "wood" },
	"xp_furniture:magenta_pet_bed": { "sound": "wood" },
	"xp_furniture:orange_pet_bed": { "sound": "wood" },
	"xp_furniture:pink_pet_bed": { "sound": "wood" },
	"xp_furniture:purple_pet_bed": { "sound": "wood" },
	"xp_furniture:red_pet_bed": { "sound": "wood" },
	"xp_furniture:white_pet_bed": { "sound": "wood" },
	"xp_furniture:yellow_pet_bed": { "sound": "wood" },

	"xp_furniture:juice_barrel": { "sound": "wood" },
	"xp_furniture:juice_barrel_v2": { "sound": "wood" },

	"xp_furniture:display_case_fancy": { "sound": "metal" },
	"xp_furniture:display_case": { "sound": "wood" },

	"xp_furniture:blue_hammock": { "sound": "cloth" },
	"xp_furniture:green_hammock": { "sound": "cloth" },
	"xp_furniture:pink_hammock": { "sound": "cloth" },
	"xp_furniture:red_hammock": { "sound": "cloth" },

	"xp_furniture:log_stack": { "sound": "wood" },
	"xp_furniture:big_pan": { "sound": "stone" },

	"xp_furniture:copper_trim_glass": { "textures": "xp_furniture:copper_trim_glass", "sound": "glass" },
	"xp_furniture:dark_trim_glass": { "textures": "xp_furniture:dark_trim_glass", "sound": "glass" },
	"xp_furniture:white_trim_glass": { "textures": "xp_furniture:white_trim_glass", "sound": "glass" },

	"xp_furniture:book_pile": { "sound": "wood" },
	"xp_furniture:broom": { "sound": "wood" },
	"xp_furniture:gnome": { "sound": "decorated_pot" },

	"xp_furniture:bricks_path": { "sound": "wood" },
	"xp_furniture:planks_path": { "sound": "wood" },
	"xp_furniture:stone_bricks_path": { "sound": "wood" },

//   "xp_furniture:carved_pumpkin_0": { "sound": "wood" },
//   "xp_furniture:carved_pumpkin_1": { "sound": "wood" },
//   "xp_furniture:carved_pumpkin_2": { "sound": "wood" },
//   "xp_furniture:lit_pumpkin_0": { "sound": "wood" },
//   "xp_furniture:lit_pumpkin_1": { "sound": "wood" },
//   "xp_furniture:lit_pumpkin_2": { "sound": "wood" },

	"xp_furniture:urn_1": { "sound": "decorated_pot" },
	"xp_furniture:urn_2": { "sound": "decorated_pot" },
	"xp_furniture:urn_3": { "sound": "decorated_pot" },
	"xp_furniture:urn_4": { "sound": "decorated_pot" },

	"xp_furniture:wood_mug": { "sound": "wood" },

	"xp_furniture:acacia_cabinet": { "sound": "wood" },
	"xp_furniture:bamboo_cabinet": { "sound": "bamboo_wood" },
	"xp_furniture:birch_cabinet": { "sound": "wood" },
	"xp_furniture:cherry_cabinet": { "sound": "cherry_wood" },
	"xp_furniture:crimson_cabinet": { "sound": "wood" },
	"xp_furniture:dark_oak_cabinet": { "sound": "wood" },
	"xp_furniture:jungle_cabinet": { "sound": "wood" },
	"xp_furniture:mangrove_cabinet": { "sound": "wood" },
	"xp_furniture:oak_cabinet": { "sound": "wood" },
	"xp_furniture:spruce_cabinet": { "sound": "wood" },
	"xp_furniture:warped_cabinet": { "sound": "wood" },

	"xp_furniture:acacia_counter": { "sound": "wood" },
	"xp_furniture:bamboo_counter": { "sound": "bamboo_wood" },
	"xp_furniture:birch_counter": { "sound": "wood" },
	"xp_furniture:cherry_counter": { "sound": "cherry_wood" },
	"xp_furniture:crimson_counter": { "sound": "wood" },
	"xp_furniture:dark_oak_counter": { "sound": "wood" },
	"xp_furniture:jungle_counter": { "sound": "wood" },
	"xp_furniture:mangrove_counter": { "sound": "wood" },
	"xp_furniture:oak_counter": { "sound": "wood" },
	"xp_furniture:spruce_counter": { "sound": "wood" },
	"xp_furniture:warped_counter": { "sound": "wood" },

	"xp_furniture:acacia_cupboard": { "sound": "wood" },
	"xp_furniture:bamboo_cupboard": { "sound": "bamboo_wood" },
	"xp_furniture:birch_cupboard": { "sound": "wood" },
	"xp_furniture:cherry_cupboard": { "sound": "cherry_wood" },
	"xp_furniture:crimson_cupboard": { "sound": "wood" },
	"xp_furniture:dark_oak_cupboard": { "sound": "wood" },
	"xp_furniture:jungle_cupboard": { "sound": "wood" },
	"xp_furniture:mangrove_cupboard": { "sound": "wood" },
	"xp_furniture:oak_cupboard": { "sound": "wood" },
	"xp_furniture:spruce_cupboard": { "sound": "wood" },
	"xp_furniture:warped_cupboard": { "sound": "wood" },

	"xp_furniture:grow_lamp": { "sound": "copper" },

	"xp_furniture:acacia_sideboard": { "sound": "wood" },
	"xp_furniture:bamboo_sideboard": { "sound": "bamboo_wood" },
	"xp_furniture:birch_sideboard": { "sound": "wood" },
	"xp_furniture:cherry_sideboard": { "sound": "cherry_wood" },
	"xp_furniture:crimson_sideboard": { "sound": "wood" },
	"xp_furniture:dark_oak_sideboard": { "sound": "wood" },
	"xp_furniture:jungle_sideboard": { "sound": "wood" },
	"xp_furniture:mangrove_sideboard": { "sound": "wood" },
	"xp_furniture:oak_sideboard": { "sound": "wood" },
	"xp_furniture:spruce_sideboard": { "sound": "wood" },
	"xp_furniture:warped_sideboard": { "sound": "wood" },

	"xp_furniture:acacia_standing_lamp": { "sound": "wood" },
	"xp_furniture:bamboo_standing_lamp": { "sound": "bamboo_wood" },
	"xp_furniture:birch_standing_lamp": { "sound": "wood" },
	"xp_furniture:cherry_standing_lamp": { "sound": "cherry_wood" },
	"xp_furniture:crimson_standing_lamp": { "sound": "wood" },
	"xp_furniture:dark_oak_standing_lamp": { "sound": "wood" },
	"xp_furniture:jungle_standing_lamp": { "sound": "wood" },
	"xp_furniture:mangrove_standing_lamp": { "sound": "wood" },
	"xp_furniture:oak_standing_lamp": { "sound": "wood" },
	"xp_furniture:spruce_standing_lamp": { "sound": "wood" },
	"xp_furniture:warped_standing_lamp": { "sound": "wood" },

	"xp_furniture:blinds": { "sound": "wood" },
	"xp_furniture:double_blinds": { "sound": "wood" },

	"xp_furniture:big_gold_candle_holder": { "sound": "candle" },
	"xp_furniture:big_metal_candle_holder": { "sound": "candle" },
	"xp_furniture:small_iron_candle_holder": { "sound": "candle" },
	"xp_furniture:small_metal_candle_holder": { "sound": "candle" },

	"xp_furniture:chandelier": { "sound": "chain" },
	"xp_furniture:chandelier_golden": { "sound": "chain" },

	"xp_furniture:black_curtain": { "sound": "cloth" },
	"xp_furniture:blue_curtain": { "sound": "cloth" },
	"xp_furniture:brown_curtain": { "sound": "cloth" },
	"xp_furniture:cyan_curtain": { "sound": "cloth" },
	"xp_furniture:gray_curtain": { "sound": "cloth" },
	"xp_furniture:green_curtain": { "sound": "cloth" },
	"xp_furniture:light_blue_curtain": { "sound": "cloth" },
	"xp_furniture:light_gray_curtain": { "sound": "cloth" },
	"xp_furniture:lime_curtain": { "sound": "cloth" },
	"xp_furniture:magenta_curtain": { "sound": "cloth" },
	"xp_furniture:orange_curtain": { "sound": "cloth" },
	"xp_furniture:pink_curtain": { "sound": "cloth" },
	"xp_furniture:purple_curtain": { "sound": "cloth" },
	"xp_furniture:red_curtain": { "sound": "cloth" },
	"xp_furniture:white_curtain": { "sound": "cloth" },
	"xp_furniture:yellow_curtain": { "sound": "cloth" },

	"xp_furniture:black_double_curtain": { "sound": "cloth" },
	"xp_furniture:blue_double_curtain": { "sound": "cloth" },
	"xp_furniture:brown_double_curtain": { "sound": "cloth" },
	"xp_furniture:cyan_double_curtain": { "sound": "cloth" },
	"xp_furniture:gray_double_curtain": { "sound": "cloth" },
	"xp_furniture:green_double_curtain": { "sound": "cloth" },
	"xp_furniture:light_blue_double_curtain": { "sound": "cloth" },
	"xp_furniture:light_gray_double_curtain": { "sound": "cloth" },
	"xp_furniture:lime_double_curtain": { "sound": "cloth" },
	"xp_furniture:magenta_double_curtain": { "sound": "cloth" },
	"xp_furniture:orange_double_curtain": { "sound": "cloth" },
	"xp_furniture:pink_double_curtain": { "sound": "cloth" },
	"xp_furniture:purple_double_curtain": { "sound": "cloth" },
	"xp_furniture:red_double_curtain": { "sound": "cloth" },
	"xp_furniture:white_double_curtain": { "sound": "cloth" },
	"xp_furniture:yellow_double_curtain": { "sound": "cloth" },

	"xp_furniture:globe": { "sound": "wood" },
	"xp_furniture:globe_colored": { "sound": "wood" },

	"xp_furniture:grandfather_clock": { "sound": "wood" },
	"xp_furniture:fancy_grandfather_clock": { "sound": "wood" },
	"xp_furniture:small_grandfather_clock": { "sound": "wood" },
	"xp_furniture:small_fancy_grandfather_clock": { "sound": "wood" },

	"xp_furniture:haystack": { "sound": "grass" },
	"xp_furniture:haystack_pitchfork": { "sound": "grass" },

	"xp_furniture:bongos": { "sound": "wood" },
	"xp_furniture:harp": { "sound": "wood" },
	"xp_furniture:ukelele": { "sound": "wood" },

	"xp_furniture:metal_pump": { "sound": "stone" },

	//"xp_furniture:armadillo_plushie": { "sound": "cloth" },
	"xp_furniture:axolotl_plushie": { "sound": "cloth" },
	"xp_furniture:bee_plushie": { "sound": "cloth" },
	//"xp_furniture:cat_plushie": { "sound": "cloth" },
	"xp_furniture:cow_plushie": { "sound": "cloth" },
	"xp_furniture:creeper_plushie": { "sound": "cloth" },
	"xp_furniture:dragon_plushie": { "sound": "cloth" },
	"xp_furniture:enderman_plushie": { "sound": "cloth" },
	//"xp_furniture:fox_plushie": { "sound": "cloth" },
	//"xp_furniture:mooshroom_plushie": { "sound": "cloth" },
	"xp_furniture:pig_plushie": { "sound": "cloth" },
	"xp_furniture:sheep_plushie": { "sound": "cloth" },
	//"xp_furniture:wolf_plushie": { "sound": "cloth" },
	"xp_furniture:zombie_plushie": { "sound": "cloth" },
	"xp_furniture:bat_plushie": { "sound": "cloth" },
	"xp_furniture:skeleton_plushie": { "sound": "cloth" },
	"xp_furniture:spider_plushie": { "sound": "cloth" },
	"xp_furniture:snow_golem_plushie": { "sound": "cloth" },
	"xp_furniture:snow_golem_pumpkin_plushie": { "sound": "cloth" },
	"xp_furniture:polar_bear_plushie": { "sound": "cloth" },

	"xp_furniture:metal_small_fountain": { "sound": "stone" },
	"xp_furniture:diorite_small_fountain": { "sound": "stone" },

	"xp_furniture:small_wind_wheel": { "sound": "wood" },

	"xp_furniture:bamboo_wind_chimes": { "sound": "bamboo_wood" },
	"xp_furniture:copper_wind_chimes": { "sound": "copper" },
	"xp_furniture:iron_wind_chimes": { "sound": "amethyst_block" },


	"xp_furniture:aquarium": { "sound": "stone" },

	"xp_furniture:barred_door": { "sound": "wood" },

	"xp_furniture:black_big_cauldron": { "sound": "stone" },
	"xp_furniture:copper_big_cauldron": { "sound": "stone" },
	"xp_furniture:metal_big_cauldron": { "sound": "stone" },

	"xp_furniture:oak_big_chest": { "sound": "wood" },

	"xp_furniture:standing_camera": { "sound": "wood" },

	"xp_furniture:chicken_nest": { "sound": "grass" },

	"xp_furniture:glass_jar": { "sound": "glass" },

	"xp_furniture:acacia_hanging_item_sign": { "sound": "hanging_sign" },
	"xp_furniture:bamboo_hanging_item_sign": { "sound": "bamboo_wood" },
	"xp_furniture:birch_hanging_item_sign": { "sound": "hanging_sign" },
	"xp_furniture:cherry_hanging_item_sign": { "sound": "cherry_wood" },
	"xp_furniture:crimson_hanging_item_sign": { "sound": "hanging_sign" },
	"xp_furniture:dark_oak_hanging_item_sign": { "sound": "hanging_sign" },
	"xp_furniture:jungle_hanging_item_sign": { "sound": "hanging_sign" },
	"xp_furniture:mangrove_hanging_item_sign": { "sound": "hanging_sign" },
	"xp_furniture:oak_hanging_item_sign": { "sound": "hanging_sign" },
	"xp_furniture:spruce_hanging_item_sign": { "sound": "hanging_sign" },
	"xp_furniture:warped_hanging_item_sign": { "sound": "hanging_sign" },

	"xp_furniture:acacia_rocking_chair": { "sound": "wood" },
	"xp_furniture:bamboo_rocking_chair": { "sound": "bamboo_wood" },
	"xp_furniture:birch_rocking_chair": { "sound": "wood" },
	"xp_furniture:cherry_rocking_chair": { "sound": "cherry_wood" },
	"xp_furniture:crimson_rocking_chair": { "sound": "wood" },
	"xp_furniture:dark_oak_rocking_chair": { "sound": "wood" },
	"xp_furniture:jungle_rocking_chair": { "sound": "wood" },
	"xp_furniture:mangrove_rocking_chair": { "sound": "wood" },
	"xp_furniture:oak_rocking_chair": { "sound": "wood" },
	"xp_furniture:spruce_rocking_chair": { "sound": "wood" },
	"xp_furniture:warped_rocking_chair": { "sound": "wood" },

	"xp_furniture:scarecrow": { "sound": "grass" },
	"xp_furniture:scarecrow_halloween": { "sound": "grass" },

	"xp_furniture:oak_slab_chest": { "sound": "wood" },

	"xp_furniture:sprinkler": { "sound": "stone" },

	"xp_furniture:blackstone_stove": { "sound": "stone" },
	"xp_furniture:copper_stove": { "sound": "copper" },
	"xp_furniture:iron_stove": { "sound": "stone" },
	"xp_furniture:stone_stove": { "sound": "stone" },

	"xp_furniture:telescope": { "sound": "stone" },

	"xp_furniture:tool_rack": { "sound": "wood" },

	"xp_furniture:water_mill": { "sound": "wood" },

	"xp_furniture:wind_mill": { "sound": "wood" },


	"xp_furniture:placeable_bell_pepper": { "sound": "grass" },
	"xp_furniture:placeable_cabbage": { "sound": "grass" },
	"xp_furniture:placeable_chilipepper": { "sound": "honey_block" },
	"xp_furniture:placeable_corn": { "sound": "grass" },
	"xp_furniture:placeable_eggplant": { "sound": "grass" },
	"xp_furniture:placeable_grilled_corn": { "sound": "wood" },
	"xp_furniture:placeable_grilled_eggplant": { "sound": "wood" },
	"xp_furniture:placeable_salad": { "sound": "wood" },
	"xp_furniture:placeable_tomato": { "sound": "honey_block" },
	"xp_furniture:placeable_glazed_ham": { "sound": "wood" },
	"xp_furniture:apple": { "sound": "wood" },
	"xp_furniture:baked_potato": { "sound": "cloth" },
	"xp_furniture:beetroot_soup": { "sound": "cloth" },
	"xp_furniture:bow_with_arrow": { "sound": "wood" },
	"xp_furniture:bow": { "sound": "wood" },
	"xp_furniture:bunch_of_carrots": { "sound": "cloth" },
	"xp_furniture:clock": { "sound": "stone" },
	"xp_furniture:compass": { "sound": "stone" },
	"xp_furniture:cooked_beef": { "sound": "wood" },
	"xp_furniture:cooked_chicken": { "sound": "wood" },
	"xp_furniture:cooked_rabbit": { "sound": "wood" },
	"xp_furniture:cookie": { "sound": "cloth" },
	"xp_furniture:crossbow": { "sound": "wood" },
	"xp_furniture:emerald": { "sound": "stone" },
	"xp_furniture:ender_eye": { "sound": "lodestone" },
	"xp_furniture:ender_pearl": { "sound": "stone" },
	"xp_furniture:fishing_rod": { "sound": "wood" },
	"xp_furniture:golden_apple": { "sound": "metal" },
	"xp_furniture:mushroom_stew": { "sound": "wood" },
	"xp_furniture:pufferfish": { "sound": "honey_block" },
	"xp_furniture:pumpkin_pie": { "sound": "cloth" },
	"xp_furniture:quiver": { "sound": "cloth" },
	"xp_furniture:rabbit_stew": { "sound": "wood" },
	"xp_furniture:salmon": { "sound": "honey_block" },
	"xp_furniture:totem_of_undying": { "sound": "metal" },
	"xp_furniture:uncooked_beef": { "sound": "honey_block" },
	"xp_furniture:uncooked_chicken": { "sound": "honey_block" },
	"xp_furniture:uncooked_rabbit": { "sound": "honey_block" },

	"xp_furniture:overgrown_grass": { "sound": "grass" },
	"xp_furniture:blazing_star": { "sound": "grass" },
	"xp_furniture:butterflower_cluster": { "sound": "grass" },
	"xp_furniture:butterfly_milkweed": { "sound": "grass" },
	"xp_furniture:clover_cluster": { "sound": "nether_sprouts" },
	"xp_furniture:flower_cluster_0": { "sound": "grass" },
	"xp_furniture:flower_cluster_1": { "sound": "grass" },
	"xp_furniture:flower_cluster_2": { "sound": "grass" },
	"xp_furniture:flower_cluster_3": { "sound": "grass" },
	"xp_furniture:foxglove": { "sound": "grass" },
	"xp_furniture:ivy": { "sound": "hanging_roots" },
	"xp_furniture:mossy_pebbles": { "sound": "stone" },
	"xp_furniture:muck": { "sound": "mud", "textures": "xp_furniture:muck" },
	"xp_furniture:mushroom_cluster": { "sound": "fungus" },
	"xp_furniture:pebbles": { "sound": "stone" },
	"xp_furniture:pot_1": { "sound": "decorated_pot" },
	"xp_furniture:pot_2": { "sound": "decorated_pot" },
	"xp_furniture:pot_3": { "sound": "decorated_pot" },
	// "xp_furniture:spooky_cobweb": { "sound": "web" },
	"xp_furniture:shelf_fungus": { "sound": "hanging_roots" },
	"xp_furniture:small_cluster_lily_pad": { "sound": "grass" },
	"xp_furniture:clover_weeds": { "sound": "nether_sprouts" },
	"xp_furniture:cluster_weeds": { "sound": "nether_sprouts" },
	"xp_furniture:small_weeds_cluster": { "sound": "azalea" },
	"xp_furniture:spike_weeds": { "sound": "nether_sprouts" },
	"xp_furniture:tall_weeds": { "sound": "nether_sprouts" },
	"xp_furniture:wet_dirt": { "sound": "mud", "textures": "xp_furniture:wet_dirt" },

	"xp_furniture:rope": { "sound": "azalea" },
	"xp_furniture:black_rope_flag": { "sound": "azalea" },
	"xp_furniture:blue_rope_flag": { "sound": "azalea" },
	"xp_furniture:brown_rope_flag": { "sound": "azalea" },
	"xp_furniture:cyan_rope_flag": { "sound": "azalea" },
	"xp_furniture:gray_rope_flag": { "sound": "azalea" },
	"xp_furniture:green_rope_flag": { "sound": "azalea" },
	"xp_furniture:light_blue_rope_flag": { "sound": "azalea" },
	"xp_furniture:light_gray_rope_flag": { "sound": "azalea" },
	"xp_furniture:lime_rope_flag": { "sound": "azalea" },
	"xp_furniture:magenta_rope_flag": { "sound": "azalea" },
	"xp_furniture:orange_rope_flag": { "sound": "azalea" },
	"xp_furniture:pink_rope_flag": { "sound": "azalea" },
	"xp_furniture:purple_rope_flag": { "sound": "azalea" },
	"xp_furniture:red_rope_flag": { "sound": "azalea" },
	"xp_furniture:white_rope_flag": { "sound": "azalea" },
	"xp_furniture:yellow_rope_flag": { "sound": "azalea" },
	"xp_furniture:rope_sock_0": { "sound": "cloth" },
	"xp_furniture:rope_sock_1": { "sound": "cloth" },
	"xp_furniture:rope_sock_2": { "sound": "cloth" },
	"xp_furniture:rope_sock_3": { "sound": "cloth" },
	"xp_furniture:rope_sock_4": { "sound": "cloth" },
	"xp_furniture:rope_mistletoe.hanging": { "sound": "azalea" },

	"xp_furniture:big_flower_pot_hanging_dark_green": { "sound": "stone" },
	"xp_furniture:big_flower_pot_hanging_decorated": { "sound": "stone" },
	"xp_furniture:big_flower_pot_hanging_dotted": { "sound": "stone" },
	"xp_furniture:big_flower_pot_hanging_lined": { "sound": "stone" },
	"xp_furniture:big_flower_pot_hanging_plain": { "sound": "stone" },
	"xp_furniture:big_flower_pot_hanging_weaved": { "sound": "stone" },
	"xp_furniture:big_flower_pot_hanging_wooden": { "sound": "stone" },
	"xp_furniture:big_flower_pot_normal_dark_green": { "sound": "stone" },
	"xp_furniture:big_flower_pot_normal_decorated": { "sound": "stone" },
	"xp_furniture:big_flower_pot_normal_dotted": { "sound": "stone" },
	"xp_furniture:big_flower_pot_normal_lined": { "sound": "stone" },
	"xp_furniture:big_flower_pot_normal_plain": { "sound": "stone" },
	"xp_furniture:big_flower_pot_normal_weaved": { "sound": "stone" },
	"xp_furniture:big_flower_pot_normal_wooden": { "sound": "stone" },

	"xp_furniture:christmas_tree": { "sound": "grass" }
}