{
	"format_version": "1.12.0",
	"minecraft:geometry": [
		{
			"description": {
				"identifier": "geometry.mbl_fish.arctic_char",
				"texture_width": 32,
				"texture_height": 32,
				"visible_bounds_width": 4,
				"visible_bounds_height": 2,
				"visible_bounds_offset": [0, 1, 0]
			},
			"bones": [
				{
					"name": "body_front",
					"pivot": [0, 0, -4],
					"cubes": [
						{"origin": [-1.5, 3.5, -4], "size": [3, 5, 8], "uv": [0, 0]},
						{"origin": [0, 1.5, 4], "size": [0, 3, 3], "uv": [2, 2]}
					]
				},
				{
					"name": "body_back",
					"parent": "body_front",
					"pivot": [0, 0, 4],
					"cubes": [
						{"origin": [0, 2.5, 10], "size": [0, 2, 2], "uv": [4, 2]},
						{"origin": [-1.5, 3.5, 4], "size": [3, 5, 8], "uv": [0, 13]}
					]
				},
				{
					"name": "dorsal_back",
					"parent": "body_back",
					"pivot": [0, 5, 4],
					"cubes": [
						{"origin": [0, 8.5, 4], "size": [0, 3, 3], "uv": [2, 2]}
					]
				},
				{
					"name": "tailfin",
					"parent": "body_back",
					"pivot": [0, 0, 12],
					"cubes": [
						{"origin": [0, 3.5, 12], "size": [0, 5, 6], "uv": [20, 10]}
					]
				},
				{
					"name": "dorsal_front",
					"parent": "body_front",
					"pivot": [0, 5, 2],
					"cubes": [
						{"origin": [0, 8.5, 2], "size": [0, 2, 2], "uv": [4, 2]}
					]
				},
				{
					"name": "head",
					"parent": "body_front",
					"pivot": [0, 3, -4],
					"cubes": [
						{"origin": [-1, 4.5, -7], "size": [2, 4, 3], "uv": [22, 0]}
					],
					"locators": {
						"lead": [0, 3, -4]
					}
				},
				{
					"name": "leftFin",
					"parent": "body_front",
					"pivot": [1.5, 2, -2],
					"rotation": [0, 0, 35],
					"cubes": [
						{"origin": [-0.50752, 4.86703, -2], "size": [2, 0, 2], "uv": [2, 0]}
					]
				},
				{
					"name": "rightFin",
					"parent": "body_front",
					"pivot": [-1.5, 2, -2],
					"rotation": [0, 0, -35],
					"cubes": [
						{"origin": [-1.49258, 4.86703, -2], "size": [2, 0, 2], "uv": [-2, 0]}
					]
				}
			]
		}
	]
}