{
	"format_version": "1.12.0",
	"minecraft:geometry": [
		{
			"description": {
				"identifier": "geometry.mbl_fish.barracuda",
				"texture_width": 64,
				"texture_height": 64,
				"visible_bounds_width": 4,
				"visible_bounds_height": 2,
				"visible_bounds_offset": [0, 1, 0]
			},
			"bones": [
				{
					"name": "body_front",
					"pivot": [0, 0, -4],
					"cubes": [
						{"origin": [0, 1.5, 0], "size": [0, 2, 2], "uv": [0, 11]},
						{"origin": [-1.5, 3.5, -4], "size": [3, 5, 8], "uv": [0, 0]}
					]
				},
				{
					"name": "body_back",
					"parent": "body_front",
					"pivot": [0, 0, 4],
					"cubes": [
						{"origin": [-1.5, 4, 4], "size": [3, 4, 8], "uv": [0, 13]},
						{"origin": [0, 2, 6], "size": [0, 2, 6], "uv": [12, 21]}
					]
				},
				{
					"name": "dorsal_back",
					"parent": "body_back",
					"pivot": [0, 5, 4],
					"cubes": [
						{"origin": [0, 7.5, 7], "size": [0, 2, 3], "uv": [0, 0]}
					]
				},
				{
					"name": "tailfin",
					"parent": "body_back",
					"pivot": [0, 0, 12],
					"cubes": [
						{"origin": [0, 2.5, 12], "size": [0, 7, 6], "uv": [14, 7]}
					]
				},
				{
					"name": "dorsal_front",
					"parent": "body_front",
					"pivot": [0, 5, 2],
					"cubes": [
						{"origin": [0, 8.5, -2], "size": [0, 4, 6], "uv": [0, 19]}
					]
				},
				{
					"name": "head",
					"parent": "body_front",
					"pivot": [0, 2.5, -4],
					"cubes": [
						{"origin": [-1.5, 4, -7], "size": [3, 4, 3], "uv": [25, 5]},
						{"origin": [-0.9, 4, -12], "size": [1.8, 2, 6], "pivot": [0.1, 5.75, -12], "rotation": [17.5, 0, 0], "uv": [14, 0]},
						{"origin": [-1, 4, -12], "size": [2, 2, 5], "uv": [17, 20]}
					],
					"locators": {
						"lead": [0, 2.5, -4]
					}
				},
				{
					"name": "leftFin",
					"parent": "body_front",
					"pivot": [1.5, 2, -3],
					"rotation": [0, 0, 35],
					"cubes": [
						{"origin": [-0.50752, 4.86703, -3], "size": [2, 0, 2], "uv": [0, 5]}
					]
				},
				{
					"name": "rightFin",
					"parent": "body_front",
					"pivot": [-1.5, 2, -3],
					"rotation": [0, 0, -35],
					"cubes": [
						{"origin": [-1.49258, 4.86703, -3], "size": [2, 0, 2], "uv": [0, 0]}
					]
				}
			]
		}
	]
}