{
	"format_version": "1.12.0",
	"minecraft:geometry": [
		{
			"description": {
				"identifier": "geometry.mbl_fish.bowfin",
				"texture_width": 64,
				"texture_height": 64,
				"visible_bounds_width": 4,
				"visible_bounds_height": 2,
				"visible_bounds_offset": [0, 1, 0]
			},
			"bones": [
				{
					"name": "body_front",
					"pivot": [0, 0, -4],
					"cubes": [
						{"origin": [-1.5, 3.5, -4], "size": [3, 5, 8], "uv": [0, 13]}
					]
				},
				{
					"name": "body_back",
					"parent": "body_front",
					"pivot": [0, 0, 4],
					"cubes": [
						{"origin": [-1.5, 3.5, 4], "size": [3, 5, 8], "uv": [0, 0]}
					]
				},
				{
					"name": "dorsal_back",
					"parent": "body_back",
					"pivot": [0, 5, 4],
					"cubes": [
						{"origin": [0, 8.5, 4], "size": [0, 3, 7], "uv": [22, 0]},
						{"origin": [0, 0.5, 4], "size": [0, 3, 7], "uv": [12, 19]}
					]
				},
				{
					"name": "tailfin",
					"parent": "body_back",
					"pivot": [0, 0, 12],
					"cubes": [
						{"origin": [0, 1.5, 12], "size": [0, 9, 6], "uv": [0, 20]}
					]
				},
				{
					"name": "dorsal_front",
					"parent": "body_front",
					"pivot": [0, 5, 2],
					"cubes": [
						{"origin": [0, 8.5, -4], "size": [0, 3, 8], "uv": [14, 8]},
						{"origin": [0, 0.5, -4], "size": [0, 3, 8], "uv": [14, 5]}
					]
				},
				{
					"name": "head",
					"parent": "body_front",
					"pivot": [0, 3, -4],
					"cubes": [
						{"origin": [-1, 4, -7], "size": [2, 4, 3], "uv": [14, 0]}
					],
					"locators": {
						"lead": [0, 3, -4]
					}
				},
				{
					"name": "leftFin",
					"parent": "body_front",
					"pivot": [1.5, 1, -4],
					"rotation": [0, 0, 35],
					"cubes": [
						{"origin": [-0.50752, 3.86703, -4], "size": [2, 0, 2], "uv": [0, 2]}
					]
				},
				{
					"name": "rightFin",
					"parent": "body_front",
					"pivot": [-1.5, 1, -4],
					"rotation": [0, 0, -35],
					"cubes": [
						{"origin": [-1.49258, 3.86703, -4], "size": [2, 0, 2], "uv": [0, 0]}
					]
				}
			]
		}
	]
}