{
	"format_version": "1.12.0",
	"minecraft:geometry": [
		{
			"description": {
				"identifier": "geometry.mbl_fish.coelacanth",
				"texture_width": 64,
				"texture_height": 64,
				"visible_bounds_width": 4,
				"visible_bounds_height": 2,
				"visible_bounds_offset": [0, 1, 0]
			},
			"bones": [
				{
					"name": "body_front",
					"pivot": [0, 0, -7],
					"cubes": [
						{"origin": [-2.5, 3.5, -7], "size": [5, 8, 8], "uv": [22, 10]}
					]
				},
				{
					"name": "body_back",
					"parent": "body_front",
					"pivot": [0, 0, 1],
					"cubes": [
						{"origin": [-2.5, 3.5, 1], "size": [5, 8, 10], "uv": [0, 0]}
					]
				},
				{
					"name": "dorsal_back",
					"parent": "body_back",
					"pivot": [0, 11, 1],
					"cubes": [
						{"origin": [-2.5, 4.5, 11], "size": [5, 6, 6], "uv": [20, 30]},
						{"origin": [0, 11.5, 1], "size": [0, 6, 10], "uv": [0, 22]},
						{"origin": [0, -0.5, 1], "size": [0, 4, 10], "uv": [22, 16]}
					]
				},
				{
					"name": "tailfin",
					"parent": "body_back",
					"pivot": [0, 0, 11],
					"cubes": [
						{"origin": [0, 0.5, 11], "size": [0, 14, 11], "uv": [0, 7]}
					]
				},
				{
					"name": "dorsal_front",
					"parent": "body_front",
					"pivot": [0, 11, -1],
					"cubes": [
						{"origin": [0, 11.5, -7], "size": [0, 6, 8], "uv": [0, 30]}
					]
				},
				{
					"name": "head",
					"parent": "body_front",
					"pivot": [0, 3, -7],
					"cubes": [
						{"origin": [-2, 3.5, -10], "size": [4, 7, 3], "uv": [39, 39]},
						{"origin": [-1.5, 4.5, -12], "size": [3, 5, 2], "uv": [0, 0]}
					],
					"locators": {
						"lead": [0, 3, -7]
					}
				},
				{
					"name": "leftFin",
					"parent": "body_front",
					"pivot": [2.5, 3, -7],
					"rotation": [0, 0, 35],
					"cubes": [
						{"origin": [0.49248, 5.86703, -7], "size": [6, 0, 5], "uv": [27, 5]},
						{"origin": [1.49248, 3.86703, -2], "size": [6, 0, 5], "uv": [15, 0]}
					]
				},
				{
					"name": "rightFin",
					"parent": "body_front",
					"pivot": [-2.5, 3, -7],
					"rotation": [0, 0, -35],
					"cubes": [
						{"origin": [-6.49258, 5.86703, -7], "size": [6, 0, 5], "uv": [27, 0]},
						{"origin": [-7.49258, 3.86703, -2], "size": [6, 0, 5], "uv": [15, 5]}
					]
				}
			]
		}
	]
}