{
	"format_version": "1.12.0",
	"minecraft:geometry": [
		{
			"description": {
				"identifier": "geometry.mbl_fish.lionfish",
				"texture_width": 64,
				"texture_height": 64,
				"visible_bounds_width": 4,
				"visible_bounds_height": 2,
				"visible_bounds_offset": [0, 1, 0]
			},
			"bones": [
				{
					"name": "body_front",
					"pivot": [0, 0, -4],
					"cubes": [
						{"origin": [-1.5, 3.5, -4], "size": [3, 5, 6], "uv": [14, 10]}
					]
				},
				{
					"name": "body_back",
					"parent": "body_front",
					"pivot": [0, 0, 2],
					"cubes": [
						{"origin": [-1.5, 4.5, 2], "size": [3, 3, 2], "uv": [26, 6]}
					]
				},
				{
					"name": "tailfin",
					"parent": "body_back",
					"pivot": [0, 6, 4],
					"cubes": [
						{"origin": [0, 1.5, 3], "size": [0, 9, 7], "uv": [0, 9]}
					]
				},
				{
					"name": "dorsal_front",
					"parent": "body_front",
					"pivot": [0, 5, -2],
					"cubes": [
						{"origin": [0, 7.5, -4], "size": [0, 6, 7], "uv": [14, 14]},
						{"origin": [0, -1.5, -4], "size": [0, 5, 7], "uv": [0, 18]}
					]
				},
				{
					"name": "head",
					"parent": "body_front",
					"pivot": [0, 3, -4],
					"cubes": [
						{"origin": [-1.5, 3.5, -6], "size": [3, 4, 2], "uv": [20, 0]},
						{"origin": [-1, 3.5, -7], "size": [2, 2, 1], "uv": [0, 0]}
					],
					"locators": {
						"lead": [0, 3, -4]
					}
				},
				{
					"name": "leftFin",
					"parent": "body_front",
					"pivot": [1.5, 4, -4],
					"rotation": [0, 0, 35],
					"cubes": [
						{"origin": [1.21321, 4.40957, -5], "size": [6, 0, 8], "uv": [0, 8]},
						{"origin": [0.21321, 3.40957, -4], "size": [6, 0, 8], "pivot": [0.72073, -0.45746, 1], "rotation": [0, 0, 20], "uv": [0, 8]},
						{"origin": [1.21321, 4.40957, -5], "size": [6, 0, 8], "pivot": [1.72073, 0.54254, 0], "rotation": [0, 0, -15], "uv": [0, 8]}
					]
				},
				{
					"name": "rightFin",
					"parent": "body_front",
					"pivot": [-1.5, 4, -4],
					"rotation": [0, 0, -35],
					"cubes": [
						{"origin": [-7.21331, 4.40957, -5], "size": [6, 0, 8], "uv": [0, 0]},
						{"origin": [-6.21331, 3.40957, -4], "size": [6, 0, 8], "pivot": [-0.72073, -0.45746, 1], "rotation": [0, 0, -20], "uv": [0, 0]},
						{"origin": [-7.21331, 4.40957, -5], "size": [6, 0, 8], "pivot": [-1.72073, 0.54254, 0], "rotation": [0, 0, 15], "uv": [0, 0]}
					]
				}
			]
		}
	]
}