{
	"format_version": "1.12.0",
	"minecraft:geometry": [
		{
			"description": {
				"identifier": "geometry.mbl_fish.mahi_mahi",
				"texture_width": 64,
				"texture_height": 64,
				"visible_bounds_width": 5,
				"visible_bounds_height": 3,
				"visible_bounds_offset": [0, 0.5, 0]
			},
			"bones": [
				{
					"name": "body_front",
					"pivot": [0, 0, -4],
					"cubes": [
						{"origin": [-1.5, 3.5, -4], "size": [3, 7, 8], "uv": [12, 13]}
					]
				},
				{
					"name": "body_back",
					"parent": "body_front",
					"pivot": [0, 0, 4],
					"cubes": [
						{"origin": [-1.5, 3.5, 8], "size": [3, 5, 7], "uv": [27, 21]},
						{"origin": [-1.5, 3.5, 4], "size": [3, 6, 4], "uv": [0, 0]}
					]
				},
				{
					"name": "dorsal_back",
					"parent": "body_back",
					"pivot": [0, 5, 4],
					"cubes": [
						{"origin": [0, 8.5, 4], "size": [0, 5, 10], "uv": [0, 18]},
						{"origin": [0, 0.5, 4], "size": [0, 3, 10], "uv": [20, 0]}
					]
				},
				{
					"name": "tailfin",
					"parent": "body_back",
					"pivot": [0, 0, 15],
					"cubes": [
						{"origin": [0, 0.5, 15], "size": [0, 11, 10], "uv": [0, 0]}
					]
				},
				{
					"name": "dorsal_front",
					"parent": "body_front",
					"pivot": [0, 5, 2],
					"cubes": [
						{"origin": [0, 10.5, -4], "size": [0, 4, 8], "uv": [0, 25]},
						{"origin": [0, -0.5, -4], "size": [0, 4, 8], "uv": [0, 29]}
					]
				},
				{
					"name": "head",
					"parent": "body_front",
					"pivot": [0, 3, -4],
					"cubes": [
						{"origin": [-1.5, 3.5, -7], "size": [3, 6, 3], "uv": [14, 0]}
					],
					"locators": {
						"lead": [0, 3, -4]
					}
				},
				{
					"name": "leftFin",
					"parent": "body_front",
					"pivot": [1.5, 1, -4],
					"rotation": [0, 0, 35],
					"cubes": [
						{"origin": [-0.50752, 3.86703, -4], "size": [4, 0, 4], "uv": [22, 0]}
					]
				},
				{
					"name": "rightFin",
					"parent": "body_front",
					"pivot": [-1.5, 1, -4],
					"rotation": [0, 0, -35],
					"cubes": [
						{"origin": [-3.49258, 3.86703, -4], "size": [4, 0, 4], "uv": [0, 21]}
					]
				}
			]
		}
	]
}