{
	"format_version": "1.12.0",
	"minecraft:geometry": [
		{
			"description": {
				"identifier": "geometry.mbl_fish.opah",
				"texture_width": 64,
				"texture_height": 64,
				"visible_bounds_width": 4,
				"visible_bounds_height": 2,
				"visible_bounds_offset": [0, 1, 0]
			},
			"bones": [
				{
					"name": "body_front",
					"pivot": [0, 0, -4],
					"cubes": [
						{"origin": [-1.5, 1.5, -4], "size": [3, 14, 8], "uv": [0, 0]}
					]
				},
				{
					"name": "body_back",
					"parent": "body_front",
					"pivot": [0, 0, 4],
					"cubes": [
						{"origin": [-1.5, 1.5, 4], "size": [3, 14, 6], "uv": [16, 16]},
						{"origin": [-1.5, 3.5, 10], "size": [3, 10, 2], "uv": [34, 21]}
					]
				},
				{
					"name": "dorsal_back",
					"parent": "body_back",
					"pivot": [0, 12, 4],
					"cubes": [
						{"origin": [0, 14.5, 4], "size": [0, 7, 7], "uv": [28, 7]},
						{"origin": [0, -1.5, 4], "size": [0, 4, 7], "uv": [16, 29]}
					]
				},
				{
					"name": "tailfin",
					"parent": "body_back",
					"pivot": [0, 0, 12],
					"cubes": [
						{"origin": [0, 1.5, 12], "size": [0, 14, 6], "uv": [0, 16]}
					]
				},
				{
					"name": "dorsal_front",
					"parent": "body_front",
					"pivot": [0, 12, 2],
					"cubes": [
						{"origin": [0, 15.5, -4], "size": [0, 6, 8], "uv": [0, 28]},
						{"origin": [0, -4.5, -4], "size": [0, 6, 8], "uv": [22, 0]}
					]
				},
				{
					"name": "head",
					"parent": "body_front",
					"pivot": [0, 3, -4],
					"cubes": [
						{"origin": [-1.5, 3.5, -6], "size": [3, 10, 2], "uv": [32, 34]},
						{"origin": [-1.5, 5.5, -7], "size": [3, 6, 1], "uv": [0, 0]}
					],
					"locators": {
						"lead": [0, 3, -4]
					}
				},
				{
					"name": "leftFin",
					"parent": "body_front",
					"pivot": [1.5, 4, -2],
					"rotation": [0, 0, 35],
					"cubes": [
						{"origin": [-0.50752, 6.86703, -2], "size": [8, 0, 4], "pivot": [-1, 7, 2], "rotation": [0, 0, -80], "uv": [10, 4]}
					]
				},
				{
					"name": "rightFin",
					"parent": "body_front",
					"pivot": [-1.5, 4, -2],
					"rotation": [0, 0, -35],
					"cubes": [
						{"origin": [-7.49258, 6.86703, -2], "size": [8, 0, 4], "pivot": [1, 7, 2], "rotation": [0, 0, 80], "uv": [10, 0]}
					]
				}
			]
		}
	]
}