{
  "format_version": "1.20.51",
  "minecraft:item": {
    "description": {
      "identifier": "4ks_wp:ruby_mace",
      "menu_category": {
        "category": "equipment",
        "group": "itemGroup.name.sword"
      }
    },
    "components": {
      "minecraft:enchantable": {
        "value": 10,
        "slot": "sword"
      },
      "minecraft:icon": {
        "texture": "4ks_wp:ruby_mace"
      },
      "minecraft:hand_equipped": true,
      "minecraft:display_name": {
        "value": "item.4ks_wp:ruby_mace.name"
      },
      
      "minecraft:use_modifiers": {
        "use_duration": 0.5
      },
      "minecraft:max_stack_size": 1,
      "minecraft:durability": {
        "damage_chance": {
          "min": 100,
          "max": 100
        },
        "max_durability": 1620
      },
      "minecraft:repairable": {
        "repair_items": [
          {
            "items": [
              "4ks_wp:ruby_ingot"
            ],
            "repair_amount": "q.max_durability"
          }
        ]
      }
    }
  }
}