{
  "format_version": "1.20.51",
  "minecraft:item": {
    "description": {
      "identifier": "4ks_wp:glowstone_shovel",
      "menu_category": {
        "category": "equipment",
        "group": "itemGroup.name.shovel"
      }
    },
    "components": {
      "minecraft:digger": {
        "use_efficiency": true,
        "destroy_speeds": [
          {
            "speed": 8,
            "block": {
              "tags": "q.any_tag('dirt','sand','gravel','snow')"
            }
          },
          {
            "speed": 8,
            "block": "minecraft:mud"
          },
          {
            "speed": 8,
            "block": "minecraft:muddy_mangrove_roots"
          },
          {
            "block": "minecraft:clay",
            "speed": 8
          },
          {
            "block": "minecraft:farmland",
            "speed": 8
          },
          {
            "block": "minecraft:dirt_with_roots",
            "speed": 8
          },
          {
            "block": "minecraft:grass_block",
            "speed": 8
          },
          {
            "block": "minecraft:grass_path",
            "speed": 8
          },
          {
            "block": "minecraft:gravel",
            "speed": 8
          },
          {
            "block": "minecraft:suspicious_gravel",
            "speed": 8
          },
          {
            "block": "minecraft:snow",
            "speed": 8
          },
          {
            "block": "minecraft:snow_layer",
            "speed": 8
          },
          {
            "block": "minecraft:powder_snow",
            "speed": 8
          },
          {
            "speed": 8,
            "block": "minecraft:mycelium"
          },
          {
            "speed": 8,
            "block": "minecraft:soul_sand"
          },
          {
            "speed": 8,
            "block": "minecraft:soul_soil"
          },
          {
            "speed": 8,
            "block": "minecraft:black_concrete_powder"
          },
          {
            "speed": 8,
            "block": "minecraft:blue_concrete_powder"
          },
          {
            "speed": 8,
            "block": "minecraft:brown_concrete_powder"
          },
          {
            "speed": 8,
            "block": "minecraft:cyan_concrete_powder"
          },
          {
            "speed": 8,
            "block": "minecraft:gray_concrete_powder"
          },
          {
            "speed": 8,
            "block": "minecraft:green_concrete_powder"
          },
          {
            "speed": 8,
            "block": "minecraft:light_blue_concrete_powder"
          },
          {
            "speed": 8,
            "block": "minecraft:light_gray_concrete_powder"
          },
          {
            "speed": 8,
            "block": "minecraft:lime_concrete_powder"
          },
          {
            "speed": 8,
            "block": "minecraft:magenta_concrete_powder"
          },
          {
            "speed": 8,
            "block": "minecraft:orange_concrete_powder"
          },
          {
            "speed": 8,
            "block": "minecraft:pink_concrete_powder"
          },
          {
            "speed": 8,
            "block": "minecraft:purple_concrete_powder"
          },
          {
            "speed": 8,
            "block": "minecraft:red_concrete_powder"
          },
          {
            "speed": 8,
            "block": "minecraft:white_concrete_powder"
          },
          {
            "speed": 8,
            "block": "minecraft:yellow_concrete_powder"
          }
        ]
      },
      "minecraft:enchantable": {
        "value": 10,
        "slot": "shovel"
      },
      "minecraft:icon": {
        "texture": "4ks_wp:glowstone_shovel"
      },
      "minecraft:hand_equipped": true,
      "minecraft:display_name": {
        "value": "item.4ks_wp:glowstone_shovel.name"
      },
      "minecraft:max_stack_size": 1,
      "minecraft:durability": {
        "damage_chance": {
          "min": 100,
          "max": 100
        },
        "max_durability": 132
      },
      "minecraft:repairable": {
        "repair_items": [
          {
            "items": [
              "minecraft:glowstone_dust"
            ],
            "repair_amount": "q.max_durability"
          }
        ]
      }
    }
  }
}