{
	"format_version": "1.10.0",
	"particle_effect": {
		"description": {
			"identifier": "xp_furniture:birch_leaves.dynamic",
			"basic_render_parameters": {
				"material": "particles_blend",
				"texture": "textures/xp/fpack/particle/xp_sprite"
			}
		},
		"curves": {
			"variable.color": {
				"type": "linear",
				"input": "v.particle_age",
				"horizontal_range": "v.particle_lifetime",
				"nodes": [0, 1]
			}
		},
		"components": {
			"minecraft:emitter_rate_steady": {
				"spawn_rate": 1.35,
				"max_particles": 10
			},
			"minecraft:emitter_lifetime_once": {
				"active_time": 5
			},
			"minecraft:emitter_shape_box": {
				"half_dimensions": [1, 1, 1],
				"direction": "outwards"
			},
			"minecraft:particle_lifetime_expression": {
				"max_lifetime": "math.random(8,10)"
			},
			"minecraft:particle_initial_spin": {
				"rotation": "v.particle_random_1 * 360",
				"rotation_rate": "math.random(20, 200)"
			},
			"minecraft:particle_initial_speed": "math.random(0.1, 0.2)",
			"minecraft:particle_motion_dynamic": {
				"linear_acceleration": ["math.random(-0.5, 0.5)+1", "-math.random(2,4)", "math.random(-0.5, 0.5)"],
				"linear_drag_coefficient": 3,
				"rotation_acceleration": 20,
				"rotation_drag_coefficient": 0.9
			},
			"minecraft:particle_appearance_billboard": {
				"size": [0.2, 0.2],
				"facing_camera_mode": "rotate_xyz",
				"uv": {
					"texture_width": 256,
					"texture_height": 256,
					"uv": ["88 + Math.floor(v.particle_random_4*4)*8", 40],
					"uv_size": [8, 8]
				}
			},
			"minecraft:particle_motion_collision": {
				"collision_drag": 1,
				"collision_radius": 0.1
			},
			"minecraft:particle_appearance_lighting": {},
			"minecraft:particle_appearance_tinting": {
				"color": {
					"interpolant": "variable.color",
					"gradient": {
						"0.77": "#ffffffff",
						"1.0": "#00FFFFFF"
					}
				}
			}
		}
	}
}