{
	"texture_data": {
		"casting_net": {
			"textures": "textures/mobblocks/fish/items/casting_net.png"
		},
		// Large Mouth Bass --------------------------------------------------------------
		"large_mouth_bass_co": {
			"textures": "textures/mobblocks/fish/items/large_mouth_bass_co.png"
		},
		"large_mouth_bass": {
			"textures": "textures/mobblocks/fish/items/large_mouth_bass.png"
		},
		"large_mouth_bass_bo": {
			"textures": "textures/mobblocks/fish/items/large_mouth_bass_bo.png"
		},
		// Black Crappie ------------------------------------------------------------------
		"black_crappie_co": {
			"textures": "textures/mobblocks/fish/items/black_crappie_co.png"
		},
		"black_crappie": {
			"textures": "textures/mobblocks/fish/items/black_crappie.png"
		},
		"black_crappie_bo": {
			"textures": "textures/mobblocks/fish/items/black_crappie_bo.png"
		},
		// Extras -------------------------------------------------------------------------
		"custom_fish_1": {
			"textures": "textures/mobblocks/fish/items/custom_fish_2.png"
		},
		// alligator_gar ------------------------------------------------------------------
		"alligator_gar_co": {
			"textures": "textures/mobblocks/fish/items/alligator_gar_co.png"
		},
		"alligator_gar": {
			"textures": "textures/mobblocks/fish/items/alligator_gar.png"
		},
		"alligator_gar_bo": {
			"textures": "textures/mobblocks/fish/items/alligator_gar_bo.png"
		},
		// anchovy ------------------------------------------------------------------
		"anchovy_co": {
			"textures": "textures/mobblocks/fish/items/anchovy_co.png"
		},
		"anchovy": {
			"textures": "textures/mobblocks/fish/items/anchovy.png"
		},
		"anchovy_bo": {
			"textures": "textures/mobblocks/fish/items/anchovy_bo.png"
		},
		// arctic_char ------------------------------------------------------------------
		"arctic_char_co": {
			"textures": "textures/mobblocks/fish/items/arctic_char_co.png"
		},
		"arctic_char": {
			"textures": "textures/mobblocks/fish/items/arctic_char.png"
		},
		"arctic_char_bo": {
			"textures": "textures/mobblocks/fish/items/arctic_char_bo.png"
		},
		// barracuda ------------------------------------------------------------------
		"barracuda_co": {
			"textures": "textures/mobblocks/fish/items/barracuda_co.png"
		},
		"barracuda": {
			"textures": "textures/mobblocks/fish/items/barracuda.png"
		},
		"barracuda_bo": {
			"textures": "textures/mobblocks/fish/items/barracuda_bo.png"
		},
		// barramundi ------------------------------------------------------------------
		"barramundi_co": {
			"textures": "textures/mobblocks/fish/items/barramundi_co.png"
		},
		"barramundi": {
			"textures": "textures/mobblocks/fish/items/barramundi.png"
		},
		"barramundi_bo": {
			"textures": "textures/mobblocks/fish/items/barramundi_bo.png"
		},
		// blue_marlin ------------------------------------------------------------------
		"blue_marlin_co": {
			"textures": "textures/mobblocks/fish/items/blue_marlin_co.png"
		},
		"blue_marlin": {
			"textures": "textures/mobblocks/fish/items/blue_marlin.png"
		},
		"blue_marlin_bo": {
			"textures": "textures/mobblocks/fish/items/blue_marlin_bo.png"
		},
		// bluefin_tuna ------------------------------------------------------------------
		"bluefin_tuna_co": {
			"textures": "textures/mobblocks/fish/items/bluefin_tuna_co.png"
		},
		"bluefin_tuna": {
			"textures": "textures/mobblocks/fish/items/bluefin_tuna.png"
		},
		"bluefin_tuna_bo": {
			"textures": "textures/mobblocks/fish/items/bluefin_tuna_bo.png"
		},
		// bluegill ------------------------------------------------------------------
		"bluegill_co": {
			"textures": "textures/mobblocks/fish/items/bluegill_co.png"
		},
		"bluegill": {
			"textures": "textures/mobblocks/fish/items/bluegill.png"
		},
		"bluegill_bo": {
			"textures": "textures/mobblocks/fish/items/bluegill_bo.png"
		},
		// bowfin ------------------------------------------------------------------
		"bowfin_co": {
			"textures": "textures/mobblocks/fish/items/bowfin_co.png"
		},
		"bowfin": {
			"textures": "textures/mobblocks/fish/items/bowfin.png"
		},
		"bowfin_bo": {
			"textures": "textures/mobblocks/fish/items/bowfin_bo.png"
		},
		// bream ------------------------------------------------------------------
		"bream_co": {
			"textures": "textures/mobblocks/fish/items/bream_co.png"
		},
		"bream": {
			"textures": "textures/mobblocks/fish/items/bream.png"
		},
		"bream_bo": {
			"textures": "textures/mobblocks/fish/items/bream_bo.png"
		},
		// brown_trout ------------------------------------------------------------------
		"brown_trout_co": {
			"textures": "textures/mobblocks/fish/items/brown_trout_co.png"
		},
		"brown_trout": {
			"textures": "textures/mobblocks/fish/items/brown_trout.png"
		},
		"brown_trout_bo": {
			"textures": "textures/mobblocks/fish/items/brown_trout_bo.png"
		},
		// burbot ------------------------------------------------------------------
		"burbot_co": {
			"textures": "textures/mobblocks/fish/items/burbot_co.png"
		},
		"burbot": {
			"textures": "textures/mobblocks/fish/items/burbot.png"
		},
		"burbot_bo": {
			"textures": "textures/mobblocks/fish/items/burbot_bo.png"
		},
		// channel_catfish ------------------------------------------------------------------
		"channel_catfish_co": {
			"textures": "textures/mobblocks/fish/items/channel_catfish_co.png"
		},
		"channel_catfish": {
			"textures": "textures/mobblocks/fish/items/channel_catfish.png"
		},
		"channel_catfish_bo": {
			"textures": "textures/mobblocks/fish/items/channel_catfish_bo.png"
		},
		// chub ------------------------------------------------------------------
		"chub_co": {
			"textures": "textures/mobblocks/fish/items/chub_co.png"
		},
		"chub": {
			"textures": "textures/mobblocks/fish/items/chub.png"
		},
		"chub_bo": {
			"textures": "textures/mobblocks/fish/items/chub_bo.png"
		},
		// cobia ------------------------------------------------------------------
		"cobia_co": {
			"textures": "textures/mobblocks/fish/items/cobia_co.png"
		},
		"cobia": {
			"textures": "textures/mobblocks/fish/items/cobia.png"
		},
		"cobia_bo": {
			"textures": "textures/mobblocks/fish/items/cobia_bo.png"
		},
		// coelacanth ------------------------------------------------------------------
		"coelacanth_co": {
			"textures": "textures/mobblocks/fish/items/coelacanth_co.png"
		},
		"coelacanth": {
			"textures": "textures/mobblocks/fish/items/coelacanth.png"
		},
		"coelacanth_bo": {
			"textures": "textures/mobblocks/fish/items/coelacanth_bo.png"
		},
		// common_carp ------------------------------------------------------------------
		"common_carp_co": {
			"textures": "textures/mobblocks/fish/items/common_carp_co.png"
		},
		"common_carp": {
			"textures": "textures/mobblocks/fish/items/common_carp.png"
		},
		"common_carp_bo": {
			"textures": "textures/mobblocks/fish/items/common_carp_bo.png"
		},
		// common_molly ------------------------------------------------------------------

		"common_molly": {
			"textures": "textures/mobblocks/fish/items/common_molly.png"
		},
		"common_molly_bo": {
			"textures": "textures/mobblocks/fish/items/common_molly_bo.png"
		},
		// croaker ------------------------------------------------------------------
		"croaker_co": {
			"textures": "textures/mobblocks/fish/items/croaker_co.png"
		},
		"croaker": {
			"textures": "textures/mobblocks/fish/items/croaker.png"
		},
		"croaker_bo": {
			"textures": "textures/mobblocks/fish/items/croaker_bo.png"
		},
		// crucian_carp ------------------------------------------------------------------
		"crucian_carp_co": {
			"textures": "textures/mobblocks/fish/items/crucian_carp_co.png"
		},
		"crucian_carp": {
			"textures": "textures/mobblocks/fish/items/crucian_carp.png"
		},
		"crucian_carp_bo": {
			"textures": "textures/mobblocks/fish/items/crucian_carp_bo.png"
		},
		// mahi_mahi ------------------------------------------------------------------
		"mahi_mahi_co": {
			"textures": "textures/mobblocks/fish/items/mahi_mahi_co.png"
		},
		"mahi_mahi": {
			"textures": "textures/mobblocks/fish/items/mahi_mahi.png"
		},
		"mahi_mahi_bo": {
			"textures": "textures/mobblocks/fish/items/mahi_mahi_bo.png"
		},
		// eel ------------------------------------------------------------------
		"eel_co": {
			"textures": "textures/mobblocks/fish/items/eel_co.png"
		},
		"eel": {
			"textures": "textures/mobblocks/fish/items/eel.png"
		},
		"eel_bo": {
			"textures": "textures/mobblocks/fish/items/eel_bo.png"
		},
		// escolar ------------------------------------------------------------------
		"escolar_co": {
			"textures": "textures/mobblocks/fish/items/escolar_co.png"
		},
		"escolar": {
			"textures": "textures/mobblocks/fish/items/escolar.png"
		},
		"escolar_bo": {
			"textures": "textures/mobblocks/fish/items/escolar_bo.png"
		},
		// goby ------------------------------------------------------------------
		"goby_co": {
			"textures": "textures/mobblocks/fish/items/goby_co.png"
		},
		"goby": {
			"textures": "textures/mobblocks/fish/items/goby.png"
		},
		"goby_bo": {
			"textures": "textures/mobblocks/fish/items/goby_bo.png"
		},
		// goldfish ------------------------------------------------------------------

		"goldfish": {
			"textures": "textures/mobblocks/fish/items/goldfish.png"
		},
		"goldfish_bo": {
			"textures": "textures/mobblocks/fish/items/goldfish_bo.png"
		},
		// grass_carp ------------------------------------------------------------------
		"grass_carp_co": {
			"textures": "textures/mobblocks/fish/items/grass_carp_co.png"
		},
		"grass_carp": {
			"textures": "textures/mobblocks/fish/items/grass_carp.png"
		},
		"grass_carp_bo": {
			"textures": "textures/mobblocks/fish/items/grass_carp_bo.png"
		},
		// grayling ------------------------------------------------------------------
		"grayling_co": {
			"textures": "textures/mobblocks/fish/items/grayling_co.png"
		},
		"grayling": {
			"textures": "textures/mobblocks/fish/items/grayling.png"
		},
		"grayling_bo": {
			"textures": "textures/mobblocks/fish/items/grayling_bo.png"
		},
		// grouper ------------------------------------------------------------------
		"grouper_co": {
			"textures": "textures/mobblocks/fish/items/grouper_co.png"
		},
		"grouper": {
			"textures": "textures/mobblocks/fish/items/grouper.png"
		},
		"grouper_bo": {
			"textures": "textures/mobblocks/fish/items/grouper_bo.png"
		},
		// gudgeon ------------------------------------------------------------------

		"gudgeon": {
			"textures": "textures/mobblocks/fish/items/gudgeon.png"
		},
		"gudgeon_bo": {
			"textures": "textures/mobblocks/fish/items/gudgeon_bo.png"
		},
		// guppy ------------------------------------------------------------------

		"guppy": {
			"textures": "textures/mobblocks/fish/items/guppy.png"
		},
		"guppy_bo": {
			"textures": "textures/mobblocks/fish/items/guppy_bo.png"
		},
		// haddock ------------------------------------------------------------------
		"haddock_co": {
			"textures": "textures/mobblocks/fish/items/haddock_co.png"
		},
		"haddock": {
			"textures": "textures/mobblocks/fish/items/haddock.png"
		},
		"haddock_bo": {
			"textures": "textures/mobblocks/fish/items/haddock_bo.png"
		},
		// halibut ------------------------------------------------------------------
		"halibut_co": {
			"textures": "textures/mobblocks/fish/items/halibut_co.png"
		},
		"halibut": {
			"textures": "textures/mobblocks/fish/items/halibut.png"
		},
		"halibut_bo": {
			"textures": "textures/mobblocks/fish/items/halibut_bo.png"
		},
		// herring ------------------------------------------------------------------
		"herring_co": {
			"textures": "textures/mobblocks/fish/items/herring_co.png"
		},
		"herring": {
			"textures": "textures/mobblocks/fish/items/herring.png"
		},
		"herring_bo": {
			"textures": "textures/mobblocks/fish/items/herring_bo.png"
		},
		// lingcod ------------------------------------------------------------------
		"lingcod_co": {
			"textures": "textures/mobblocks/fish/items/lingcod_co.png"
		},
		"lingcod": {
			"textures": "textures/mobblocks/fish/items/lingcod.png"
		},
		"lingcod_bo": {
			"textures": "textures/mobblocks/fish/items/lingcod_bo.png"
		},
		// lionfish ------------------------------------------------------------------

		"lionfish": {
			"textures": "textures/mobblocks/fish/items/lionfish.png"
		},
		"lionfish_bo": {
			"textures": "textures/mobblocks/fish/items/lionfish_bo.png"
		},
		// mackerel ------------------------------------------------------------------
		"mackerel_co": {
			"textures": "textures/mobblocks/fish/items/mackerel_co.png"
		},
		"mackerel": {
			"textures": "textures/mobblocks/fish/items/mackerel.png"
		},
		"mackerel_bo": {
			"textures": "textures/mobblocks/fish/items/mackerel_bo.png"
		},
		// milkfish ------------------------------------------------------------------
		"milkfish_co": {
			"textures": "textures/mobblocks/fish/items/milkfish_co.png"
		},
		"milkfish": {
			"textures": "textures/mobblocks/fish/items/milkfish.png"
		},
		"milkfish_bo": {
			"textures": "textures/mobblocks/fish/items/milkfish_bo.png"
		},
		// minnow ------------------------------------------------------------------

		"minnow": {
			"textures": "textures/mobblocks/fish/items/minnow.png"
		},
		"minnow_bo": {
			"textures": "textures/mobblocks/fish/items/minnow_bo.png"
		},
		// monkfish ------------------------------------------------------------------
		"monkfish_co": {
			"textures": "textures/mobblocks/fish/items/monkfish_co.png"
		},
		"monkfish": {
			"textures": "textures/mobblocks/fish/items/monkfish.png"
		},
		"monkfish_bo": {
			"textures": "textures/mobblocks/fish/items/monkfish_bo.png"
		},
		// nile_perch ------------------------------------------------------------------
		"nile_perch_co": {
			"textures": "textures/mobblocks/fish/items/nile_perch_co.png"
		},
		"nile_perch": {
			"textures": "textures/mobblocks/fish/items/nile_perch.png"
		},
		"nile_perch_bo": {
			"textures": "textures/mobblocks/fish/items/nile_perch_bo.png"
		},
		// northern_pike ------------------------------------------------------------------
		"northern_pike_co": {
			"textures": "textures/mobblocks/fish/items/northern_pike_co.png"
		},
		"northern_pike": {
			"textures": "textures/mobblocks/fish/items/northern_pike.png"
		},
		"northern_pike_bo": {
			"textures": "textures/mobblocks/fish/items/northern_pike_bo.png"
		},
		// opah ------------------------------------------------------------------
		"opah_co": {
			"textures": "textures/mobblocks/fish/items/opah_co.png"
		},
		"opah": {
			"textures": "textures/mobblocks/fish/items/opah.png"
		},
		"opah_bo": {
			"textures": "textures/mobblocks/fish/items/opah_bo.png"
		},
		// oscar ------------------------------------------------------------------
		"oscar_co": {
			"textures": "textures/mobblocks/fish/items/oscar_co.png"
		},
		"oscar": {
			"textures": "textures/mobblocks/fish/items/oscar.png"
		},
		"oscar_bo": {
			"textures": "textures/mobblocks/fish/items/oscar_bo.png"
		},
		// patagonian_toothfish ------------------------------------------------------------------
		"patagonian_toothfish_co": {
			"textures": "textures/mobblocks/fish/items/patagonian_toothfish_co.png"
		},
		"patagonian_toothfish": {
			"textures": "textures/mobblocks/fish/items/patagonian_toothfish.png"
		},
		"patagonian_toothfish_bo": {
			"textures": "textures/mobblocks/fish/items/patagonian_toothfish_bo.png"
		},
		// perch ------------------------------------------------------------------
		"perch_co": {
			"textures": "textures/mobblocks/fish/items/perch_co.png"
		},
		"perch": {
			"textures": "textures/mobblocks/fish/items/perch.png"
		},
		"perch_bo": {
			"textures": "textures/mobblocks/fish/items/perch_bo.png"
		},
		// piranha ------------------------------------------------------------------
		"piranha_co": {
			"textures": "textures/mobblocks/fish/items/piranha_co.png"
		},
		"piranha": {
			"textures": "textures/mobblocks/fish/items/piranha.png"
		},
		"piranha_bo": {
			"textures": "textures/mobblocks/fish/items/piranha_bo.png"
		},
		// pollock ------------------------------------------------------------------
		"pollock_co": {
			"textures": "textures/mobblocks/fish/items/pollock_co.png"
		},
		"pollock": {
			"textures": "textures/mobblocks/fish/items/pollock.png"
		},
		"pollock_bo": {
			"textures": "textures/mobblocks/fish/items/pollock_bo.png"
		},
		// pompano ------------------------------------------------------------------
		"pompano_co": {
			"textures": "textures/mobblocks/fish/items/pompano_co.png"
		},
		"pompano": {
			"textures": "textures/mobblocks/fish/items/pompano.png"
		},
		"pompano_bo": {
			"textures": "textures/mobblocks/fish/items/pompano_bo.png"
		},
		// pumkinseed ------------------------------------------------------------------
		"pumkinseed_co": {
			"textures": "textures/mobblocks/fish/items/pumkinseed_co.png"
		},
		"pumkinseed": {
			"textures": "textures/mobblocks/fish/items/pumkinseed.png"
		},
		"pumkinseed_bo": {
			"textures": "textures/mobblocks/fish/items/pumkinseed_bo.png"
		},
		// rainbow_trout ------------------------------------------------------------------
		"rainbow_trout_co": {
			"textures": "textures/mobblocks/fish/items/rainbow_trout_co.png"
		},
		"rainbow_trout": {
			"textures": "textures/mobblocks/fish/items/rainbow_trout.png"
		},
		"rainbow_trout_bo": {
			"textures": "textures/mobblocks/fish/items/rainbow_trout_bo.png"
		},
		// red_drum ------------------------------------------------------------------
		"red_drum_co": {
			"textures": "textures/mobblocks/fish/items/red_drum_co.png"
		},
		"red_drum": {
			"textures": "textures/mobblocks/fish/items/red_drum.png"
		},
		"red_drum_bo": {
			"textures": "textures/mobblocks/fish/items/red_drum_bo.png"
		},
		// red_snapper ------------------------------------------------------------------
		"red_snapper_co": {
			"textures": "textures/mobblocks/fish/items/red_snapper_co.png"
		},
		"red_snapper": {
			"textures": "textures/mobblocks/fish/items/red_snapper.png"
		},
		"red_snapper_bo": {
			"textures": "textures/mobblocks/fish/items/red_snapper_bo.png"
		},
		// roach ------------------------------------------------------------------
		"roach_co": {
			"textures": "textures/mobblocks/fish/items/roach_co.png"
		},
		"roach": {
			"textures": "textures/mobblocks/fish/items/roach.png"
		},
		"roach_bo": {
			"textures": "textures/mobblocks/fish/items/roach_bo.png"
		},
		// roosterfish ------------------------------------------------------------------
		"roosterfish_co": {
			"textures": "textures/mobblocks/fish/items/roosterfish_co.png"
		},
		"roosterfish": {
			"textures": "textures/mobblocks/fish/items/roosterfish.png"
		},
		"roosterfish_bo": {
			"textures": "textures/mobblocks/fish/items/roosterfish_bo.png"
		},
		// rudd ------------------------------------------------------------------
		"rudd_co": {
			"textures": "textures/mobblocks/fish/items/rudd_co.png"
		},
		"rudd": {
			"textures": "textures/mobblocks/fish/items/rudd.png"
		},
		"rudd_bo": {
			"textures": "textures/mobblocks/fish/items/rudd_bo.png"
		},
		// sailfish ------------------------------------------------------------------
		"sailfish_co": {
			"textures": "textures/mobblocks/fish/items/sailfish_co.png"
		},
		"sailfish": {
			"textures": "textures/mobblocks/fish/items/sailfish.png"
		},
		"sailfish_bo": {
			"textures": "textures/mobblocks/fish/items/sailfish_bo.png"
		},
		// sardine ------------------------------------------------------------------
		"sardine_co": {
			"textures": "textures/mobblocks/fish/items/sardine_co.png"
		},
		"sardine": {
			"textures": "textures/mobblocks/fish/items/sardine.png"
		},
		"sardine_bo": {
			"textures": "textures/mobblocks/fish/items/sardine_bo.png"
		},
		// sea_bass ------------------------------------------------------------------
		"sea_bass_co": {
			"textures": "textures/mobblocks/fish/items/sea_bass_co.png"
		},
		"sea_bass": {
			"textures": "textures/mobblocks/fish/items/sea_bass.png"
		},
		"sea_bass_bo": {
			"textures": "textures/mobblocks/fish/items/sea_bass_bo.png"
		},
		// skipjack_tuna ------------------------------------------------------------------
		"skipjack_tuna_co": {
			"textures": "textures/mobblocks/fish/items/skipjack_tuna_co.png"
		},
		"skipjack_tuna": {
			"textures": "textures/mobblocks/fish/items/skipjack_tuna.png"
		},
		"skipjack_tuna_bo": {
			"textures": "textures/mobblocks/fish/items/skipjack_tuna_bo.png"
		},
		// snapper ------------------------------------------------------------------
		"snapper_co": {
			"textures": "textures/mobblocks/fish/items/snapper_co.png"
		},
		"snapper": {
			"textures": "textures/mobblocks/fish/items/snapper.png"
		},
		"snapper_bo": {
			"textures": "textures/mobblocks/fish/items/snapper_bo.png"
		},
		// stickleback ------------------------------------------------------------------

		"stickleback": {
			"textures": "textures/mobblocks/fish/items/stickleback.png"
		},
		"stickleback_bo": {
			"textures": "textures/mobblocks/fish/items/stickleback_bo.png"
		},
		// striped_bass ------------------------------------------------------------------
		"striped_bass_co": {
			"textures": "textures/mobblocks/fish/items/striped_bass_co.png"
		},
		"striped_bass": {
			"textures": "textures/mobblocks/fish/items/striped_bass.png"
		},
		"striped_bass_bo": {
			"textures": "textures/mobblocks/fish/items/striped_bass_bo.png"
		},
		// sturgeon ------------------------------------------------------------------
		"sturgeon_co": {
			"textures": "textures/mobblocks/fish/items/sturgeon_co.png"
		},
		"sturgeon": {
			"textures": "textures/mobblocks/fish/items/sturgeon.png"
		},
		"sturgeon_bo": {
			"textures": "textures/mobblocks/fish/items/sturgeon_bo.png"
		},
		// swordfish ------------------------------------------------------------------
		"swordfish_co": {
			"textures": "textures/mobblocks/fish/items/swordfish_co.png"
		},
		"swordfish": {
			"textures": "textures/mobblocks/fish/items/swordfish.png"
		},
		"swordfish_bo": {
			"textures": "textures/mobblocks/fish/items/swordfish_bo.png"
		},
		// tarpon ------------------------------------------------------------------
		"tarpon_co": {
			"textures": "textures/mobblocks/fish/items/tarpon_co.png"
		},
		"tarpon": {
			"textures": "textures/mobblocks/fish/items/tarpon.png"
		},
		"tarpon_bo": {
			"textures": "textures/mobblocks/fish/items/tarpon_bo.png"
		},
		// tench ------------------------------------------------------------------
		"tench_co": {
			"textures": "textures/mobblocks/fish/items/tench_co.png"
		},
		"tench": {
			"textures": "textures/mobblocks/fish/items/tench.png"
		},
		"tench_bo": {
			"textures": "textures/mobblocks/fish/items/tench_bo.png"
		},
		// tilapia ------------------------------------------------------------------
		"tilapia_co": {
			"textures": "textures/mobblocks/fish/items/tilapia_co.png"
		},
		"tilapia": {
			"textures": "textures/mobblocks/fish/items/tilapia.png"
		},
		"tilapia_bo": {
			"textures": "textures/mobblocks/fish/items/tilapia_bo.png"
		},
		// tilefish ------------------------------------------------------------------
		"tilefish_co": {
			"textures": "textures/mobblocks/fish/items/tilefish_co.png"
		},
		"tilefish": {
			"textures": "textures/mobblocks/fish/items/tilefish.png"
		},
		"tilefish_bo": {
			"textures": "textures/mobblocks/fish/items/tilefish_bo.png"
		},
		// wahoo ------------------------------------------------------------------
		"wahoo_co": {
			"textures": "textures/mobblocks/fish/items/wahoo_co.png"
		},
		"wahoo": {
			"textures": "textures/mobblocks/fish/items/wahoo.png"
		},
		"wahoo_bo": {
			"textures": "textures/mobblocks/fish/items/wahoo_bo.png"
		},
		// walleye ------------------------------------------------------------------
		"walleye_co": {
			"textures": "textures/mobblocks/fish/items/walleye_co.png"
		},
		"walleye": {
			"textures": "textures/mobblocks/fish/items/walleye.png"
		},
		"walleye_bo": {
			"textures": "textures/mobblocks/fish/items/walleye_bo.png"
		},
		// white_bass ------------------------------------------------------------------
		"white_bass_co": {
			"textures": "textures/mobblocks/fish/items/white_bass_co.png"
		},
		"white_bass": {
			"textures": "textures/mobblocks/fish/items/white_bass.png"
		},
		"white_bass_bo": {
			"textures": "textures/mobblocks/fish/items/white_bass_bo.png"
		},
		// whitefish ------------------------------------------------------------------
		"whitefish_co": {
			"textures": "textures/mobblocks/fish/items/whitefish_co.png"
		},
		"whitefish": {
			"textures": "textures/mobblocks/fish/items/whitefish.png"
		},
		"whitefish_bo": {
			"textures": "textures/mobblocks/fish/items/whitefish_bo.png"
		},
		// yellowfin_tuna ------------------------------------------------------------------
		"yellowfin_tuna_co": {
			"textures": "textures/mobblocks/fish/items/yellowfin_tuna_co.png"
		},
		"yellowfin_tuna": {
			"textures": "textures/mobblocks/fish/items/yellowfin_tuna.png"
		},
		"yellowfin_tuna_bo": {
			"textures": "textures/mobblocks/fish/items/yellowfin_tuna_bo.png"
		},
		// zander ------------------------------------------------------------------
		"zander_co": {
			"textures": "textures/mobblocks/fish/items/zander_co.png"
		},
		"zander": {
			"textures": "textures/mobblocks/fish/items/zander.png"
		},
		"zander_bo": {
			"textures": "textures/mobblocks/fish/items/zander_bo.png"
		},
		"mbl_fish_exp_book": {
			"textures": "textures/mobblocks/fish/items/explainer_book.png"
		}
	}
}