{
  "format_version": "1.20.50",

  "minecraft:block": {
    "description": {
      "identifier": "xp_furniture:haystack_pitchfork",
      "menu_category": {
        "category": "construction"
      },
      "states": {
        "xp_furniture:is_placed": [0, 1],
        "xp_furniture:direction": [0, 1, 2, 3],
        "xp_furniture:top_piece_bit": [0, 1]
      }
    },

    "components": {
      "minecraft:map_color": "#C1A137",
      "minecraft:destructible_by_mining": {
        "seconds_to_destroy": 0.4
      },
      "minecraft:destructible_by_explosion": { "explosion_resistance": 10 }
    },
    "permutations": [
      // Inventory Model
      {
        "condition": "!query.block_state('xp_furniture:is_placed')",
        "components": {
          "minecraft:destructible_by_mining": {
            "seconds_to_destroy": 0.4
          },
          "minecraft:geometry": "geometry.xp_furniture.haystack_pitchfork_icon",
          "minecraft:placement_filter": {
            "conditions": [
              { "allowed_faces": ["all"], "block_filter": ["air"] }
            ]
          },
          "minecraft:material_instances": {
            "*": {
              "render_method": "alpha_test",
              "texture": "xp_furniture:haystack_pitchfork"
            }
          }
        }
      },

      // Parts //
      {
        "condition": "query.block_state('xp_furniture:top_piece_bit') == 0 && query.block_state('xp_furniture:is_placed')",
        "components": {
          "minecraft:destructible_by_mining": {
            "seconds_to_destroy": 0.4
          },
          "minecraft:geometry": "geometry.xp_furniture.haystack_pitchfork_bottom",
          "minecraft:material_instances": {
            "*": {
              "render_method": "alpha_test",
              "texture": "xp_furniture:haystack_pitchfork"
            }
          },
          "minecraft:selection_box": true,
          "minecraft:collision_box": true
        }
      },
      {
        "condition": "query.block_state('xp_furniture:top_piece_bit') == 1 && query.block_state('xp_furniture:is_placed')",
        "components": {
          "minecraft:destructible_by_mining": {
            "seconds_to_destroy": 0.4
          },
          "minecraft:geometry": "geometry.xp_furniture.haystack_pitchfork_top",
          "minecraft:material_instances": {
            "*": {
              "render_method": "alpha_test",
              "texture": "xp_furniture:haystack_pitchfork"
            }
          },
          "minecraft:selection_box": {
            "origin": [-4, 0, -4],
            "size": [8, 16, 8]
          },
          "minecraft:collision_box": false
        }
      },

      // Directions //
      {
        "condition": "query.block_state('xp_furniture:direction') == 1",
        "components": {
          "minecraft:destructible_by_mining": {
            "seconds_to_destroy": 0.4
          },
          "minecraft:transformation": {
            "rotation": [0, 270, 0]
          }
        }
      },
      {
        "condition": "query.block_state('xp_furniture:direction') == 2",
        "components": {
          "minecraft:destructible_by_mining": {
            "seconds_to_destroy": 0.4
          },
          "minecraft:transformation": {
            "rotation": [0, 180, 0]
          }
        }
      },
      {
        "condition": "query.block_state('xp_furniture:direction') == 3",
        "components": {
          "minecraft:destructible_by_mining": {
            "seconds_to_destroy": 0.4
          },
          "minecraft:transformation": {
            "rotation": [0, 90, 0]
          }
        }
      }
    ]
  }
}
