{
	"format_version": "1.10.0",
	"particle_effect": {
		"description": {
			"identifier": "xp_furniture:cauldron.bubbles",
			"basic_render_parameters": {
				"material": "particles_blend",
				"texture": "textures/xp/fpack/particle/xp_sprite"
			}
		},
		"curves": {
			"variable.life": {
				"type": "bezier_chain",
				"input": "v.particle_age",
				"nodes": {
					"0.0": {
						"value": 0,
						"slope": 0
					},
					"0.1": {
						"value": 0,
						"slope": 0
					},
					"0.74": {
						"value": 4,
						"slope": 0
					},
					"0.99": {
						"value": -8,
						"slope": 0
					}
				}
			}
		},
		"events": {
			"burst": {
				"particle_effect": {
					"effect": "xp_furniture:cauldron.bubble.burst",
					"type": "emitter"
				}
			}
		},
		"components": {
			"minecraft:emitter_rate_steady": {
				"spawn_rate": 8,
				"max_particles": 25
			},
			"minecraft:emitter_lifetime_once": {
				"active_time": 1
			},
			"minecraft:emitter_shape_box": {
				"offset": [0, -0.125, 0],
				"half_dimensions": [0.375, 0.025, 0.375],
				"direction": "outwards"
			},
			"minecraft:particle_lifetime_expression": {
				"max_lifetime": 0.5
			},
			"minecraft:particle_lifetime_events": {
				"expiration_event": "burst",
				"timeline": {
					"0.01": "start"
				}
			},
			"minecraft:particle_initial_speed": "Math.random(0, 0.1)",
			"minecraft:particle_motion_dynamic": {
				"linear_acceleration": ["Math.random(1,-1)", "-variable.life*2", "Math.random(1,-1)"],
				"linear_drag_coefficient": 5
			},
			"minecraft:particle_appearance_billboard": {
				"size": [0.075, 0.075],
				"facing_camera_mode": "lookat_xyz",
				"uv": {
					"texture_width": 256,
					"texture_height": 256,
					"flipbook": {
						"base_UV": [0, 0],
						"size_UV": [9, 9],
						"step_UV": [9, 0],
						"frames_per_second": 11,
						"max_frame": 13,
						"stretch_to_lifetime": true
					}
				}
			},
			"minecraft:particle_appearance_tinting": {
				"color": {
					"interpolant": "v.particle_age/v.particle_lifetime",
					"gradient": {
						"0.0": "#FFE300FF",
						"0.67": "#FFE300FF",
						"0.74": "#D4FF47FC",
						"1.0": "#00FF00E1"
					}
				}
			}
		}
	}
}