{
	"format_version": "1.10.0",
	"particle_effect": {
		"description": {
			"identifier": "xp_furniture:cauldron.mist",
			"basic_render_parameters": {
				"material": "particles_add",
				"texture": "textures/xp/fpack/particle/xp_sprite"
			}
		},
		"curves": {
			"variable.life": {
				"type": "bezier_chain",
				"input": "v.particle_age",
				"nodes": {
					"0.0": {
						"value": 0,
						"slope": 0
					},
					"0.74": {
						"value": 4,
						"slope": 0
					},
					"0.99": {
						"value": -8,
						"slope": 0
					},
					"0.17": {
						"value": 4,
						"slope": 0
					}
				}
			}
		},
		"components": {
			"minecraft:emitter_rate_steady": {
				"spawn_rate": 10,
				"max_particles": 50
			},
			"minecraft:emitter_lifetime_once": {
				"active_time": 1
			},
			"minecraft:emitter_shape_box": {
				"half_dimensions": [0.325, -0.1, 0.325],
				"direction": "outwards"
			},
			"minecraft:particle_lifetime_expression": {
				"max_lifetime": "Math.random(1,2)"
			},
			"minecraft:particle_initial_speed": 0,
			"minecraft:particle_motion_dynamic": {
				"linear_acceleration": ["Math.random(1,-1)", "-Math.random(1,2)", "Math.random(1,-1)"],
				"linear_drag_coefficient": 2
			},
			"minecraft:particle_appearance_billboard": {
				"size": [0.45, 0.45],
				"facing_camera_mode": "lookat_xyz",
				"uv": {
					"texture_width": 256,
					"texture_height": 256,
					"flipbook": {
						"base_UV": [0, 16],
						"size_UV": [24, 24],
						"step_UV": [24, 0],
						"frames_per_second": 11,
						"max_frame": 7,
						"stretch_to_lifetime": true
					}
				}
			},
			"minecraft:particle_appearance_tinting": {
				"color": {
					"interpolant": "v.particle_age/v.particle_lifetime",
					"gradient": {
						"0.0": "#00FF00FA",
						"0.12": "#B8FF00FA",
						"0.43": "#61FF00FA",
						"0.72": "#47FF47FC",
						"1.0": "#00FF00E1"
					}
				}
			}
		}
	}
}