{
  "format_version": "1.10.0",
  "minecraft:spawn_rules": {
    "description": {
      "identifier": "mbl_fish:black_crappie",
      "population_control": "water_animal"
    },
    "conditions": [
      {
        "minecraft:density_limit": {
          "surface": 4
        },
        "minecraft:spawns_on_surface": {},
        "minecraft:spawns_underwater": {},
        "minecraft:distance_filter": {
          "min": 12,
          "max": 32
        },
        "minecraft:weight": {
          "default": 48
        },
        "minecraft:herd": {
          "min_size": 2,
          "max_size": 4
        },
        "minecraft:biome_filter": [
          {"test": "has_biome_tag", "operator":"==", "value": "river"}
        ]
      }
    ]
  }
}