{
  "format_version": "1.10.0",
  "minecraft:spawn_rules": {
    "description": {
      "identifier": "mbl_fish:haddock",
      "population_control": "water_animal"
    },
    "conditions": [
      {
        "minecraft:density_limit": {
          "surface": 20
        },
        "minecraft:spawns_on_surface": {},
        "minecraft:spawns_underwater": {},
        "minecraft:distance_filter": {
          "min": 16,
          "max": 40
        },
        "minecraft:herd": {
          "min_size": 2,
          "max_size": 5
        },
        "minecraft:weight": {
          "default": 70
        },
        "minecraft:biome_filter": [
          {"test": "has_biome_tag", "operator":"==", "value": "ocean"},
          {"test": "has_biome_tag", "operator":"==", "value": "cold"}
        ]
      }
    ]
  }
}