{
  "format_version": "1.20.70",
  "minecraft:item": {
    "description": {
      "identifier": "pod_farm:baked_sweet_potato",
      "menu_category": {
        "category": "equipment",
        "group": "itemGroup.name.miscFood"
      }
    },
    "components": {
      "minecraft:max_stack_size": 64,
      "minecraft:icon": {
        "textures": {
          "default": "pod_farm:baked_sweet_potato"
        }
      },
      "minecraft:tags": {
        "tags": [
          "minecraft:is_food"
        ]
      },
      "minecraft:food": {
        "nutrition": 6,
        "saturation_modifier": 0.6
      },
      "minecraft:use_animation": "eat",
      "minecraft:use_modifiers": {
        "use_duration": 1.6,
        "movement_modifier": 0.5
      }
    }
  }
}