{
  "format_version": "1.20.70",
  "minecraft:item": {
    "description": {
      "identifier": "pod_farm:banana",
      "menu_category": {
        "category": "nature",
        "group": "itemGroup.name.crop"
      }
    },
    "components": {
      "minecraft:max_stack_size": 64,
      "minecraft:icon": {
        "textures": {
          "default": "pod_farm:banana"
        }
      },
      "minecraft:tags": {
        "tags": [
          "minecraft:is_food",
          "pod_farm:compostable",
          "pod_farm:is_healthy",
          "pod_farm:is_fruit"
        ]
      },
      "minecraft:food": {
        "nutrition": 3,
        "saturation_modifier": 0.8
      },
      "minecraft:use_modifiers": {
        "use_duration": 1.6,
        "movement_modifier": 0.5
      },
      "minecraft:use_animation": "eat",
      "minecraft:block_placer": {
        "block": "pod_farm:banana_cluster"
      }
    }
  }
}
