{
  "format_version": "1.20.70",
  "minecraft:item": {
    "description": {
      "identifier": "pod_farm:ginger",
      "menu_category": {
        "category": "nature",
        "group": "itemGroup.name.crop"
      }
    },
    "components": {
      "minecraft:max_stack_size": 64,
      "minecraft:icon": {
        "textures": {
          "default": "pod_farm:ginger"
        }
      },
      "minecraft:tags": {
        "tags": [
          "minecraft:is_food",
          "pod_farm:compostable",
          "pod_farm:is_vegetable",
          "pod_farm:is_healthy"
        ]
      },
      "minecraft:food": {
        "nutrition": 1,
        "saturation_modifier": 0.3
      },
      "minecraft:use_animation": "eat",
      "minecraft:use_modifiers": {
        "use_duration": 1.6,
        "movement_modifier": 0.5
      }
    }
  }
}
