{
  "format_version": "1.20.70",
  "minecraft:item": {
    "description": {
      "identifier": "pod_farm:tea",
      "menu_category": {
        "category": "nature"
      }
    },
    "components": {
      "minecraft:max_stack_size": 64,
      "minecraft:icon": {
        "textures": {
          "default": "pod_farm:tea"
        }
      },
      "minecraft:tags": {
        "tags": [
          "pod_farm:compostable",
          "pod_farm:is_vegetable",
          "pod_farm:is_healthy"
        ]
      }
    }
  }
}
