{
  "format_version": "1.20.70",
  "minecraft:item": {
    "description": {
      "identifier": "pod_farm:vanilla",
      "menu_category": {
        "category": "nature",
        "group": "itemGroup.name.crop"
      }
    },
    "components": {
      "minecraft:max_stack_size": 64,
      "minecraft:icon": {
        "textures": {
          "default": "pod_farm:vanilla"
        }
      },
      "minecraft:tags": {
        "tags": ["pod_farm:compostable"]
      }
    }
  }
}
