{
  "format_version": "1.20.70",
  "minecraft:item": {
    "description": {
      "identifier": "pod_farm:watering_can",
      "menu_category": {
        "category": "equipment"
      }
    },
    "components": {
      "minecraft:max_stack_size": 1,
      "minecraft:use_modifiers": {
        "use_duration": 12000
      },
      "minecraft:icon": {
        "textures": {
          "default": "pod_farm:watering_can"
        }
      },
      "minecraft:durability": {
        "max_durability": 5
      }
    }
  }
}
