{
  "format_version": "1.21.0",
  "minecraft:block": {
    "description": {
      "identifier": "xp_furniture:christmas_tree",
      "menu_category": {
        "category": "construction"
      },
      "traits": {
        "minecraft:placement_direction": {
          "y_rotation_offset": 180,
          "enabled_states": [
            "minecraft:cardinal_direction"
          ]
        }
      },
      "states": {
        "xp_furniture:is_top_bit": [
          -1,
          0,
          1
        ],
        "xp_furniture:light": [
          0,
          3,
          8
        ]
      }
    },
    "components": {
      "minecraft:destructible_by_mining": {
        "seconds_to_destroy": 0.4
      },
      "minecraft:light_dampening": 0,
      "minecraft:material_instances": {
        "*": {
          "texture": "xp_furniture:christmas_tree",
          "render_method": "alpha_test_single_sided"
        },
        "down": {
          "texture": "xp_furniture:christmas_tree_bottom",
          "render_method": "alpha_test_single_sided"
        }
      },
      "minecraft:custom_components": [
        "xp_furniture:add_lower_piece",
        "xp_furniture:christmas_tree"
      ]
    },
    "permutations": [
      {
        "condition": "q.block_state('minecraft:cardinal_direction') == 'north'",
        "components": {
          "minecraft:destructible_by_mining": {
            "seconds_to_destroy": 0.4
          },
          "minecraft:transformation": {
            "rotation": [
              0,
              0,
              0
            ]
          }
        }
      },
      {
        "condition": "q.block_state('minecraft:cardinal_direction') == 'east'",
        "components": {
          "minecraft:destructible_by_mining": {
            "seconds_to_destroy": 0.4
          },
          "minecraft:transformation": {
            "rotation": [
              0,
              270,
              0
            ]
          }
        }
      },
      {
        "condition": "q.block_state('minecraft:cardinal_direction') == 'south'",
        "components": {
          "minecraft:destructible_by_mining": {
            "seconds_to_destroy": 0.4
          },
          "minecraft:transformation": {
            "rotation": [
              0,
              180,
              0
            ]
          }
        }
      },
      {
        "condition": "q.block_state('minecraft:cardinal_direction') == 'west'",
        "components": {
          "minecraft:destructible_by_mining": {
            "seconds_to_destroy": 0.4
          },
          "minecraft:transformation": {
            "rotation": [
              0,
              90,
              0
            ]
          }
        }
      },
      {
        "condition": "q.block_state('xp_furniture:is_top_bit') == -1",
        "components": {
          "minecraft:geometry": "geometry.xp_furniture.christmas_tree.icon"
        }
      },
      {
        "condition": "q.block_state('xp_furniture:is_top_bit') == 1",
        "components": {
          "minecraft:geometry": "geometry.xp_furniture.christmas_tree.1",
          "minecraft:collision_box": {
            "origin": [
              -6,
              0,
              -6
            ],
            "size": [
              12,
              11,
              12
            ]
          },
          "minecraft:selection_box": {
            "origin": [
              -6,
              0,
              -6
            ],
            "size": [
              12,
              11,
              12
            ]
          },
          "minecraft:loot": "loot_tables/empty.json"
        }
      },
      {
        "condition": "q.block_state('xp_furniture:is_top_bit') == 0",
        "components": {
          "minecraft:geometry": "geometry.xp_furniture.christmas_tree.0",
          "minecraft:collision_box": true
        }
      },
      {
        "condition": "q.block_state('xp_furniture:light') == 0",
        "components": {
          "minecraft:light_emission": 0
        }
      },
      {
        "condition": "q.block_state('xp_furniture:light') == 3",
        "components": {
          "minecraft:light_emission": 3
        }
      },
      {
        "condition": "q.block_state('xp_furniture:light') == 8",
        "components": {
          "minecraft:light_emission": 8
        }
      }
    ]
  }
}