{
  "format_version": "1.21.0",
  "minecraft:block": {
    "description": {
      "identifier": "xp_furniture:rope_mistletoe.hanging",
      "menu_category": {
        "category": "construction"
      },
      "traits": {
        "minecraft:placement_direction": {
          "y_rotation_offset": 180,
          "enabled_states": [
            "minecraft:cardinal_direction"
          ]
        }
      },
      "states": {
        "xp_furniture:is_top_bit": [
          -1,
          0,
          1
        ]
      }
    },
    "components": {
      "minecraft:destructible_by_mining": {
        "seconds_to_destroy": 0.4
      },
      "minecraft:collision_box": false,
      "minecraft:light_dampening": 0,
      "minecraft:material_instances": {
        "*": {
          "texture": "xp_furniture:rope_socks",
          "render_method": "alpha_test_single_sided"
        },
        "rope": {
          "texture": "xp_furniture:rope.standard",
          "render_method": "alpha_test_single_sided"
        }
      },
      "minecraft:custom_components": [
        "xp_furniture:add_lower_piece"
      ]
    },
    "permutations": [
      {
        "condition": "q.block_state('minecraft:cardinal_direction') == 'north'",
        "components": {
          "minecraft:destructible_by_mining": {
            "seconds_to_destroy": 0.4
          },
          "minecraft:transformation": {
            "rotation": [
              0,
              0,
              0
            ]
          }
        }
      },
      {
        "condition": "q.block_state('minecraft:cardinal_direction') == 'east'",
        "components": {
          "minecraft:destructible_by_mining": {
            "seconds_to_destroy": 0.4
          },
          "minecraft:transformation": {
            "rotation": [
              0,
              270,
              0
            ]
          }
        }
      },
      {
        "condition": "q.block_state('minecraft:cardinal_direction') == 'south'",
        "components": {
          "minecraft:destructible_by_mining": {
            "seconds_to_destroy": 0.4
          },
          "minecraft:transformation": {
            "rotation": [
              0,
              180,
              0
            ]
          }
        }
      },
      {
        "condition": "q.block_state('minecraft:cardinal_direction') == 'west'",
        "components": {
          "minecraft:destructible_by_mining": {
            "seconds_to_destroy": 0.4
          },
          "minecraft:transformation": {
            "rotation": [
              0,
              90,
              0
            ]
          }
        }
      },
      {
        "condition": "q.block_state('xp_furniture:is_top_bit') == -1",
        "components": {
          "minecraft:geometry": "geometry.xp_furniture.rope_mistletoe.icon"
        }
      },
      {
        "condition": "q.block_state('xp_furniture:is_top_bit') == 1",
        "components": {
          "minecraft:geometry": "geometry.xp_furniture.rope_mistletoe_top"
        }
      },
      {
        "condition": "q.block_state('xp_furniture:is_top_bit') == 0",
        "components": {
          "minecraft:geometry": "geometry.xp_furniture.rope_mistletoe_bottom"
        }
      }
    ]
  }
}