{
	"format_version": "1.10.0",
	"particle_effect": {
		"description": {
			"identifier": "xp_furniture:curtains.lightray.side.1.day",
			"basic_render_parameters": {
				"material": "particles_add",
				"texture": "textures/xp/fpack/particle/lightrays"
			}
		},
		"curves": {
			"variable.size1": {
				"type": "bezier",
				"input": "v.particle_age",
				"horizontal_range": "v.particle_lifetime",
				"nodes": [0, 1.76, 2.26, 2]
			}
		},
		"components": {
			"minecraft:emitter_local_space": {
				"position": true,
				"rotation": true
			},
			"minecraft:emitter_rate_steady": {
				"spawn_rate": 1,
				"max_particles": 7
			},
			"minecraft:emitter_lifetime_expression": {},
			"minecraft:emitter_shape_disc": {
				"offset": [0, 0, 0.25],
				"radius": 0.25,
				"plane_normal": "y",
				"surface_only": true,
				"direction": "outwards"
			},
			"minecraft:particle_lifetime_expression": {
				"max_lifetime": "math.random(5,7)"
			},
			"minecraft:particle_initial_spin": {
				"rotation": -90
			},
			"minecraft:particle_appearance_billboard": {
				"size": [4, 4.5],
				"facing_camera_mode": "lookat_direction",
				"direction": {
					"mode": "custom",
					"custom_direction": [0, 0.1, -1]
				},
				"uv": {
					"texture_width": 256,
					"texture_height": 256,
					"uv": [0, 0],
					"uv_size": [256, 256]
				}
			},
			"minecraft:particle_appearance_tinting": {
				"color": {
					"interpolant": "v.particle_age / v.particle_lifetime",
					"gradient": {
						"0.0": "#00FFF3B8",
						"0.33": "#36FFF3B8",
						"1.0": "#00FFF3B8"
					}
				}
			}
		}
	}
}