{
	"format_version": "1.10.0",
	"particle_effect": {
		"description": {
			"identifier": "xp_furniture:curtains.lightray.side.day",
			"basic_render_parameters": {
				"material": "particles_add",
				"texture": "textures/xp/fpack/particle/xp_sprite"
			}
		},
		"curves": {
			"variable.size1": {
				"type": "bezier",
				"input": "v.particle_age",
				"horizontal_range": "v.particle_lifetime",
				"nodes": [0, 1.76, 2.26, 2]
			}
		},
		"components": {
			"minecraft:emitter_local_space": {
				"position": true,
				"rotation": true
			},
			"minecraft:emitter_rate_instant": {
				"num_particles": 1
			},
			"minecraft:emitter_lifetime_once": {
				"active_time": 1
			},
			"minecraft:emitter_shape_point": {
				"offset": [0, 0, -0.75]
			},
			"minecraft:particle_lifetime_expression": {
				"max_lifetime": 999999
			},
			"minecraft:particle_initial_spin": {
				"rotation": -90
			},
			"minecraft:particle_appearance_billboard": {
				"size": [1.35, 0.65],
				"facing_camera_mode": "emitter_transform_yz",
				"uv": {
					"texture_width": 256,
					"texture_height": 256,
					"uv": [0, 128],
					"uv_size": [128, 64]
				}
			},
			"minecraft:particle_appearance_tinting": {
				"color": [1, 0.95294, 0.72157, 0.47059]
			}
		}
	}
}