{
	"format_version": "1.12.0",
	"minecraft:geometry": [
		{
			"description": {
				"identifier": "geometry.pod_farm.fridge_item",
				"texture_width": 64,
				"texture_height": 64,
				"visible_bounds_width": 3,
				"visible_bounds_height": 2.5,
				"visible_bounds_offset": [0, 0.75, 0]
			},
			"bones": [
				{
					"name": "main",
					"pivot": [0, 0, 0],
					"rotation": [0, 180, 0],
					"cubes": [
						{
							"origin": [-8, 0, -6],
							"size": [16, 16, 14],
							"uv": {
								"north": {"uv": [30, 0], "uv_size": [16, 16]},
								"east": {"uv": [14, 0], "uv_size": [-14, 16]},
								"south": {"uv": [14, 0], "uv_size": [16, 16]},
								"west": {"uv": [60, 0], "uv_size": [-14, 16]},
								"up": {"uv": [0, 16], "uv_size": [16, 14]},
								"down": {"uv": [0, 30], "uv_size": [16, -14]}
							}
						}
					]
				},
				{
					"name": "door",
					"parent": "main",
					"pivot": [-8, 7, -6]
				},
				{
					"name": "single",
					"parent": "door",
					"pivot": [-8, 7, -6],
					"cubes": [
						{
							"origin": [-8, 0, -8],
							"size": [16, 16, 2],
							"uv": {
								"north": {"uv": [0, 30], "uv_size": [16, 16]},
								"east": {"uv": [16, 30], "uv_size": [2, 16]},
								"south": {"uv": [48, 48], "uv_size": [16, 16]},
								"west": {"uv": [20, 30], "uv_size": [-2, 16]},
								"up": {"uv": [0, 48], "uv_size": [16, -2]},
								"down": {"uv": [0, 50], "uv_size": [16, -2]}
							}
						},
						{
							"origin": [4, 5, -10],
							"size": [2, 6, 2],
							"uv": {
								"north": {"uv": [16, 19], "uv_size": [2, 3]},
								"east": {"uv": [18, 16], "uv_size": [2, 6]},
								"south": {"uv": [22, 16], "uv_size": [2, 6]},
								"west": {"uv": [20, 22], "uv_size": [-2, 6]},
								"up": {"uv": [22, 18], "uv_size": [-2, -2]},
								"down": {"uv": [22, 16], "uv_size": [-2, 2]}
							}
						}
					]
				}
			]
		}
	]
}