{
	"format_version": "1.12.0",
	"minecraft:geometry": [
		{
			"description": {
				"identifier": "geometry.pod_farm.grill",
				"texture_width": 64,
				"texture_height": 64,
				"visible_bounds_width": 3,
				"visible_bounds_height": 2.5,
				"visible_bounds_offset": [0, 0.75, 0]
			},
			"bones": [
				{
					"name": "bone",
					"pivot": [8, 0, -8]
				},
				{
					"name": "grill",
					"parent": "bone",
					"pivot": [0, 0, 0],
					"cubes": [
						{
							"origin": [-8, 13, -6],
							"size": [16, 3, 12],
							"uv": {
								"north": {"uv": [0, 0], "uv_size": [16, 3]},
								"east": {"uv": [16, 0], "uv_size": [12, 3]},
								"south": {"uv": [0, 0], "uv_size": [16, 3]},
								"west": {"uv": [16, 0], "uv_size": [12, 3]},
								"up": {"uv": [0, 11], "uv_size": [16, 12]},
								"down": {"uv": [16, 35], "uv_size": [16, -12]}
							}
						},
						{
							"origin": [-7.5, 15.5, -6],
							"size": [15, 0, 12],
							"uv": {
								"north": {"uv": [0, 0], "uv_size": [15, 0]},
								"east": {"uv": [0, 0], "uv_size": [12, 0]},
								"south": {"uv": [0, 0], "uv_size": [15, 0]},
								"west": {"uv": [0, 0], "uv_size": [12, 0]},
								"up": {"uv": [16, 11], "uv_size": [15, 12]},
								"down": {"uv": [49, 12], "uv_size": [15, -12]}
							}
						},
						{
							"origin": [-8, 0, -6],
							"size": [3, 13, 3],
							"uv": {
								"north": {"uv": [0, 35], "uv_size": [3, 13]},
								"east": {"uv": [3, 35], "uv_size": [-3, 13]},
								"south": {"uv": [6, 35], "uv_size": [3, 13]},
								"west": {"uv": [9, 35], "uv_size": [-3, 13]},
								"up": {"uv": [51, 35], "uv_size": [-3, -3]},
								"down": {"uv": [6, 35], "uv_size": [-3, 3]}
							}
						},
						{
							"origin": [5, 0, -6],
							"size": [3, 13, 3],
							"uv": {
								"north": {"uv": [3, 35], "uv_size": [-3, 13]},
								"east": {"uv": [6, 35], "uv_size": [3, 13]},
								"south": {"uv": [9, 35], "uv_size": [-3, 13]},
								"west": {"uv": [0, 35], "uv_size": [3, 13]},
								"up": {"uv": [48, 35], "uv_size": [3, -3]},
								"down": {"uv": [3, 35], "uv_size": [3, 3]}
							}
						},
						{
							"origin": [5, 0, 3],
							"size": [3, 13, 3],
							"uv": {
								"north": {"uv": [6, 35], "uv_size": [3, 13]},
								"east": {"uv": [9, 35], "uv_size": [-3, 13]},
								"south": {"uv": [0, 35], "uv_size": [3, 13]},
								"west": {"uv": [3, 35], "uv_size": [-3, 13]},
								"up": {"uv": [48, 32], "uv_size": [3, 3]},
								"down": {"uv": [3, 38], "uv_size": [3, -3]}
							}
						},
						{
							"origin": [-8, 0, 3],
							"size": [3, 13, 3],
							"uv": {
								"north": {"uv": [9, 35], "uv_size": [-3, 13]},
								"east": {"uv": [0, 35], "uv_size": [3, 13]},
								"south": {"uv": [3, 35], "uv_size": [-3, 13]},
								"west": {"uv": [6, 35], "uv_size": [3, 13]},
								"up": {"uv": [51, 32], "uv_size": [-3, 3]},
								"down": {"uv": [6, 38], "uv_size": [-3, -3]}
							}
						},
						{
							"origin": [-7, 5, -5],
							"size": [14, 8, 10],
							"inflate": 0.1,
							"uv": {
								"north": {"uv": [1, 3], "uv_size": [14, 8]},
								"east": {"uv": [17, 3], "uv_size": [10, 8]},
								"south": {"uv": [1, 3], "uv_size": [14, 8]},
								"west": {"uv": [17, 3], "uv_size": [10, 8]},
								"up": {"uv": [34, 0], "uv_size": [14, 10]},
								"down": {"uv": [1, 34], "uv_size": [14, -10]}
							}
						},
						{
							"origin": [7.925, 13, -6],
							"size": [0, 3, 12],
							"uv": {
								"north": {"uv": [0, 0], "uv_size": [0, 3]},
								"east": {"uv": [16, 0], "uv_size": [12, 3]},
								"south": {"uv": [0, 0], "uv_size": [0, 3]},
								"west": {"uv": [32, 27], "uv_size": [12, 3]},
								"up": {"uv": [0, 0], "uv_size": [0, 12]},
								"down": {"uv": [0, 12], "uv_size": [0, -12]}
							}
						},
						{
							"origin": [-7.925, 13, -6],
							"size": [0, 3, 12],
							"uv": {
								"north": {"uv": [0, 0], "uv_size": [0, 3]},
								"east": {"uv": [44, 27], "uv_size": [-12, 3]},
								"south": {"uv": [0, 0], "uv_size": [0, 3]},
								"west": {"uv": [28, 0], "uv_size": [-12, 3]},
								"up": {"uv": [0, 0], "uv_size": [0, 12]},
								"down": {"uv": [0, 12], "uv_size": [0, -12]}
							}
						}
					]
				},
				{
					"name": "coal",
					"parent": "grill",
					"pivot": [0, 0, 0],
					"cubes": [
						{
							"origin": [-7, 12, -5],
							"size": [14, 0, 10],
							"uv": {
								"north": {"uv": [0, 0], "uv_size": [16, 0]},
								"east": {"uv": [0, 0], "uv_size": [12, 0]},
								"south": {"uv": [0, 0], "uv_size": [16, 0]},
								"west": {"uv": [0, 0], "uv_size": [12, 0]},
								"up": {"uv": [48, 0], "uv_size": [16, 12]},
								"down": {"uv": [1, 63], "uv_size": [14, -10]}
							}
						},
						{
							"origin": [-7, 13, -5],
							"size": [14, 0, 10],
							"uv": {
								"north": {"uv": [0, 0], "uv_size": [16, 0]},
								"east": {"uv": [0, 0], "uv_size": [12, 0]},
								"south": {"uv": [0, 0], "uv_size": [16, 0]},
								"west": {"uv": [0, 0], "uv_size": [12, 0]},
								"up": {"uv": [17, 53], "uv_size": [14, 10]},
								"down": {"uv": [16, 36], "uv_size": [16, -12]}
							}
						}
					]
				},
				{
					"name": "coal_lit",
					"parent": "coal",
					"pivot": [0, 0, 0],
					"cubes": [
						{
							"origin": [-7, 12.5, -5],
							"size": [14, 0, 10],
							"uv": {
								"north": {"uv": [0, 0], "uv_size": [16, 0]},
								"east": {"uv": [0, 0], "uv_size": [12, 0]},
								"south": {"uv": [0, 0], "uv_size": [16, 0]},
								"west": {"uv": [0, 0], "uv_size": [12, 0]},
								"up": {"uv": [33, 53], "uv_size": [14, 10]},
								"down": {"uv": [32, 24], "uv_size": [16, -12]}
							}
						}
					]
				}
			]
		}
	]
}