{
	"format_version": "1.12.0",
	"minecraft:geometry": [
		{
			"description": {
				"identifier": "geometry.pod_farm.iron_pot",
				"texture_width": 32,
				"texture_height": 32,
				"visible_bounds_width": 2,
				"visible_bounds_height": 2.5,
				"visible_bounds_offset": [0, 0.75, 0]
			},
			"bones": [
				{
					"name": "main",
					"pivot": [0, 0, 0],
					"cubes": [
						{
							"origin": [-5, 0, -5],
							"size": [10, 5, 10],
							"uv": {
								"north": {"uv": [20, 2], "uv_size": [10, 5]},
								"east": {"uv": [20, 2], "uv_size": [10, 5]},
								"south": {"uv": [20, 2], "uv_size": [10, 5]},
								"west": {"uv": [20, 2], "uv_size": [10, 5]},
								"up": {"uv": [10, 10], "uv_size": [10, 10]},
								"down": {"uv": [0, 20], "uv_size": [10, -10]}
							}
						},
						{
							"origin": [5, 5, -2],
							"size": [2, 2, 4],
							"uv": {
								"north": {"uv": [24, 26], "uv_size": [2, 2]},
								"east": {"uv": [20, 24], "uv_size": [4, 2]},
								"south": {"uv": [26, 26], "uv_size": [2, 2]},
								"west": {"uv": [24, 24], "uv_size": [4, 2]},
								"up": {"uv": [20, 26], "uv_size": [2, 4]},
								"down": {"uv": [22, 30], "uv_size": [2, -4]}
							}
						},
						{
							"origin": [-7, 5, -2],
							"size": [2, 2, 4],
							"uv": {
								"north": {"uv": [26, 26], "uv_size": [-2, 2]},
								"east": {"uv": [28, 24], "uv_size": [-4, 2]},
								"south": {"uv": [28, 26], "uv_size": [-2, 2]},
								"west": {"uv": [24, 24], "uv_size": [-4, 2]},
								"up": {"uv": [22, 26], "uv_size": [-2, 4]},
								"down": {"uv": [24, 30], "uv_size": [-2, -4]}
							}
						},
						{
							"origin": [-5, 5, -5],
							"size": [10, 2, 10],
							"inflate": 0.2,
							"uv": {
								"north": {"uv": [20, 0], "uv_size": [10, 2]},
								"east": {"uv": [20, 0], "uv_size": [10, 2]},
								"south": {"uv": [20, 0], "uv_size": [10, 2]},
								"west": {"uv": [20, 0], "uv_size": [10, 2]},
								"up": {"uv": [0, 0], "uv_size": [10, 10]},
								"down": {"uv": [10, 10], "uv_size": [10, -10]}
							}
						},
						{
							"origin": [-4, 5, -4],
							"size": [8, 2, 8],
							"inflate": 0.2,
							"uv": {
								"north": {"uv": [21, 0], "uv_size": [8, 2]},
								"east": {"uv": [21, 0], "uv_size": [8, 2]},
								"south": {"uv": [21, 0], "uv_size": [8, 2]},
								"west": {"uv": [21, 0], "uv_size": [8, 2]},
								"up": {"uv": [10, 10], "uv_size": [10, 10]},
								"down": {"uv": [10, 20], "uv_size": [10, -10]}
							}
						},
						{
							"origin": [-5, 0.5, -5],
							"size": [10, 0, 10],
							"uv": {
								"north": {"uv": [0, 0], "uv_size": [10, 0]},
								"east": {"uv": [0, 0], "uv_size": [10, 0]},
								"south": {"uv": [0, 0], "uv_size": [10, 0]},
								"west": {"uv": [0, 0], "uv_size": [10, 0]},
								"up": {"uv": [10, 20], "uv_size": [-10, -10]},
								"down": {"uv": [10, 32], "uv_size": [-10, -10]}
							}
						},
						{
							"origin": [-5, 0, 4.75],
							"size": [10, 7, 0],
							"uv": {
								"north": {"uv": [20, 0], "uv_size": [10, 7]},
								"east": {"uv": [0, 0], "uv_size": [0, 8]},
								"south": {"uv": [0, 25], "uv_size": [10, 7]},
								"west": {"uv": [0, 0], "uv_size": [0, 8]},
								"up": {"uv": [10, 0], "uv_size": [-10, 0]},
								"down": {"uv": [10, 0], "uv_size": [-10, 0]}
							}
						},
						{
							"origin": [-5, 0, 4.75],
							"size": [10, 7, 0],
							"pivot": [0, 0, 0],
							"rotation": [0, 90, 0],
							"uv": {
								"north": {"uv": [20, 0], "uv_size": [10, 7]},
								"east": {"uv": [0, 0], "uv_size": [0, 8]},
								"south": {"uv": [0, 25], "uv_size": [10, 7]},
								"west": {"uv": [0, 0], "uv_size": [0, 8]},
								"up": {"uv": [10, 0], "uv_size": [-10, 0]},
								"down": {"uv": [10, 0], "uv_size": [-10, 0]}
							}
						},
						{
							"origin": [-5, 0, 4.75],
							"size": [10, 7, 0],
							"pivot": [0, 0, 0],
							"rotation": [0, -90, 0],
							"uv": {
								"north": {"uv": [20, 0], "uv_size": [10, 7]},
								"east": {"uv": [0, 0], "uv_size": [0, 8]},
								"south": {"uv": [0, 25], "uv_size": [10, 7]},
								"west": {"uv": [0, 0], "uv_size": [0, 8]},
								"up": {"uv": [10, 0], "uv_size": [-10, 0]},
								"down": {"uv": [10, 0], "uv_size": [-10, 0]}
							}
						},
						{
							"origin": [-5, 0, 4.75],
							"size": [10, 7, 0],
							"pivot": [0, 0, 0],
							"rotation": [-180, 0, 180],
							"uv": {
								"north": {"uv": [20, 0], "uv_size": [10, 7]},
								"east": {"uv": [0, 0], "uv_size": [0, 8]},
								"south": {"uv": [0, 25], "uv_size": [10, 7]},
								"west": {"uv": [0, 0], "uv_size": [0, 8]},
								"up": {"uv": [10, 0], "uv_size": [-10, 0]},
								"down": {"uv": [10, 0], "uv_size": [-10, 0]}
							}
						}
					]
				}
			]
		}
	]
}