{
  "format_version": "1.12.0",
  "minecraft:geometry": [
    {
      "description": {
        "identifier": "geometry.pod_farm.iron_pan",
        "texture_width": 64,
        "texture_height": 64,
        "visible_bounds_width": 2,
        "visible_bounds_height": 1.5,
        "visible_bounds_offset": [0, 0.25, 0]
      },
      "bones": [
        {
          "name": "main",
          "pivot": [0, 1, -6],
          "cubes": [
            {
              "origin": [-5, 0, -5],
              "size": [10, 1, 10],
              "uv": {
                "north": { "uv": [10, 2], "uv_size": [10, 1] },
                "east": { "uv": [10, 2], "uv_size": [10, 1] },
                "south": { "uv": [10, 2], "uv_size": [10, 1] },
                "west": { "uv": [10, 2], "uv_size": [10, 1] },
                "up": { "uv": [0, 54], "uv_size": [10, 10] },
                "down": { "uv": [10, 13], "uv_size": [10, -10] }
              }
            },
            {
              "origin": [-5, 0, -4.75],
              "size": [10, 3, 0],
              "uv": {
                "north": { "uv": [10, 0], "uv_size": [10, 3] },
                "east": { "uv": [0, 0], "uv_size": [0, 3] },
                "south": { "uv": [0, 61], "uv_size": [10, 3] },
                "west": { "uv": [0, 0], "uv_size": [0, 3] },
                "up": { "uv": [0, 0], "uv_size": [10, 0] },
                "down": { "uv": [0, 0], "uv_size": [10, 0] }
              }
            },
            {
              "origin": [-5, 0, -4.75],
              "size": [10, 3, 0],
              "pivot": [0, 0, 0],
              "rotation": [0, 90, 0],
              "uv": {
                "north": { "uv": [10, 0], "uv_size": [10, 3] },
                "east": { "uv": [0, 0], "uv_size": [0, 3] },
                "south": { "uv": [0, 61], "uv_size": [10, 3] },
                "west": { "uv": [0, 0], "uv_size": [0, 3] },
                "up": { "uv": [0, 0], "uv_size": [10, 0] },
                "down": { "uv": [0, 0], "uv_size": [10, 0] }
              }
            },
            {
              "origin": [-5, 0, -4.75],
              "size": [10, 3, 0],
              "pivot": [0, 0, 0],
              "rotation": [0, -90, 0],
              "uv": {
                "north": { "uv": [10, 0], "uv_size": [10, 3] },
                "east": { "uv": [0, 0], "uv_size": [0, 3] },
                "south": { "uv": [0, 61], "uv_size": [10, 3] },
                "west": { "uv": [0, 0], "uv_size": [0, 3] },
                "up": { "uv": [0, 0], "uv_size": [10, 0] },
                "down": { "uv": [0, 0], "uv_size": [10, 0] }
              }
            },
            {
              "origin": [-5, 0, -4.75],
              "size": [10, 3, 0],
              "pivot": [0, 0, 0],
              "rotation": [-180, 0, 180],
              "uv": {
                "north": { "uv": [10, 0], "uv_size": [10, 3] },
                "east": { "uv": [0, 0], "uv_size": [0, 3] },
                "south": { "uv": [0, 61], "uv_size": [10, 3] },
                "west": { "uv": [0, 0], "uv_size": [0, 3] },
                "up": { "uv": [0, 0], "uv_size": [10, 0] },
                "down": { "uv": [0, 0], "uv_size": [10, 0] }
              }
            },
            {
              "origin": [-5, 0.5, -5],
              "size": [10, 0, 10],
              "uv": {
                "north": { "uv": [0, 0], "uv_size": [10, 0] },
                "east": { "uv": [0, 0], "uv_size": [10, 0] },
                "south": { "uv": [0, 0], "uv_size": [10, 0] },
                "west": { "uv": [0, 0], "uv_size": [10, 0] },
                "up": { "uv": [10, 3], "uv_size": [10, 10] },
                "down": { "uv": [0, 64], "uv_size": [10, -10] }
              }
            },
            {
              "origin": [-5, 1, -5],
              "size": [10, 2, 10],
              "inflate": 0.2,
              "uv": {
                "north": { "uv": [10, 0], "uv_size": [10, 2] },
                "east": { "uv": [10, 0], "uv_size": [10, 2] },
                "south": { "uv": [10, 0], "uv_size": [10, 2] },
                "west": { "uv": [10, 0], "uv_size": [10, 2] },
                "up": { "uv": [0, 0], "uv_size": [10, 10] },
                "down": { "uv": [0, 20], "uv_size": [10, -10] }
              }
            },
            {
              "origin": [-4, 1, -4],
              "size": [8, 2, 8],
              "inflate": 0.2,
              "uv": {
                "north": { "uv": [11, 0], "uv_size": [8, 2] },
                "east": { "uv": [11, 0], "uv_size": [8, 2] },
                "south": { "uv": [11, 0], "uv_size": [8, 2] },
                "west": { "uv": [11, 0], "uv_size": [8, 2] },
                "up": { "uv": [0, 56], "uv_size": [8, 8] },
                "down": { "uv": [0, 64], "uv_size": [8, -8] }
              }
            },
            {
              "origin": [-1, 1, -12],
              "size": [2, 2, 7],
              "uv": {
                "north": { "uv": [17, 13], "uv_size": [2, 2] },
                "east": { "uv": [10, 13], "uv_size": [7, 2] },
                "south": { "uv": [0, 62], "uv_size": [2, 2] },
                "west": { "uv": [17, 15], "uv_size": [-7, 2] },
                "up": { "uv": [12, 17], "uv_size": [2, 7] },
                "down": { "uv": [10, 24], "uv_size": [2, -7] }
              }
            },
            {
              "origin": [-1, 1, -12],
              "size": [2, 2, 3],
              "inflate": 0.1,
              "uv": {
                "north": { "uv": [17, 13], "uv_size": [2, 2] },
                "east": { "uv": [14, 13], "uv_size": [3, 2] },
                "south": { "uv": [16, 17], "uv_size": [2, 2] },
                "west": { "uv": [17, 15], "uv_size": [-3, 2] },
                "up": { "uv": [12, 21], "uv_size": [2, 3] },
                "down": { "uv": [10, 24], "uv_size": [2, -3] }
              }
            }
          ]
        }
      ]
    }
  ]
}
