{
	"format_version": "1.12.0",
	"minecraft:geometry": [
		{
			"description": {
				"identifier": "geometry.pod_farm.kettle",
				"texture_width": 64,
				"texture_height": 64,
				"visible_bounds_width": 2,
				"visible_bounds_height": 2.5,
				"visible_bounds_offset": [0, 0.75, 0]
			},
			"bones": [
				{
					"name": "bone",
					"pivot": [8, 0, -8],
					"cubes": [
						{
							"origin": [-4, 0, -4],
							"size": [8, 6, 8],
							"uv": {
								"north": {"uv": [0, 0], "uv_size": [8, 6]},
								"east": {"uv": [8, 0], "uv_size": [-8, 6]},
								"south": {"uv": [0, 0], "uv_size": [8, 6]},
								"west": {"uv": [0, 0], "uv_size": [8, 6]},
								"up": {"uv": [10, 0], "uv_size": [8, 8]},
								"down": {"uv": [10, 16], "uv_size": [8, -8]}
							}
						},
						{
							"origin": [-1, 1, -9],
							"size": [2, 2, 5],
							"pivot": [0, 1, -4],
							"rotation": [-45, 0, 0],
							"uv": {
								"north": {"uv": [23, 14], "uv_size": [2, 2]},
								"east": {"uv": [18, 12], "uv_size": [5, 2]},
								"south": {"uv": [23, 14], "uv_size": [2, 2]},
								"west": {"uv": [18, 14], "uv_size": [5, 2]},
								"up": {"uv": [18, 7], "uv_size": [2, 5]},
								"down": {"uv": [21, 12], "uv_size": [2, -5]}
							}
						},
						{
							"origin": [-1, 1, -8],
							"size": [2, 2, 0],
							"pivot": [0, 1, -4],
							"rotation": [-45, 0, 0],
							"uv": {
								"north": {"uv": [23, 12], "uv_size": [2, 2]},
								"east": {"uv": [18, 12], "uv_size": [0, 2]},
								"south": {"uv": [23, 14], "uv_size": [2, 2]},
								"west": {"uv": [18, 14], "uv_size": [0, 2]},
								"up": {"uv": [18, 7], "uv_size": [2, 0]},
								"down": {"uv": [21, 7], "uv_size": [2, 0]}
							}
						},
						{
							"origin": [-4, 6.25, -4],
							"size": [8, 0, 8],
							"uv": {
								"north": {"uv": [0, 0], "uv_size": [8, 0]},
								"east": {"uv": [0, 0], "uv_size": [8, 0]},
								"south": {"uv": [0, 0], "uv_size": [8, 0]},
								"west": {"uv": [0, 0], "uv_size": [8, 0]},
								"up": {"uv": [0, 16], "uv_size": [8, 8]},
								"down": {"uv": [8, 24], "uv_size": [8, -8]}
							}
						},
						{
							"origin": [-1, 6.25, -1],
							"size": [2, 1, 2],
							"uv": {
								"north": {"uv": [8, 24], "uv_size": [2, 1]},
								"east": {"uv": [10, 24], "uv_size": [2, 1]},
								"south": {"uv": [12, 24], "uv_size": [2, 1]},
								"west": {"uv": [14, 24], "uv_size": [2, 1]},
								"up": {"uv": [4, 24], "uv_size": [2, 2]},
								"down": {"uv": [6, 26], "uv_size": [2, -2]}
							}
						},
						{
							"origin": [0, 4, -5],
							"size": [0, 8, 10],
							"uv": {
								"north": {"uv": [0, 0], "uv_size": [0, 8]},
								"east": {"uv": [0, 56], "uv_size": [10, 8]},
								"south": {"uv": [0, 0], "uv_size": [0, 8]},
								"west": {"uv": [0, 8], "uv_size": [10, 8]},
								"up": {"uv": [0, 0], "uv_size": [0, 10]},
								"down": {"uv": [0, 10], "uv_size": [0, -10]}
							}
						}
					]
				}
			]
		}
	]
}