{
	"format_version": "1.12.0",
	"minecraft:geometry": [
		{
			"description": {
				"identifier": "geometry.pod_farm.oven",
				"texture_width": 64,
				"texture_height": 64,
				"visible_bounds_width": 2,
				"visible_bounds_height": 2.5,
				"visible_bounds_offset": [0, 0.75, 0]
			},
			"bones": [
				{
					"name": "bone2",
					"pivot": [0, -5, 0],
					"cubes": [
						{
							"origin": [-8, 1, -8],
							"size": [16, 0, 16],
							"uv": {
								"north": {"uv": [0, 0], "uv_size": [16, 0]},
								"east": {"uv": [0, 0], "uv_size": [16, 0]},
								"south": {"uv": [0, 0], "uv_size": [16, 0]},
								"west": {"uv": [0, 0], "uv_size": [16, 0]},
								"up": {"uv": [0, 16], "uv_size": [16, 16]},
								"down": {"uv": [48, 64], "uv_size": [16, -16]}
							}
						},
						{
							"origin": [-8, 15, -8],
							"size": [16, 0, 16],
							"uv": {
								"north": {"uv": [0, 0], "uv_size": [16, 0]},
								"east": {"uv": [0, 0], "uv_size": [16, 0]},
								"south": {"uv": [0, 0], "uv_size": [16, 0]},
								"west": {"uv": [0, 0], "uv_size": [16, 0]},
								"up": {"uv": [48, 16], "uv_size": [16, 16]},
								"down": {"uv": [0, 32], "uv_size": [16, -16]}
							}
						},
						{
							"origin": [-8, 0, -8],
							"size": [16, 16, 16],
							"uv": {
								"north": {"uv": [16, 0], "uv_size": [16, 16]},
								"east": {"uv": [16, 16], "uv_size": [16, 16]},
								"south": {"uv": [0, 0], "uv_size": [16, 16]},
								"west": {"uv": [32, 16], "uv_size": [-16, 16]},
								"up": {"uv": [0, 16], "uv_size": [16, 16]},
								"down": {"uv": [0, 32], "uv_size": [16, -16]}
							}
						},
						{
							"origin": [-8, 0, -8.25],
							"size": [16, 16, 0],
							"uv": {
								"north": {"uv": [32, 16], "uv_size": [16, 16]},
								"east": {"uv": [0, 0], "uv_size": [0, 16]},
								"south": {"uv": [0, 48], "uv_size": [16, 16]},
								"west": {"uv": [0, 0], "uv_size": [0, 16]},
								"up": {"uv": [0, 0], "uv_size": [16, 0]},
								"down": {"uv": [0, 0], "uv_size": [16, 0]}
							}
						},
						{
							"origin": [-3, 13, -10],
							"size": [6, 2, 2],
							"uv": {
								"north": {"uv": [32, 0], "uv_size": [6, 2]},
								"east": {"uv": [32, 8], "uv_size": [2, 2]},
								"south": {"uv": [32, 34], "uv_size": [6, 2]},
								"west": {"uv": [32, 10], "uv_size": [2, 2]},
								"up": {"uv": [32, 4], "uv_size": [6, 2]},
								"down": {"uv": [32, 8], "uv_size": [6, -2]}
							}
						},
						{
							"origin": [-7.5, 3, -8],
							"size": [15, 0, 16],
							"uv": {
								"north": {"uv": [0, 0], "uv_size": [15, 0]},
								"east": {"uv": [0, 0], "uv_size": [16, 0]},
								"south": {"uv": [0, 0], "uv_size": [15, 0]},
								"west": {"uv": [0, 0], "uv_size": [16, 0]},
								"up": {"uv": [1, 48], "uv_size": [15, -16]},
								"down": {"uv": [49, 64], "uv_size": [15, -16]}
							}
						},
						{
							"origin": [-7.5, 2.85, -8],
							"size": [15, 0, 16],
							"uv": {
								"north": {"uv": [0, 0], "uv_size": [15, 0]},
								"east": {"uv": [0, 0], "uv_size": [16, 0]},
								"south": {"uv": [0, 0], "uv_size": [15, 0]},
								"west": {"uv": [0, 0], "uv_size": [16, 0]},
								"up": {"uv": [1, 48], "uv_size": [15, -16]},
								"down": {"uv": [49, 64], "uv_size": [15, -16]}
							}
						},
						{
							"origin": [-7.5, 8, -8],
							"size": [15, 0, 16],
							"uv": {
								"north": {"uv": [0, 0], "uv_size": [15, 0]},
								"east": {"uv": [0, 0], "uv_size": [16, 0]},
								"south": {"uv": [0, 0], "uv_size": [15, 0]},
								"west": {"uv": [0, 0], "uv_size": [16, 0]},
								"up": {"uv": [1, 48], "uv_size": [15, -16]},
								"down": {"uv": [47, 16], "uv_size": [15, -16]}
							}
						},
						{
							"origin": [-7.5, 7.85, -8],
							"size": [15, 0, 16],
							"uv": {
								"north": {"uv": [0, 0], "uv_size": [15, 0]},
								"east": {"uv": [0, 0], "uv_size": [16, 0]},
								"south": {"uv": [0, 0], "uv_size": [15, 0]},
								"west": {"uv": [0, 0], "uv_size": [16, 0]},
								"up": {"uv": [1, 48], "uv_size": [15, -16]},
								"down": {"uv": [47, 16], "uv_size": [15, -16]}
							}
						},
						{
							"origin": [7, 0, -8],
							"size": [0, 16, 16],
							"uv": {
								"north": {"uv": [0, 0], "uv_size": [0, 16]},
								"east": {"uv": [16, 32], "uv_size": [16, 16]},
								"south": {"uv": [0, 0], "uv_size": [0, 16]},
								"west": {"uv": [0, 48], "uv_size": [16, 16]},
								"up": {"uv": [0, 0], "uv_size": [0, 16]},
								"down": {"uv": [0, 16], "uv_size": [0, -16]}
							}
						},
						{
							"origin": [7, 0, -8],
							"size": [0, 16, 16],
							"pivot": [0, 1, 0],
							"rotation": [0, -90, 0],
							"uv": {
								"north": {"uv": [0, 0], "uv_size": [0, 16]},
								"east": {"uv": [16, 32], "uv_size": [16, 16]},
								"south": {"uv": [0, 0], "uv_size": [0, 16]},
								"west": {"uv": [0, 48], "uv_size": [16, 16]},
								"up": {"uv": [0, 0], "uv_size": [0, 16]},
								"down": {"uv": [0, 16], "uv_size": [0, -16]}
							}
						},
						{
							"origin": [-7, 0, -8],
							"size": [0, 16, 16],
							"uv": {
								"north": {"uv": [0, 0], "uv_size": [0, 16]},
								"east": {"uv": [0, 48], "uv_size": [16, 16]},
								"south": {"uv": [0, 0], "uv_size": [0, 16]},
								"west": {"uv": [16, 32], "uv_size": [16, 16]},
								"up": {"uv": [0, 0], "uv_size": [0, 16]},
								"down": {"uv": [0, 16], "uv_size": [0, -16]}
							}
						}
					]
				}
			]
		}
	]
}