{
	"format_version": "1.12.0",
	"minecraft:geometry": [
		{
			"description": {
				"identifier": "geometry.pod_farm.toaster",
				"texture_width": 64,
				"texture_height": 64,
				"visible_bounds_width": 2,
				"visible_bounds_height": 2.5,
				"visible_bounds_offset": [0, 0.75, 0]
			},
			"bones": [
				{
					"name": "toaster",
					"pivot": [0, 0, -0.25],
					"cubes": [
						{
							"origin": [-4, 1, -6],
							"size": [8, 8, 12],
							"uv": {
								"north": {"uv": [20, 9], "uv_size": [8, 8]},
								"east": {"uv": [12, 0], "uv_size": [-12, 8]},
								"south": {"uv": [20, 0], "uv_size": [8, 8]},
								"west": {"uv": [0, 0], "uv_size": [12, 9]},
								"up": {"uv": [12, 0], "uv_size": [8, 12]},
								"down": {"uv": [12, 24], "uv_size": [8, -12]}
							}
						},
						{
							"origin": [-4, 0, -6.25],
							"size": [8, 9, 0],
							"uv": {
								"north": {"uv": [0, 9], "uv_size": [8, 9]},
								"east": {"uv": [0, 0], "uv_size": [0, 9]},
								"south": {"uv": [0, 23], "uv_size": [8, 9]},
								"west": {"uv": [0, 0], "uv_size": [0, 9]},
								"up": {"uv": [0, 0], "uv_size": [8, 0]},
								"down": {"uv": [0, 0], "uv_size": [8, 0]}
							}
						},
						{
							"origin": [-4, 0.2, -6],
							"size": [8, 2, 12],
							"inflate": 0.2,
							"uv": {
								"north": {"uv": [20, 16], "uv_size": [8, 2]},
								"east": {"uv": [0, 7], "uv_size": [12, 2]},
								"south": {"uv": [20, 16], "uv_size": [8, 2]},
								"west": {"uv": [0, 7], "uv_size": [12, 2]},
								"up": {"uv": [20, 24], "uv_size": [-8, -12]},
								"down": {"uv": [20, 24], "uv_size": [-8, -12]}
							}
						}
					]
				},
				{
					"name": "bread",
					"pivot": [0, -2, 0]
				},
				{
					"name": "bread0",
					"parent": "bread",
					"pivot": [-0.1, -6, -0.25],
					"cubes": [
						{
							"origin": [-2.1, 3, -4],
							"size": [1, 8, 8],
							"uv": {
								"north": {"uv": [35, 0], "uv_size": [1, 8]},
								"east": {"uv": [28, 0], "uv_size": [8, 8]},
								"south": {"uv": [35, 0], "uv_size": [1, 8]},
								"west": {"uv": [28, 0], "uv_size": [8, 8]},
								"up": {"uv": [37, 8], "uv_size": [-1, -8]},
								"down": {"uv": [43, 8], "uv_size": [-1, -8]}
							}
						},
						{
							"origin": [-2.1, 3, -4],
							"size": [1, 8, 8],
							"inflate": 0.1,
							"uv": {
								"north": {"uv": [37, 0], "uv_size": [1, 8]},
								"east": {"uv": [37, 0], "uv_size": [8, 8]},
								"south": {"uv": [37, 0], "uv_size": [1, 8]},
								"west": {"uv": [37, 0], "uv_size": [8, 8]},
								"up": {"uv": [46, 8], "uv_size": [-1, -8]},
								"down": {"uv": [43, 8], "uv_size": [-1, -8]}
							}
						}
					]
				},
				{
					"name": "bread1",
					"parent": "bread",
					"pivot": [0.1, -6, -0.25],
					"cubes": [
						{
							"origin": [1.1, 3, -4],
							"size": [1, 8, 8],
							"uv": {
								"north": {"uv": [36, 0], "uv_size": [-1, 8]},
								"east": {"uv": [36, 0], "uv_size": [-8, 8]},
								"south": {"uv": [36, 0], "uv_size": [-1, 8]},
								"west": {"uv": [36, 0], "uv_size": [-8, 8]},
								"up": {"uv": [36, 8], "uv_size": [1, -8]},
								"down": {"uv": [42, 8], "uv_size": [1, -8]}
							}
						},
						{
							"origin": [1.1, 3, -4],
							"size": [1, 8, 8],
							"inflate": 0.1,
							"uv": {
								"north": {"uv": [38, 0], "uv_size": [-1, 8]},
								"east": {"uv": [45, 0], "uv_size": [-8, 8]},
								"south": {"uv": [38, 0], "uv_size": [-1, 8]},
								"west": {"uv": [45, 0], "uv_size": [-8, 8]},
								"up": {"uv": [45, 8], "uv_size": [1, -8]},
								"down": {"uv": [42, 8], "uv_size": [1, -8]}
							}
						}
					]
				},
				{
					"name": "toast",
					"pivot": [0, 0, 0]
				},
				{
					"name": "toast0",
					"parent": "toast",
					"pivot": [-0.1, -4, -0.25],
					"cubes": [
						{
							"origin": [-2.1, 5, -4],
							"size": [1, 8, 8],
							"uv": {
								"north": {"uv": [35, 8], "uv_size": [1, 8]},
								"east": {"uv": [28, 8], "uv_size": [8, 8]},
								"south": {"uv": [35, 8], "uv_size": [1, 8]},
								"west": {"uv": [28, 8], "uv_size": [8, 8]},
								"up": {"uv": [37, 16], "uv_size": [-1, -8]},
								"down": {"uv": [43, 16], "uv_size": [-1, -8]}
							}
						},
						{
							"origin": [-2.1, 5, -4],
							"size": [1, 8, 8],
							"inflate": 0.1,
							"uv": {
								"north": {"uv": [37, 8], "uv_size": [1, 8]},
								"east": {"uv": [37, 8], "uv_size": [8, 8]},
								"south": {"uv": [37, 8], "uv_size": [1, 8]},
								"west": {"uv": [37, 8], "uv_size": [8, 8]},
								"up": {"uv": [46, 16], "uv_size": [-1, -8]},
								"down": {"uv": [43, 16], "uv_size": [-1, -8]}
							}
						}
					]
				},
				{
					"name": "toast1",
					"parent": "toast",
					"pivot": [0.1, -4, -0.25],
					"cubes": [
						{
							"origin": [1.1, 5, -4],
							"size": [1, 8, 8],
							"uv": {
								"north": {"uv": [36, 8], "uv_size": [-1, 8]},
								"east": {"uv": [36, 8], "uv_size": [-8, 8]},
								"south": {"uv": [36, 8], "uv_size": [-1, 8]},
								"west": {"uv": [36, 8], "uv_size": [-8, 8]},
								"up": {"uv": [36, 16], "uv_size": [1, -8]},
								"down": {"uv": [42, 16], "uv_size": [1, -8]}
							}
						},
						{
							"origin": [1.1, 5, -4],
							"size": [1, 8, 8],
							"inflate": 0.1,
							"uv": {
								"north": {"uv": [38, 8], "uv_size": [-1, 8]},
								"east": {"uv": [45, 8], "uv_size": [-8, 8]},
								"south": {"uv": [38, 8], "uv_size": [-1, 8]},
								"west": {"uv": [45, 8], "uv_size": [-8, 8]},
								"up": {"uv": [45, 16], "uv_size": [1, -8]},
								"down": {"uv": [42, 16], "uv_size": [1, -8]}
							}
						}
					]
				}
			]
		}
	]
}