{
  "pools": [
    {
      "rolls": 1,
      "entries": [
        {
          "type": "item",
          "name": "mbl_fish:crucian_carp",
          "weight": 60 //commom
        },
        {
          "type": "item",
          "name": "mbl_fish:goby",
          "weight": 60 
        },
        {
          "type": "item",
          "name": "mbl_fish:guppy",
          "weight": 60 
        },
        {
          "type": "item",
          "name": "mbl_fish:herring", 
          "weight": 60 
        },
        {
          "type": "item",
          "name": "mbl_fish:minnow", 
          "weight": 60 
        },
        {
          "type": "item",
          "name": "mbl_fish:perch", 
          "weight": 60 
        },
        {
          "type": "item",
          "name": "mbl_fish:pollock", 
          "weight": 60 
        },
        {
          "type": "item",
          "name": "mbl_fish:sardine", 
          "weight": 60 
        },
        {
          "type": "item",
          "name": "mbl_fish:stickleback",
          "weight": 60 
        },
        {
          "type": "item",
          "name": "mbl_fish:brown_trout", 
          "weight": 40 
        },
        {
          "type": "item",
          "name": "mbl_fish:channel_catfish", 
          "weight": 40 
        },
        {
          "type": "item",
          "name": "mbl_fish:common_molly", 
          "weight": 40 
        },
        {
          "type": "item",
          "name": "mbl_fish:mackerel", 
          "weight": 40 
        },
        {
          "type": "item",
          "name": "mbl_fish:roach", 
          "weight": 40 
        },
        {
          "type": "item",
          "name": "mbl_fish:rudd", 
          "weight": 40 
        },
        {
          "type": "item",
          "name": "mbl_fish:anchovy",
          "weight": 40 
        },
        {
          "type": "item",
          "name": "mbl_fish:burbot", 
          "weight": 40 
        },
        {
          "type": "item",
          "name": "mbl_fish:mahi_mahi",
          "weight": 40 
        },
        {
          "type": "item",
          "name": "mbl_fish:gudgeon",
          "weight": 40 
        },
        {
          "type": "item",
          "name": "mbl_fish:large_mouth_bass", 
          "weight": 40 
        },
        {
          "type": "item",
          "name": "mbl_fish:lingcod", 
          "weight": 40 
        },
        {
          "type": "item",
          "name": "mbl_fish:northern_pike", 
          "weight": 40 
        },
        {
          "type": "item",
          "name": "mbl_fish:rainbow_trout",
          "weight": 40 
        },
        {
          "type": "item",
          "name": "mbl_fish:sea_bass",
          "weight": 40 
        },
        {
          "type": "item",
          "name": "mbl_fish:skipjack_tuna", 
          "weight": 40 
        },
        {
          "type": "item",
          "name": "mbl_fish:tench", 
          "weight": 30 
        },
        {
          "type": "item",
          "name": "mbl_fish:bluegill", 
          "weight": 30 
        },
        {
          "type": "item",
          "name": "mbl_fish:chub", 
          "weight": 30 
        },
        {
          "type": "item",
          "name": "mbl_fish:common_carp", 
          "weight": 30 
        },
        {
          "type": "item",
          "name": "mbl_fish:goldfish", 
          "weight": 30 
        },
        {
          "type": "item",
          "name": "mbl_fish:grayling", 
          "weight": 30 
        },
        {
          "type": "item",
          "name": "mbl_fish:haddock", 
          "weight": 30 
        },
        {
          "type": "item",
          "name": "mbl_fish:milkfish", 
          "weight": 30 
        },
        {
          "type": "item",
          "name": "mbl_fish:tilapia",
          "weight": 30 
        },
        {
          "type": "item",
          "name": "mbl_fish:walleye",
          "weight": 30 
        },
        {
          "type": "item",
          "name": "mbl_fish:white_bass", 
          "weight": 30 
        }
      ]
    }
  ]
}