{
  "pools": [
    {
      "rolls": 3,
      "entries": [
        {
          "type": "item",
          "name": "mbl_fish:blue_marlin",
          "weight": 20 //commom
        },
        {
          "type": "item",
          "name": "mbl_fish:patagonian_toothfish",
          "weight": 20 
        },
        {
          "type": "item",
          "name": "mbl_fish:swordfish",
          "weight": 20 
        },
        {
          "type": "item",
          "name": "mbl_fish:tilefish",
          "weight": 20 
        },
        {
          "type": "item",
          "name": "mbl_fish:bluefin_tuna",
          "weight": 20 
        },
        {
          "type": "item",
          "name": "mbl_fish:bowfin",
          "weight": 20 
        },
        {
          "type": "item",
          "name": "mbl_fish:cobia",
          "weight": 20 
        },
        {
          "type": "item",
          "name": "mbl_fish:opah",
          "weight": 10 
        },
        {
          "type": "item",
          "name": "mbl_fish:alligator_gar",
          "weight": 10 
        },
        {
          "type": "item",
          "name": "mbl_fish:coelacanth",
          "weight": 10 
        },
        {
          "type": "item",
          "name": "mbl_fish:sturgeon",
          "weight": 10 
        },
        {
          "type": "item",
          "name": "mbl_fish:barramundi",
          "weight": 30 //commom
        },
        {
          "type": "item",
          "name": "mbl_fish:bream",
          "weight": 30 
        },
        {
          "type": "item",
          "name": "mbl_fish:croaker",
          "weight": 30
        },
        {
          "type": "item",
          "name": "mbl_fish:escolar",
          "weight": 30 
        },
        {
          "type": "item",
          "name": "mbl_fish:grass_carp",
          "weight": 30 
        },
        {
          "type": "item",
          "name": "mbl_fish:lionfish",
          "weight": 30 
        },
        {
          "type": "item",
          "name": "mbl_fish:nile_perch",
          "weight": 30 
        },
        {
          "type": "item",
          "name": "mbl_fish:pumkinseed",
          "weight": 30 
        },
        {
          "type": "item",
          "name": "mbl_fish:snapper",
          "weight": 30 
        },
        {
          "type": "item",
          "name": "mbl_fish:whitefish",
          "weight": 30 
        },
        {
          "type": "item",
          "name": "mbl_fish:yellowfin_tuna",
          "weight": 30 
        },
        {
          "type": "item",
          "name": "mbl_fish:arctic_char",
          "weight": 30 
        },
        {
          "type": "item",
          "name": "mbl_fish:black_crappie",
          "weight": 30 
        },
        {
          "type": "item",
          "name": "mbl_fish:eel",
          "weight": 30 
        },
        {
          "type": "item",
          "name": "mbl_fish:monkfish",
          "weight": 30 
        },
        {
          "type": "item",
          "name": "mbl_fish:oscar",
          "weight": 30 
        },
        {
          "type": "item",
          "name": "mbl_fish:piranha",
          "weight": 30 
        },
        {
          "type": "item",
          "name": "mbl_fish:pompano",
          "weight": 30 
        },
        {
          "type": "item",
          "name": "mbl_fish:red_drum",
          "weight": 30 
        },
        {
          "type": "item",
          "name": "mbl_fish:red_snapper",
          "weight": 30 
        },
        {
          "type": "item",
          "name": "mbl_fish:roosterfish",
          "weight": 30 
        },
        {
          "type": "item",
          "name": "mbl_fish:tarpon",
          "weight": 30 
        },
        {
          "type": "item",
          "name": "mbl_fish:wahoo",
          "weight": 30 
        },
        {
          "type": "item",
          "name": "mbl_fish:barracuda",
          "weight": 30 
        },
        {
          "type": "item",
          "name": "mbl_fish:grouper",
          "weight": 30 
        },
        {
          "type": "item",
          "name": "mbl_fish:halibut",
          "weight": 30 
        },
        {
          "type": "item",
          "name": "mbl_fish:sailfish",
          "weight": 30 
        },
        {
          "type": "item",
          "name": "mbl_fish:striped_bass",
          "weight": 30 
        },
        {
          "type": "item",
          "name": "mbl_fish:zander",
          "weight": 30
        },
        {
          "type": "item",
          "name": "mbl_fish:crucian_carp",
          "weight": 60 //commom
        },
        {
          "type": "item",
          "name": "mbl_fish:goby",
          "weight": 60 
        },
        {
          "type": "item",
          "name": "mbl_fish:guppy",
          "weight": 60 
        },
        {
          "type": "item",
          "name": "mbl_fish:herring", 
          "weight": 60 
        },
        {
          "type": "item",
          "name": "mbl_fish:minnow", 
          "weight": 60 
        },
        {
          "type": "item",
          "name": "mbl_fish:perch", 
          "weight": 60 
        },
        {
          "type": "item",
          "name": "mbl_fish:pollock", 
          "weight": 60 
        },
        {
          "type": "item",
          "name": "mbl_fish:sardine", 
          "weight": 60 
        },
        {
          "type": "item",
          "name": "mbl_fish:stickleback",
          "weight": 60 
        },
        {
          "type": "item",
          "name": "mbl_fish:brown_trout", 
          "weight": 40 
        },
        {
          "type": "item",
          "name": "mbl_fish:channel_catfish", 
          "weight": 40 
        },
        {
          "type": "item",
          "name": "mbl_fish:common_molly", 
          "weight": 40 
        },
        {
          "type": "item",
          "name": "mbl_fish:mackerel", 
          "weight": 40 
        },
        {
          "type": "item",
          "name": "mbl_fish:roach", 
          "weight": 40 
        },
        {
          "type": "item",
          "name": "mbl_fish:rudd", 
          "weight": 40 
        },
        {
          "type": "item",
          "name": "mbl_fish:anchovy",
          "weight": 40 
        },
        {
          "type": "item",
          "name": "mbl_fish:burbot", 
          "weight": 40 
        },
        {
          "type": "item",
          "name": "mbl_fish:mahi_mahi",
          "weight": 40 
        },
        {
          "type": "item",
          "name": "mbl_fish:gudgeon",
          "weight": 40 
        },
        {
          "type": "item",
          "name": "mbl_fish:large_mouth_bass", 
          "weight": 40 
        },
        {
          "type": "item",
          "name": "mbl_fish:lingcod", 
          "weight": 40 
        },
        {
          "type": "item",
          "name": "mbl_fish:northern_pike", 
          "weight": 40 
        },
        {
          "type": "item",
          "name": "mbl_fish:rainbow_trout",
          "weight": 40 
        },
        {
          "type": "item",
          "name": "mbl_fish:sea_bass",
          "weight": 40 
        },
        {
          "type": "item",
          "name": "mbl_fish:skipjack_tuna", 
          "weight": 40 
        },
        {
          "type": "item",
          "name": "mbl_fish:tench", 
          "weight": 30 
        },
        {
          "type": "item",
          "name": "mbl_fish:bluegill", 
          "weight": 30 
        },
        {
          "type": "item",
          "name": "mbl_fish:chub", 
          "weight": 30 
        },
        {
          "type": "item",
          "name": "mbl_fish:common_carp", 
          "weight": 30 
        },
        {
          "type": "item",
          "name": "mbl_fish:goldfish", 
          "weight": 30 
        },
        {
          "type": "item",
          "name": "mbl_fish:grayling", 
          "weight": 30 
        },
        {
          "type": "item",
          "name": "mbl_fish:haddock", 
          "weight": 30 
        },
        {
          "type": "item",
          "name": "mbl_fish:milkfish", 
          "weight": 30 
        },
        {
          "type": "item",
          "name": "mbl_fish:tilapia",
          "weight": 30 
        },
        {
          "type": "item",
          "name": "mbl_fish:walleye",
          "weight": 30 
        },
        {
          "type": "item",
          "name": "mbl_fish:white_bass", 
          "weight": 30 
        }
      ]
    }
  ]
}