{
  "format_version": "1.16.0",
  "minecraft:entity": {
    "description": {
      "identifier": "pod_farm:blender_fill",
      "is_spawnable": false,
      "is_summonable": true,
      "is_experimental": false,
      "properties": {
        "pod_farm:red": {
          "default": 0,
          "range": [0, 255],
          "client_sync": true,
          "type": "int"
        },
        "pod_farm:green": {
          "default": 0,
          "range": [0, 255],
          "client_sync": true,
          "type": "int"
        },
        "pod_farm:blue": {
          "default": 0,
          "range": [0, 255],
          "client_sync": true,
          "type": "int"
        }
      }
    },
    "component_groups": {
      "pod_farm:despawn": {
        "minecraft:instant_despawn": {}
      }
    },
    "components": {
      "minecraft:type_family": {
        "family": ["pod_farm_blender"]
      },
      "minecraft:persistent": {},
      "minecraft:collision_box": {
        "width": 0,
        "height": 0
      },
      "minecraft:custom_hit_test": {
        "hitboxes": [
          {
            "width": 0,
            "height": 0
          }
        ]
      },
      "minecraft:physics": {
        "has_gravity": false,
        "has_collision": false
      },
      "minecraft:equippable": {
        "slots": [{ "slot": 0 }]
      },
      "minecraft:equip_item": {},
      "minecraft:equipment": {
        "slot_drop_chance": []
      },
      "minecraft:behavior.equip_item": {
        "priority": 0
      },
      "minecraft:damage_sensor": {
        "triggers": [
          {
            "on_damage": {
              "filters": [
                {
                  "all_of": [
                    {
                      "test": "has_damage",
                      "value": "attack"
                    },
                    {
                      "test": "has_damage",
                      "operator": "!=",
                      "value": "projectile"
                    },
                    {
                      "test": "is_family",
                      "subject": "other",
                      "value": "player"
                    }
                  ]
                }
              ],
              "event": "pod_farm:despawn"
            },
            "deals_damage": false
          },
          {
            "deals_damage": false
          }
        ]
      },
      "minecraft:health": {
        "min": 1,
        "max": 1,
        "value": 1
      },
      "minecraft:knockback_resistance": {
        "value": 1,
        "max": 1
      }
    },
    "events": {
      "pod_farm:despawn": {
        "add": {
          "component_groups": ["pod_farm:despawn"]
        }
      }
    }
  }
}
