{
  "format_version": "1.16.0",
  "minecraft:entity": {
    "description": {
      "identifier": "pod_farm:kettle_controller",
      "is_spawnable": false,
      "is_summonable": true,
      "is_experimental": false,
      "properties": {
        "pod_farm:on_stove": {
          "client_sync": true,
          "default": false,
          "type": "bool"
        },
        "pod_farm:water_fill": {
          "client_sync": false,
          "default": 0,
          "range": [0, 3],
          "type": "int"
        },
        "pod_farm:item": {
          "client_sync": false,
          "default": "none",
          "values": ["none", "cocoa_beans", "ginger", "tea", "coffee"],
          "type": "enum"
        }
      }
    },
    "component_groups": {
      "pod_farm:despawn": {
        "minecraft:instant_despawn": {}
      }
    },
    "components": {
      "minecraft:type_family": {
        "family": ["pod_farm_kettle"]
      },
      "minecraft:persistent": {},
      "minecraft:collision_box": {
        "width": 0,
        "height": 0
      },
      "minecraft:custom_hit_test": {
        "hitboxes": [
          {
            "width": 0,
            "height": 0,
            "pivot": [0, 0, 0]
          }
        ]
      },
      "minecraft:physics": {
        "has_gravity": false,
        "has_collision": false
      },
      "minecraft:damage_sensor": {
        "triggers": [
          {
            "deals_damage": false
          }
        ]
      },
      "minecraft:health": {
        "min": 1,
        "max": 1,
        "value": 1
      },
      "minecraft:knockback_resistance": {
        "value": 1,
        "max": 1
      }
    },
    "events": {
      "pod_farm:on_stove": {
        "set_property": {
          "pod_farm:on_stove": true
        }
      },
      "pod_farm:despawn": {
        "add": {
          "component_groups": ["pod_farm:despawn"]
        }
      }
    }
  }
}
