{
  "format_version": "1.16.0",
  "minecraft:entity": {
    "description": {
      "identifier": "pod_farm:plate",
      "is_spawnable": false,
      "is_summonable": true,
      "is_experimental": false,
      "properties": {
        "pod_farm:food": {
          "client_sync": true,
          "default": 0,
          "range": [0, 44],
          "type": "int"
        }
      }
    },
    "component_groups": {
      "pod_farm:break": {
        "minecraft:spawn_entity": {
          "entities": [
            {
              "single_use": true,
              "min_wait_time": 0,
              "max_wait_time": 0,
              "spawn_item": "pod_farm:plate"
            }
          ]
        }
      },
      "pod_farm:despawn": {
        "minecraft:instant_despawn": {}
      }
    },
    "components": {
      "minecraft:type_family": {
        "family": ["pod_farm_plate"]
      },
      "minecraft:persistent": {},
      "minecraft:collision_box": {
        "width": 0,
        "height": 0
      },
      "minecraft:custom_hit_test": {
        "hitboxes": [
          {
            "width": 1,
            "height": 0.4,
            "pivot": [0, 0.2, 0]
          }
        ]
      },
      "minecraft:physics": {
        "has_gravity": false,
        "has_collision": false
      },
      "minecraft:equippable": {
        "slots": [{ "slot": 0 }]
      },
      "minecraft:equip_item": {},
      "minecraft:equipment": {
        "slot_drop_chance": []
      },
      "minecraft:behavior.equip_item": {
        "priority": 0
      },
      "minecraft:damage_sensor": {
        "triggers": [
          {
            "on_damage": {
              "filters": [
                {
                  "test": "is_family",
                  "subject": "other",
                  "value": "player"
                },
                {
                  "test": "distance_to_nearest_player",
                  "subject": "self",
                  "operator": "<",
                  "value": 4
                }
              ],
              "event": "pod_farm:handlePunch"
            },
            "deals_damage": false
          },
          {
            "deals_damage": false
          }
        ]
      },
      "minecraft:interact": {
        "interactions": [
          {
            "swing": true,
            "on_interact": {
              "filters": [],
              "target": "self",
              "event": "pod_farm:handleInteract"
            }
          }
        ]
      }
    },
    "events": {
      "pod_farm:handlePunch": {},
      "pod_farm:handleInteract": {},
      "pod_farm:break": {
        "add": {
          "component_groups": ["pod_farm:break", "pod_farm:despawn"]
        }
      },

      "pod_farm:despawn": {
        "add": {
          "component_groups": ["pod_farm:despawn"]
        }
      }
    }
  }
}
