{
  "format_version": "1.12.0",
  "minecraft:entity": {
    "description": {
      "identifier": "pod_farm:quail_egg",
      "is_spawnable": false,
      "is_summonable": true,
      "is_experimental": false
    },
    "component_groups": {
      "pod_farm:delayed_despawn": {
        "minecraft:timer": {
          "time": 0.2,
          "looping": false,
          "time_down_event": {
            "event": "pod_farm:despawn",
            "target": "self"
          }
        }
      },
      "pod_farm:despawn": {
        "minecraft:instant_despawn": {
          "remove_child_entities": false
        }
      }
    },
    "components": {
      "minecraft:collision_box": {
        "width": 0.25,
        "height": 0.25
      },
      "minecraft:projectile": {
        "on_hit": {
          "impact_damage": {
            "damage": 0,
            "knockback": true,
            "destroy_on_hit": true
          },
          "definition_event": {
            "event_trigger": {
              "event": "pod_farm:delayed_despawn",
              "target": "self"
            }
          },
          "spawn_chance": {
            "first_spawn_chance": 8,
            "second_spawn_chance": 32,
            "first_spawn_count": 1,
            "second_spawn_count": 4,
            "spawn_definition": "pod_farm:quail",
            "spawn_baby": true
          }
        },
        "power": 1.5,
        "gravity": 0.03,
        "angle_offset": 0.0
      },
      "minecraft:damage_sensor": {
        "triggers": [
          {
            "cause": "all",
            "deals_damage": false
          }
        ]
      },
      "minecraft:physics": {},
      "minecraft:pushable": {
        "is_pushable": true,
        "is_pushable_by_piston": true
      },
      "minecraft:conditional_bandwidth_optimization": {
        "default_values": {
          "max_optimized_distance": 80.0,
          "max_dropped_ticks": 7,
          "use_motion_prediction_hints": true
        }
      }
    },
    "events": {
      "pod_farm:delayed_despawn": {
        "add": {
          "component_groups": ["pod_farm:delayed_despawn"]
        }
      },
      "pod_farm:despawn": {
        "add": {
          "component_groups": ["pod_farm:despawn"]
        }
      }
    }
  }
}
