{
	"format_version": "1.20.50",
	"minecraft:item": {
		"description": {
			"identifier": "mbl_fish:northern_pike_co",
			"menu_category": {
				"category": "equipment",
				"group": "itemGroup.name.cookedFood"
			}
		},
		"components": {
			"minecraft:max_stack_size": 64,
			"minecraft:icon": {
				"texture": "northern_pike_co"
			},
			"minecraft:food": {
				"can_always_eat": false,
				"nutrition": 8,
				"saturation_modifier": 0.6
			},
			"minecraft:display_name":{
                "value": "熟白斑狗鱼"
            },
			"minecraft:use_modifiers": {
				"movement_modifier": 0.32,
				"use_duration": 1.6
			},
			"minecraft:use_animation": "eat"
		}
	}
}