{
	"format_version": "1.20.50",
	"minecraft:item": {
		"description": {
			"identifier": "mbl_fish:perch",
			"menu_category": {
				"category": "nature",
				"group": "itemGroup.name.rawFood"
			}
		},
		"components": {
			"minecraft:max_stack_size": 64,
			"minecraft:icon": {
				"texture": "perch"
			},
			"minecraft:display_name":{
                "value": "攀鲈 \n§o§f普通§r"
            },
			"minecraft:food": {
				"can_always_eat": false,
				"nutrition": 4,
				"saturation_modifier": 0.6
			},
			"minecraft:use_modifiers": {
				"movement_modifier": 0.32,
				"use_duration": 1.6
			},
			"minecraft:use_animation": "eat"
		}
	}
}