{
	"format_version": "1.20.50",
	"minecraft:item": {
		"description": {
			"identifier": "mbl_fish:skipjack_tuna_bo",
			"menu_category": {
				"category": "items"
			}
		},
		"components": {
			"minecraft:max_stack_size": 1,
			"minecraft:icon": {
				"texture": "skipjack_tuna_bo"
			},
			"minecraft:entity_placer": {
				"entity": "mbl_fish:skipjack_tuna"
			},
			"minecraft:display_name":{
                "value": "桶装鲣鱼"
            },
			"minecraft:block_placer":{
				"block": "flowing_water",
				"use_on" : ["dirt","stone",
							"grass","sand"]
			}
		}
	}
}