{
  "format_version": "1.20.50",
  "minecraft:block": {
    "description": {
      "identifier": "xp_furniture:crimson_side_table",
      "menu_category": {
        "category": "construction"
      },
      "traits": {
        "minecraft:placement_direction": {
          "y_rotation_offset": 180,
          "enabled_states": ["minecraft:cardinal_direction"]
        }
      }
    },
    "components": {
      "minecraft:map_color": "#7D3955",
      "minecraft:destructible_by_mining": {
        "seconds_to_destroy": 0.4
      },
      "minecraft:geometry": "geometry.xp_furniture.side_table",
      "minecraft:collision_box": true,
      "minecraft:material_instances": {
        "*": {
          "render_method": "alpha_test",
          "texture": "xp_furniture:crimson_table"
        }
      }
    },
    "permutations": [
      {
        "condition": "query.block_state('minecraft:cardinal_direction') == 'north'",
        "components": {
          "minecraft:transformation": {
            "rotation": [0, 0, 0]
          }
        }
      },
      {
        "condition": "query.block_state('minecraft:cardinal_direction') == 'east'",
        "components": {
          "minecraft:transformation": {
            "rotation": [0, 270, 0]
          }
        }
      },
      {
        "condition": "query.block_state('minecraft:cardinal_direction') == 'south'",
        "components": {
          "minecraft:transformation": {
            "rotation": [0, 180, 0]
          }
        }
      },
      {
        "condition": "query.block_state('minecraft:cardinal_direction') == 'west'",
        "components": {
          "minecraft:transformation": {
            "rotation": [0, 90, 0]
          }
        }
      }
    ]
  }
}
