{
	"format_version": "1.10.0",
	"particle_effect": {
		"description": {
			"identifier": "xp_furniture:aquarium.bubbles",
			"basic_render_parameters": {
				"material": "particles_blend",
				"texture": "textures/xp/fpack/particle/xp_sprite"
			}
		},
		"curves": {
			"variable.life": {
				"type": "bezier_chain",
				"input": "v.particle_age",
				"nodes": {
					"0.0": {
						"value": 0,
						"slope": 0
					},
					"0.1": {
						"value": 0,
						"slope": 0
					},
					"0.74": {
						"value": 4,
						"slope": 0
					},
					"0.99": {
						"value": -8,
						"slope": 0
					}
				}
			}
		},
		"components": {
			"minecraft:emitter_rate_steady": {
				"spawn_rate": 1,
				"max_particles": 15
			},
			"minecraft:emitter_lifetime_once": {
				"active_time": 1.1
			},
			"minecraft:emitter_shape_point": {},
			"minecraft:particle_lifetime_expression": {
				"max_lifetime": 1.25
			},
			"minecraft:particle_expire_if_in_blocks": ["minecraft:air"],
			"minecraft:particle_initial_speed": "Math.random(0, 0.1)",
			"minecraft:particle_motion_dynamic": {
				"linear_acceleration": ["Math.random(1,-1)", 2, "Math.random(1,-1)"],
				"linear_drag_coefficient": 5
			},
			"minecraft:particle_appearance_billboard": {
				"size": ["v.particle_random_1*0.025", "v.particle_random_1*0.025"],
				"facing_camera_mode": "lookat_xyz",
				"uv": {
					"texture_width": 256,
					"texture_height": 256,
					"flipbook": {
						"base_UV": [9, 0],
						"size_UV": [9, 9],
						"step_UV": [9, 0],
						"frames_per_second": 11,
						"max_frame": 8
					}
				}
			},
			"minecraft:particle_appearance_tinting": {
				"color": {
					"interpolant": "v.particle_age/v.particle_lifetime",
					"gradient": {
						"0.0": "#FF9BDEFF",
						"0.67": "#FF9BDEFF",
						"0.74": "#FF9BDEFF",
						"1.0": "#00CBEEFF"
					}
				}
			}
		}
	}
}