{
  "format_version": "1.12.0",
  "minecraft:recipe_shaped": {
    "description": {
      "identifier": "4ks_wp:amethyst_club"
    },
    "tags": [
      "crafting_table"
    ],
    "pattern": [
      "  #",
      " # ",
      "S"
    ],
    "key": {
      "A": {
        "item": "4ks_wp:amethyst_axe"
      },
      "#": {
        "item": "minecraft:amethyst_shard"
      },
      "S": {
        "item": "4ks_wp:quartz_stick"
      }
    },
    "result": {
      "item": "4ks_wp:amethyst_club",
      "count": 1
    }
  }
}