{
	"format_version": "1.12.0",
	"minecraft:geometry": [
		{
			"description": {
				"identifier": "geometry.pod_farm.grill_controller",
				"texture_width": 128,
				"texture_height": 128,
				"visible_bounds_width": 2,
				"visible_bounds_height": 2.5,
				"visible_bounds_offset": [0, 0.75, 0]
			},
			"bones": [
				{
					"name": "head",
					"pivot": [0, -0.7, -0.2]
				},
				{
					"name": "rightArm",
					"parent": "head",
					"pivot": [0, -0.7, -0.2],
					"rotation": [180, 0, 180]
				},
				{
					"name": "rightItem",
					"parent": "rightArm",
					"pivot": [3, 9.6, 5],
					"rotation": [12.35852, 14.9195, -11.25]
				},
				{
					"name": "leftArm",
					"parent": "head",
					"pivot": [0, -0.7, -0.2],
					"rotation": [180, 0, -179]
				},
				{
					"name": "leftItem",
					"parent": "leftArm",
					"pivot": [-3, 9.85, 5],
					"rotation": [12.35852, 14.9195, -11.25]
				}
			]
		}
	]
}