{
	"format_version": "1.10.0",
	"particle_effect": {
		"description": {
			"identifier": "xp_furniture:scarecrow_hit_2",
			"basic_render_parameters": {
				"material": "particles_blend",
				"texture": "textures/xp/fpack/particle/xp_sprite"
			}
		},
		"curves": {
			"variable.size1": {
				"type": "bezier",
				"input": "v.particle_age",
				"horizontal_range": "v.particle_lifetime",
				"nodes": [0, 3.3, 0, 0]
			},
			"variable.colour": {
				"type": "linear",
				"input": "v.particle_age",
				"horizontal_range": "v.particle_lifetime",
				"nodes": [0, 1]
			}
		},
		"components": {
			"minecraft:emitter_rate_instant": {
				"num_particles": 20
			},
			"minecraft:emitter_lifetime_once": {
				"active_time": 2
			},
			"minecraft:emitter_shape_point": {
				"offset": [0, 0.1, 0]
			},
			"minecraft:particle_lifetime_expression": {
				"max_lifetime": "math.random(1, 2)"
			},
			"minecraft:particle_initial_spin": {
				"rotation": "math.random(-360, 360)",
				"rotation_rate": "math.random(-90, 90)"
			},
			"minecraft:particle_initial_speed": "math.random(1, 5)",
			"minecraft:particle_motion_dynamic": {
				"linear_drag_coefficient": 3
			},
			"minecraft:particle_appearance_billboard": {
				"size": ["(0.4*v.particle_random_2+0.02) / (v.particle_age+1)*variable.size1", "(0.4*v.particle_random_2+0.02) / (v.particle_age+1)*variable.size1"],
				"facing_camera_mode": "rotate_xyz",
				"uv": {
					"texture_width": 256,
					"texture_height": 256,
					"flipbook": {
						"base_UV": [240, 0],
						"size_UV": [16, 16],
						"step_UV": [0, 16],
						"frames_per_second": 10,
						"max_frame": 12,
						"stretch_to_lifetime": true
					}
				}
			},
			"minecraft:particle_appearance_lighting": {},
			"minecraft:particle_appearance_tinting": {
				"color": {
					"interpolant": "variable.colour",
					"gradient": {
						"0.0": "#6EFFFFFF",
						"0.18": "#47FFFFFF",
						"0.77": "#00FFFFFF",
						"1.0": "#00FFFFFF"
					}
				}
			}
		}
	}
}