{
	"format_version": "1.10.0",
	"particle_effect": {
		"description": {
			"identifier": "xp_furniture:water_mill.flaps.ripple.2",
			"basic_render_parameters": {
				"material": "particles_blend",
				"texture": "textures/xp/fpack/particle/xp_sprite"
			}
		},
		"curves": {
			"variable.fall": {
				"type": "bezier_chain",
				"input": "v.particle_age",
				"nodes": {
					"0.0": {
						"value": 0,
						"slope": 0
					},
					"0.26": {
						"value": -3.43,
						"slope": 0
					},
					"0.1": {
						"value": 0,
						"slope": 0
					}
				}
			},
			"variable.fall2": {
				"type": "bezier_chain",
				"input": "v.particle_age",
				"nodes": {
					"0.0": {
						"value": 0,
						"slope": 0
					},
					"0.26": {
						"value": -3.43,
						"slope": 0
					},
					"0.1": {
						"value": 0,
						"slope": 0
					}
				}
			},
			"variable.size": {
				"type": "bezier_chain",
				"input": "v.particle_age",
				"nodes": {
					"0.0": {
						"value": 0.075,
						"slope": 0
					},
					"0.6": {
						"value": 0,
						"slope": 0
					},
					"0.07": {
						"value": 0.2,
						"slope": 0
					},
					"0.18": {
						"value": 0.075,
						"slope": 0
					},
					"0.36": {
						"value": 0.075,
						"slope": 0
					}
				}
			},
			"variable.g": {
				"type": "bezier_chain",
				"input": "v.particle_age",
				"nodes": {
					"0.0": {
						"value": 0,
						"slope": 0
					},
					"0.97": {
						"value": 0.49,
						"slope": 0.05
					},
					"0.06": {
						"value": 0.14,
						"slope": 0.35
					},
					"0.33": {
						"value": 0.37,
						"slope": 0.2
					}
				}
			}
		},
		"components": {
			"minecraft:emitter_local_space": {
				"position": true,
				"rotation": true
			},
			"minecraft:emitter_rate_steady": {
				"spawn_rate": 5,
				"max_particles": 100
			},
			"minecraft:emitter_lifetime_once": {
				"active_time": 0.5
			},
			"minecraft:emitter_shape_point": {
				"offset": [0.1, -0.01, 0],
				"direction": [-1, 0, 0]
			},
			"minecraft:particle_lifetime_expression": {
				"max_lifetime": 0.55
			},
			"minecraft:particle_initial_speed": 0,
			"minecraft:particle_motion_dynamic": {
				"linear_acceleration": [-3, 0, 0]
			},
			"minecraft:particle_appearance_billboard": {
				"size": ["0.75+v.particle_age", "0.25+v.particle_age"],
				"facing_camera_mode": "direction_y",
				"direction": {
					"mode": "custom",
					"custom_direction": [1, 0, 0]
				},
				"uv": {
					"texture_width": 256,
					"texture_height": 256,
					"uv": [224, 0],
					"uv_size": [16, 16]
				}
			},
			"minecraft:particle_appearance_tinting": {
				"color": {
					"interpolant": "v.particle_age/v.particle_lifetime",
					"gradient": {
						"0.0": "#00FFFFFF",
						"0.09": "#70A9E7FF",
						"0.2": "#7A6AAADA",
						"1.0": "#00266ED0"
					}
				}
			}
		}
	}
}