{
	"format_version": "1.10.0",
	"particle_effect": {
		"description": {
			"identifier": "xp_furniture:butterfly_trail",
			"basic_render_parameters": {
				"material": "particles_blend",
				"texture": "textures/xp/fpack/particle/glow_pixel"
			}
		},
		"curves": {
			"v.size": {
				"type": "linear",
				"input": 0,
				"horizontal_range": "variable.particle_lifetime",
				"nodes": [0, 1]
			}
		},
		"components": {
			"minecraft:emitter_rate_instant": {
				"num_particles": 1
			},
			"minecraft:emitter_lifetime_once": {
				"active_time": 0.25
			},
			"minecraft:emitter_shape_point": {},
			"minecraft:particle_lifetime_expression": {
				"max_lifetime": "Math.random(1, 3.75)"
			},
			"minecraft:particle_initial_speed": 0,
			"minecraft:particle_motion_dynamic": {},
			"minecraft:particle_appearance_billboard": {
				"size": ["variable.particle_random_1 * variable.particle_random_2 * 0.5 + 0.25", "variable.particle_random_1 * variable.particle_random_2 * 0.5 + 0.25"],
				"facing_camera_mode": "lookat_xyz",
				"uv": {
					"texture_width": 32,
					"texture_height": 32,
					"uv": [0, 0],
					"uv_size": [32, 32]
				}
			},
			"minecraft:particle_appearance_tinting": {
				"color": {
					"interpolant": "v.particle_random_3+variable.particle_age",
					"gradient": {
						"0.04": "#FFFFCF4E",
						"0.12": "#FFFFFFFF",
						"0.2": "#FFFEFF4E",
						"0.44": "#FFFFFFFF",
						"0.76": "#FFFFEA4E",
						"1.0": "#0089FF00"
					}
				}
			}
		}
	}
}