{
	"format_version": "1.10.0",
	"particle_effect": {
		"description": {
			"identifier": "xp_furniture:small_fountain",
			"basic_render_parameters": {
				"material": "particles_blend",
				"texture": "textures/particle/particles"
			}
		},
		"curves": {
			"variable.colour": {
				"type": "linear",
				"input": "v.particle_age",
				"horizontal_range": "v.particle_lifetime",
				"nodes": [0, 1]
			}
		},
		"components": {
			"minecraft:emitter_rate_steady": {
				"spawn_rate": 20,
				"max_particles": 100
			},
			"minecraft:emitter_lifetime_looping": {
				"active_time": 1
			},
			"minecraft:emitter_shape_point": {
				"offset": [-0.025, 0.05, 0],
				"direction": ["Math.random(-0.01, 0.01)", 0, -0.25]
			},
			"minecraft:particle_lifetime_expression": {
				"max_lifetime": 0.2,
				"expiration_expression": "!q.is_sheared"
			},
			"minecraft:particle_initial_speed": 1.5,
			"minecraft:particle_motion_dynamic": {
				"linear_acceleration": [0, -10, 0]
			},
			"minecraft:particle_appearance_billboard": {
				"size": ["(0.001*v.particle_random_2+0.02) / (v.particle_age+0.1)", "(0.001*v.particle_random_2+0.02) / (v.particle_age+0.3)"],
				"facing_camera_mode": "lookat_direction",
				"uv": {
					"texture_width": 128,
					"texture_height": 128,
					"uv": [8, 56],
					"uv_size": [8, 8]
				}
			},
			"minecraft:particle_appearance_lighting": {},
			"minecraft:particle_appearance_tinting": {
				"color": {
					"interpolant": "v.particle_random_3+v.particle_age",
					"gradient": {
						"0.0": "#A6007FFF",
						"2.5": "#B5009FFF",
						"5.0": "#6E00ACFF",
						"6.9": "#8500B8FF",
						"10.0": "#8200A5FF"
					}
				}
			}
		}
	}
}