{
  "texture_data": {
    "pod_farm:hamburger": {
      "textures": "textures/podcrash/farm/items/hamburger.png"
    },
    "pod_farm:cheeseburger": {
      "textures": "textures/podcrash/farm/items/cheeseburger.png"
    },
    "pod_farm:fish_burger": {
      "textures": "textures/podcrash/farm/items/fish_burger.png"
    },
    "pod_farm:poultry_burger": {
      "textures": "textures/podcrash/farm/items/poultry_burger.png"
    },
    "pod_farm:tinned_tomatoes": {
      "textures": "textures/podcrash/farm/items/tinned/tinned_tomatoes.png"
    },
    "pod_farm:tinned_raspberries": {
      "textures": "textures/podcrash/farm/items/tinned/tinned_raspberries.png"
    },
    "pod_farm:tinned_pineapples": {
      "textures": "textures/podcrash/farm/items/tinned/tinned_pineapples.png"
    },
    "pod_farm:tinned_peas": {
      "textures": "textures/podcrash/farm/items/tinned/tinned_peas.png"
    },
    "pod_farm:tinned_pears": {
      "textures": "textures/podcrash/farm/items/tinned/tinned_pears.png"
    },
    "pod_farm:tinned_peaches": {
      "textures": "textures/podcrash/farm/items/tinned/tinned_peaches.png"
    },
    "pod_farm:tinned_lemons": {
      "textures": "textures/podcrash/farm/items/tinned/tinned_lemons.png"
    },
    "pod_farm:tinned_cranberries": {
      "textures": "textures/podcrash/farm/items/tinned/tinned_cranberries.png"
    },
    "pod_farm:tinned_corn": {
      "textures": "textures/podcrash/farm/items/tinned/tinned_corn.png"
    },
    "pod_farm:tinned_beans": {
      "textures": "textures/podcrash/farm/items/tinned/tinned_beans.png"
    },
    "pod_farm:tin_can": {
      "textures": "textures/podcrash/farm/items/tinned/tin_can.png"
    },
    "pod_farm:tropical_fish_sushi": {
      "textures": "textures/podcrash/farm/items/tropical_fish_sushi.png"
    },
    "pod_farm:salmon_sushi": {
      "textures": "textures/podcrash/farm/items/salmon_sushi.png"
    },
    "pod_farm:pufferfish_sushi": {
      "textures": "textures/podcrash/farm/items/pufferfish_sushi.png"
    },
    "pod_farm:cucumber_sushi": {
      "textures": "textures/podcrash/farm/items/cucumber_sushi.png"
    },
    "pod_farm:cod_sushi": {
      "textures": "textures/podcrash/farm/items/cod_sushi.png"
    },
    "pod_farm:avocado_sushi": {
      "textures": "textures/podcrash/farm/items/avocado_sushi.png"
    },
    "pod_farm:waffle": {
      "textures": "textures/podcrash/farm/items/waffle.png"
    },
    "pod_farm:vanillla_ice_cream": {
      "textures": "textures/podcrash/farm/items/vanilla_ice_cream.png"
    },
    "pod_farm:tomato_sauce": {
      "textures": "textures/podcrash/farm/items/tomato_sauce.png"
    },
    "pod_farm:strawberry_ice_cream": {
      "textures": "textures/podcrash/farm/items/strawberry_ice_cream.png"
    },
    "pod_farm:salad": {
      "textures": "textures/podcrash/farm/items/salad.png"
    },
    "pod_farm:raspberry_ice_cream": {
      "textures": "textures/podcrash/farm/items/raspberry_ice_cream.png"
    },
    "pod_farm:pizza": {
      "textures": "textures/podcrash/farm/items/pizza.png"
    },
    "pod_farm:tomato_chili_pasta": {
      "textures": "textures/podcrash/farm/items/tomato_chili_pasta.png"
    },
    "pod_farm:pasta": {
      "textures": "textures/podcrash/farm/items/pasta.png"
    },
    "pod_farm:tomato_onion_pasta": {
      "textures": "textures/podcrash/farm/items/tomato_onion_pasta.png"
    },
    "pod_farm:broccoli_cheese_pasta": {
      "textures": "textures/podcrash/farm/items/broccoli_cheese_pasta.png"
    },
    "pod_farm:spinach_pasta": {
      "textures": "textures/podcrash/farm/items/spinach_pasta.png"
    },
    "pod_farm:tomato_soup": {
      "textures": "textures/podcrash/farm/items/tomato_soup.png"
    },
    "pod_farm:chicken_noodle_soup": {
      "textures": "textures/podcrash/farm/items/chicken_noodle_soup.png"
    },
    "pod_farm:vegetable_soup": {
      "textures": "textures/podcrash/farm/items/vegetable_soup.png"
    },
    "pod_farm:potato_soup": {
      "textures": "textures/podcrash/farm/items/potato_soup.png"
    },
    "pod_farm:sweet_potato_soup": {
      "textures": "textures/podcrash/farm/items/sweet_potato_soup.png"
    },
    "pod_farm:oat_porridge": {
      "textures": "textures/podcrash/farm/items/oat_porridge.png"
    },
    "pod_farm:rice_porridge": {
      "textures": "textures/podcrash/farm/items/rice_porridge.png"
    },
    "pod_farm:apple_ice_cream": {
      "textures": "textures/podcrash/farm/items/apple_ice_cream.png"
    },
    "pod_farm:lemon_ice_cream": {
      "textures": "textures/podcrash/farm/items/lemon_ice_cream.png"
    },
    "pod_farm:ice_cream_cone": {
      "textures": "textures/podcrash/farm/items/ice_cream_cone.png"
    },
    "pod_farm:fries": {
      "textures": "textures/podcrash/farm/items/fries.png"
    },
    "pod_farm:sweet_potato_fries": {
      "textures": "textures/podcrash/farm/items/sweet_potato_fries.png"
    },
    "pod_farm:baked_sweet_potato": {
      "textures": "textures/podcrash/farm/items/baked_sweet_potato.png"
    },
    "pod_farm:cranberry_ice_cream": {
      "textures": "textures/podcrash/farm/items/cranberry_ice_cream.png"
    },
    "pod_farm:chocolate_ice_cream": {
      "textures": "textures/podcrash/farm/items/chocolate_ice_cream.png"
    },
    "pod_farm:bucket_of_cheese": {
      "textures": "textures/podcrash/farm/items/bucket_of_cheese.png"
    },
    "pod_farm:rhubarb_pie": {
      "textures": "textures/podcrash/farm/items/rhubarb_pie.png"
    },
    "pod_farm:buttered_toast": {
      "textures": "textures/podcrash/farm/items/buttered_toast.png"
    },
    "pod_farm:peanut_butter_toast": {
      "textures": "textures/podcrash/farm/items/peanut_buttered_toast.png"
    },
    "pod_farm:butter": {
      "textures": "textures/podcrash/farm/items/butter.png"
    },
    "pod_farm:bread_slice": {
      "textures": "textures/podcrash/farm/items/bread_slice.png"
    },
    "pod_farm:toast": {
      "textures": "textures/podcrash/farm/items/toast.png"
    },
    "pod_farm:gingerbread": {
      "textures": "textures/podcrash/farm/items/gingerbread.png"
    },
    "pod_farm:blueberry_ice_cream": {
      "textures": "textures/podcrash/farm/items/blueberry_ice_cream.png"
    },
    "pod_farm:blackberry_ice_cream": {
      "textures": "textures/podcrash/farm/items/blackberry_ice_cream.png"
    },
    "pod_farm:banana_ice_cream": {
      "textures": "textures/podcrash/farm/items/banana_ice_cream.png"
    },
    "pod_farm:fruity_ice_cream": {
      "textures": "textures/podcrash/farm/items/fruity_ice_cream.png"
    },
    "pod_farm:suspicious_ice_cream": {
      "textures": "textures/podcrash/farm/items/suspicious_ice_cream.png"
    },
    "pod_farm:unhealthy_ice_cream": {
      "textures": "textures/podcrash/farm/items/unhealthy_ice_cream.png"
    },
    "pod_farm:baguette": {
      "textures": "textures/podcrash/farm/items/baguette.png"
    },
    "pod_farm:corn_bread": {
      "textures": "textures/podcrash/farm/items/corn_bread.png"
    },
    "pod_farm:cooked_corn": {
      "textures": "textures/podcrash/farm/items/cooked_corn.png"
    },
    "pod_farm:popcorn": {
      "textures": "textures/podcrash/farm/items/popcorn.png"
    },
    "pod_farm:cup_of_coffee": {
      "textures": "textures/podcrash/farm/items/cup_of_coffee.png"
    },
    "pod_farm:cup_of_hot_chocolate": {
      "textures": "textures/podcrash/farm/items/cup_of_hot_chocolate.png"
    },
    "pod_farm:cup_of_tea": {
      "textures": "textures/podcrash/farm/items/cup_of_tea.png"
    },
    "pod_farm:cup_of_ginger_tea": {
      "textures": "textures/podcrash/farm/items/cup_of_ginger_tea.png"
    },
    "pod_farm:oat_milk": {
      "textures": "textures/podcrash/farm/items/oat_milk.png"
    },
    "pod_farm:gravy": {
      "textures": "textures/podcrash/farm/items/gravy.png"
    },
    "pod_farm:poutine": {
      "textures": "textures/podcrash/farm/items/poutine.png"
    },
    "pod_farm:lemonade": {
      "textures": "textures/podcrash/farm/items/lemonade.png"
    },
    "pod_farm:carrot_juice": {
      "textures": "textures/podcrash/farm/items/carrot_juice.png"
    },
    "pod_farm:strawberry_juice": {
      "textures": "textures/podcrash/farm/items/strawberry_juice.png"
    },
    "pod_farm:raspberry_juice": {
      "textures": "textures/podcrash/farm/items/raspberry_juice.png"
    },
    "pod_farm:cranberry_juice": {
      "textures": "textures/podcrash/farm/items/cranberry_juice.png"
    },
    "pod_farm:blueberry_juice": {
      "textures": "textures/podcrash/farm/items/blueberry_juice.png"
    },
    "pod_farm:blackberry_juice": {
      "textures": "textures/podcrash/farm/items/blackberry_juice.png"
    },
    "pod_farm:pineapple_juice": {
      "textures": "textures/podcrash/farm/items/pineapple_juice.png"
    },
    "pod_farm:tomato_juice": {
      "textures": "textures/podcrash/farm/items/tomato_juice.png"
    },
    "pod_farm:pear_juice": {
      "textures": "textures/podcrash/farm/items/pear_juice.png"
    },
    "pod_farm:orange_juice": {
      "textures": "textures/podcrash/farm/items/orange_juice.png"
    },
    "pod_farm:apple_juice": {
      "textures": "textures/podcrash/farm/items/apple_juice.png"
    },
    "pod_farm:grape_juice": {
      "textures": "textures/podcrash/farm/items/grape_juice.png"
    },
    "pod_farm:golden_apple_juice": {
      "textures": "textures/podcrash/farm/items/golden_apple_juice.png"
    },
    "pod_farm:vanilla": {
      "textures": "textures/podcrash/farm/items/vanilla.png"
    },
    "pod_farm:tea": {
      "textures": "textures/podcrash/farm/items/tea.png"
    },
    "pod_farm:ginger": {
      "textures": "textures/podcrash/farm/items/ginger.png"
    },
    "pod_farm:cotton": {
      "textures": "textures/podcrash/farm/items/cotton.png"
    },
    "pod_farm:peach": {
      "textures": "textures/podcrash/farm/items/peach.png"
    },
    "pod_farm:lemon": {
      "textures": "textures/podcrash/farm/items/lemon.png"
    },
    "pod_farm:raspberry": {
      "textures": "textures/podcrash/farm/items/raspberry.png"
    },
    "pod_farm:cranberry": {
      "textures": "textures/podcrash/farm/items/cranberry.png"
    },
    "pod_farm:blueberry": {
      "textures": "textures/podcrash/farm/items/blueberry.png"
    },
    "pod_farm:blackberry": {
      "textures": "textures/podcrash/farm/items/blackberry.png"
    },
    "pod_farm:avocado": {
      "textures": "textures/podcrash/farm/items/avocado.png"
    },
    "pod_farm:pineapple": {
      "textures": "textures/podcrash/farm/items/pineapple.png"
    },
    "pod_farm:grape": {
      "textures": "textures/podcrash/farm/items/grape.png"
    },
    "pod_farm:pear": {
      "textures": "textures/podcrash/farm/items/pear.png"
    },
    "pod_farm:orange": {
      "textures": "textures/podcrash/farm/items/orange.png"
    },
    "pod_farm:banana": {
      "textures": "textures/podcrash/farm/items/banana.png"
    },
    "pod_farm:spinach": {
      "textures": "textures/podcrash/farm/items/spinach.png"
    },
    "pod_farm:rhubarb": {
      "textures": "textures/podcrash/farm/items/rhubarb.png"
    },
    "pod_farm:cucumber": {
      "textures": "textures/podcrash/farm/items/cucumber.png"
    },
    "pod_farm:cauliflower": {
      "textures": "textures/podcrash/farm/items/cauliflower.png"
    },
    "pod_farm:lettuce": {
      "textures": "textures/podcrash/farm/items/lettuce.png"
    },
    "pod_farm:chili": {
      "textures": "textures/podcrash/farm/items/chili.png"
    },
    "pod_farm:bell_pepper": {
      "textures": "textures/podcrash/farm/items/bell_pepper.png"
    },
    "pod_farm:bean": {
      "textures": "textures/podcrash/farm/items/bean.png"
    },
    "pod_farm:broccoli": {
      "textures": "textures/podcrash/farm/items/broccoli.png"
    },
    "pod_farm:kohlrabi": {
      "textures": "textures/podcrash/farm/items/kohlrabi.png"
    },
    "pod_farm:pea": {
      "textures": "textures/podcrash/farm/items/pea.png"
    },
    "pod_farm:onion": {
      "textures": "textures/podcrash/farm/items/onion.png"
    },
    "pod_farm:tomato": {
      "textures": "textures/podcrash/farm/items/tomato.png"
    },
    "pod_farm:peanut": {
      "textures": "textures/podcrash/farm/items/peanut.png"
    },
    "pod_farm:oat": {
      "textures": "textures/podcrash/farm/items/oat.png"
    },
    "pod_farm:rice": {
      "textures": "textures/podcrash/farm/items/rice.png"
    },
    "pod_farm:corn": {
      "textures": "textures/podcrash/farm/items/corn.png"
    },
    "pod_farm:strawberry": {
      "textures": "textures/podcrash/farm/items/strawberry.png"
    },
    "pod_farm:strawberry_bush_spawn_egg": {
      "textures": "textures/podcrash/farm/items/strawberry_bush_spawn_egg.png"
    },
    "pod_farm:blackberry_bush_spawn_egg": {
      "textures": "textures/podcrash/farm/items/blackberry_bush_spawn_egg.png"
    },
    "pod_farm:blueberry_bush_spawn_egg": {
      "textures": "textures/podcrash/farm/items/blueberry_bush_spawn_egg.png"
    },
    "pod_farm:cranberry_bush_spawn_egg": {
      "textures": "textures/podcrash/farm/items/blueberry_bush_spawn_egg.png"
    },
    "pod_farm:raspberry_bush_spawn_egg": {
      "textures": "textures/podcrash/farm/items/blueberry_bush_spawn_egg.png"
    },
    "pod_farm:lemon_tree_spawn_egg": {
      "textures": "textures/podcrash/farm/blocks/trees/lemon_sapling.png"
    },
    "pod_farm:orange_tree_spawn_egg": {
      "textures": "textures/podcrash/farm/blocks/trees/orange_sapling.png"
    },
    "pod_farm:pear_tree_spawn_egg": {
      "textures": "textures/podcrash/farm/blocks/trees/pear_sapling.png"
    },
    "pod_farm:banana_tree_spawn_egg": {
      "textures": "textures/podcrash/farm/blocks/trees/banana_sapling.png"
    },
    "pod_farm:peach_tree_spawn_egg": {
      "textures": "textures/podcrash/farm/blocks/trees/peach_sapling.png"
    },
    "pod_farm:avocado_tree_spawn_egg": {
      "textures": "textures/podcrash/farm/blocks/trees/avocado_sapling.png"
    },
    "pod_farm:apple_tree_spawn_egg": {
      "textures": "textures/podcrash/farm/blocks/trees/apple_sapling.png"
    },
    "pod_farm:grape_vine_spawn_egg": {
      "textures": "textures/podcrash/farm/items/grape_vine_spawn_egg.png"
    },
    "pod_farm:rice_spawn_egg": {
      "textures": "textures/podcrash/farm/items/rice_spawn_egg.png"
    },
    "pod_farm:onion_spawn_egg": {
      "textures": "textures/podcrash/farm/items/onion_spawn_egg.png"
    },
    "pod_farm:pea_spawn_egg": {
      "textures": "textures/podcrash/farm/items/pea_spawn_egg.png"
    },
    "pod_farm:oat_spawn_egg": {
      "textures": "textures/podcrash/farm/items/oat_spawn_egg.png"
    },
    "pod_farm:spinach_spawn_egg": {
      "textures": "textures/podcrash/farm/items/spinach_spawn_egg.png"
    },
    "pod_farm:corn_spawn_egg": {
      "textures": "textures/podcrash/farm/items/corn_spawn_egg.png"
    },
    "pod_farm:tomato_spawn_egg": {
      "textures": "textures/podcrash/farm/items/tomato_spawn_egg.png"
    },
    "pod_farm:rhubarb_spawn_egg": {
      "textures": "textures/podcrash/farm/items/rhubarb_spawn_egg.png"
    },
    "pod_farm:kohlrabi_spawn_egg": {
      "textures": "textures/podcrash/farm/items/kohlrabi_spawn_egg.png"
    },
    "pod_farm:broccoli_spawn_egg": {
      "textures": "textures/podcrash/farm/items/broccoli_spawn_egg.png"
    },
    "pod_farm:bell_pepper_spawn_egg": {
      "textures": "textures/podcrash/farm/items/bell_pepper_spawn_egg.png"
    },
    "pod_farm:cucumber_spawn_egg": {
      "textures": "textures/podcrash/farm/items/cucumber_spawn_egg.png"
    },
    "pod_farm:bean_spawn_egg": {
      "textures": "textures/podcrash/farm/items/bean_spawn_egg.png"
    },
    "pod_farm:chili_spawn_egg": {
      "textures": "textures/podcrash/farm/items/chili_spawn_egg.png"
    },
    "pod_farm:lettuce_spawn_egg": {
      "textures": "textures/podcrash/farm/items/lettuce_spawn_egg.png"
    },
    "pod_farm:cauliflower_spawn_egg": {
      "textures": "textures/podcrash/farm/items/cauliflower_spawn_egg.png"
    },
    "pod_farm:sweet_potato": {
      "textures": "textures/podcrash/farm/items/sweet_potato.png"
    },
    "pod_farm:pineapple_plant_spawn_egg": {
      "textures": "textures/podcrash/farm/items/pineapple_plant_spawn_egg.png"
    },
    "pod_farm:cotton_spawn_egg": {
      "textures": "textures/podcrash/farm/items/cotton_spawn_egg.png"
    },
    "pod_farm:peanut_spawn_egg": {
      "textures": "textures/podcrash/farm/items/peanut_spawn_egg.png"
    },
    "pod_farm:ginger_spawn_egg": {
      "textures": "textures/podcrash/farm/items/ginger_spawn_egg.png"
    },
    "pod_farm:vanilla_spawn_egg": {
      "textures": "textures/podcrash/farm/items/vanilla_spawn_egg.png"
    },
    "pod_farm:coffee_plant_spawn_egg": {
      "textures": "textures/podcrash/farm/items/coffee_plant_spawn_egg.png"
    },
    "pod_farm:coffee": {
      "textures": "textures/podcrash/farm/items/coffee.png"
    },
    "pod_farm:tea_plant_spawn_egg": {
      "textures": "textures/podcrash/farm/items/tea_plant_spawn_egg.png"
    },
    "pod_farm:cracked_coconut": {
      "textures": "textures/podcrash/farm/items/cracked_coconut.png"
    },
    "pod_farm:coconut": {
      "textures": "textures/podcrash/farm/items/coconut.png"
    },
    "pod_farm:black_feather": {
      "textures": "textures/podcrash/farm/items/black_feather.png"
    },
    "pod_farm:yak_raw": {
      "textures": "textures/podcrash/farm/items/yak_raw.png"
    },
    "pod_farm:yak_cooked": {
      "textures": "textures/podcrash/farm/items/yak_cooked.png"
    },
    "pod_farm:bison_raw": {
      "textures": "textures/podcrash/farm/items/bison_raw.png"
    },
    "pod_farm:bison_cooked": {
      "textures": "textures/podcrash/farm/items/bison_cooked.png"
    },
    "pod_farm:turkey_raw": {
      "textures": "textures/podcrash/farm/items/turkey_raw.png"
    },
    "pod_farm:turkey_cooked": {
      "textures": "textures/podcrash/farm/items/turkey_cooked.png"
    },
    "pod_farm:goose_raw": {
      "textures": "textures/podcrash/farm/items/goose_raw.png"
    },
    "pod_farm:goose_cooked": {
      "textures": "textures/podcrash/farm/items/goose_cooked.png"
    },
    "pod_farm:duck_raw": {
      "textures": "textures/podcrash/farm/items/duck_raw.png"
    },
    "pod_farm:duck_cooked": {
      "textures": "textures/podcrash/farm/items/duck_cooked.png"
    },
    "pod_farm:venison_raw": {
      "textures": "textures/podcrash/farm/items/venison_raw.png"
    },
    "pod_farm:venison_cooked": {
      "textures": "textures/podcrash/farm/items/venison_cooked.png"
    },
    "pod_farm:quail_egg": {
      "textures": "textures/podcrash/farm/items/quail_egg.png"
    },

    "pod_farm:grape_jam": {
      "textures": "textures/podcrash/farm/items/grape_jam.png"
    },
    "pod_farm:grape_jam_toast": {
      "textures": "textures/podcrash/farm/items/grape_jam_toast.png"
    },
    "pod_farm:grape_pie": {
      "textures": "textures/podcrash/farm/items/grape_pie.png"
    },

    "pod_farm:blackberry_jam": {
      "textures": "textures/podcrash/farm/items/blackberry_jam.png"
    },
    "pod_farm:blueberry_jam": {
      "textures": "textures/podcrash/farm/items/blueberry_jam.png"
    },
    "pod_farm:strawberry_jam": {
      "textures": "textures/podcrash/farm/items/strawberry_jam.png"
    },
    "pod_farm:raspberry_jam": {
      "textures": "textures/podcrash/farm/items/raspberry_jam.png"
    },
    "pod_farm:marmalade": {
      "textures": "textures/podcrash/farm/items/marmalade.png"
    },
    "pod_farm:peach_jam": {
      "textures": "textures/podcrash/farm/items/peach_jam.png"
    },
    "pod_farm:chili_jam": {
      "textures": "textures/podcrash/farm/items/chili_jam.png"
    },
    "pod_farm:peanut_butter": {
      "textures": "textures/podcrash/farm/items/peanut_butter.png"
    },
    "pod_farm:blackberry_jam_toast": {
      "textures": "textures/podcrash/farm/items/blackberry_jam_toast.png"
    },
    "pod_farm:blueberry_jam_toast": {
      "textures": "textures/podcrash/farm/items/blueberry_jam_toast.png"
    },
    "pod_farm:strawberry_jam_toast": {
      "textures": "textures/podcrash/farm/items/strawberry_jam_toast.png"
    },
    "pod_farm:raspberry_jam_toast": {
      "textures": "textures/podcrash/farm/items/raspberry_jam_toast.png"
    },
    "pod_farm:marmalade_toast": {
      "textures": "textures/podcrash/farm/items/marmalade_toast.png"
    },
    "pod_farm:peach_jam_toast": {
      "textures": "textures/podcrash/farm/items/peach_jam_toast.png"
    },
    "pod_farm:chili_jam_toast": {
      "textures": "textures/podcrash/farm/items/chili_jam_toast.png"
    },
    "pod_farm:honey_toast": {
      "textures": "textures/podcrash/farm/items/honey_toast.png"
    },
    "pod_farm:cooked_egg": {
      "textures": "textures/podcrash/farm/items/cooked_egg.png"
    },
    "pod_farm:avocado_toast": {
      "textures": "textures/podcrash/farm/items/avocado_toast.png"
    },
    "pod_farm:plate": {
      "textures": "textures/podcrash/farm/items/plate.png"
    },
    "pod_farm:watering_can": {
      "textures": "textures/podcrash/farm/items/watering_can.png"
    },
    "pod_farm:blt": {
      "textures": "textures/podcrash/farm/items/blt.png"
    },
    "pod_farm:turkey_sandwich": {
      "textures": "textures/podcrash/farm/items/turkey_sandwich.png"
    },
    "pod_farm:chicken_sandwich": {
      "textures": "textures/podcrash/farm/items/chicken_sandwich.png"
    },
    "pod_farm:pb_j_sandwich": {
      "textures": "textures/podcrash/farm/items/pb_j_sandwich.png"
    },
    "pod_farm:pb_j_sandwich1": {
      "textures": "textures/podcrash/farm/items/pb_j_sandwich1.png"
    },
    "pod_farm:pb_j_sandwich2": {
      "textures": "textures/podcrash/farm/items/pb_j_sandwich2.png"
    },
    "pod_farm:breakfast_sandwich": {
      "textures": "textures/podcrash/farm/items/breakfast_sandwich.png"
    },
    "pod_farm:peach_ice_cream": {
      "textures": "textures/podcrash/farm/items/peach_ice_cream.png"
    },
    "pod_farm:pineapple_ice_cream": {
      "textures": "textures/podcrash/farm/items/pineapple_ice_cream.png"
    },
    "pod_farm:apple_pie": {
      "textures": "textures/podcrash/farm/items/apple_pie.png"
    },
    "pod_farm:peach_pie": {
      "textures": "textures/podcrash/farm/items/peach_pie.png"
    },
    "pod_farm:blueberry_pie": {
      "textures": "textures/podcrash/farm/items/blueberry_pie.png"
    },
    "pod_farm:blackberry_pie": {
      "textures": "textures/podcrash/farm/items/blackberry_pie.png"
    },
    "pod_farm:strawberry_tart": {
      "textures": "textures/podcrash/farm/items/strawberry_tart.png"
    },
    "pod_farm:raspberry_pie": {
      "textures": "textures/podcrash/farm/items/raspberry_pie.png"
    },
    "pod_farm:bell_pepper_sushi": {
      "textures": "textures/podcrash/farm/items/bell_pepper_sushi.png"
    },
    "pod_farm:hawaiian_pizza": {
      "textures": "textures/podcrash/farm/items/hawaiian_pizza.png"
    },
    "pod_farm:guide": {
      "textures": "textures/podcrash/farm/items/guide.png"
    },
    "pod_farm:cookbook": {
      "textures": "textures/podcrash/farm/items/cookbook.png"
    },
    "pod_farm:grilled_bison": {
      "textures": "textures/podcrash/farm/items/grilled/grilled_bison.png"
    },
    "pod_farm:grilled_duck": {
      "textures": "textures/podcrash/farm/items/grilled/grilled_duck.png"
    },
    "pod_farm:grilled_goose": {
      "textures": "textures/podcrash/farm/items/grilled/grilled_goose.png"
    },
    "pod_farm:grilled_turkey": {
      "textures": "textures/podcrash/farm/items/grilled/grilled_turkey.png"
    },
    "pod_farm:grilled_venison": {
      "textures": "textures/podcrash/farm/items/grilled/grilled_venison.png"
    },
    "pod_farm:grilled_yak": {
      "textures": "textures/podcrash/farm/items/grilled/grilled_yak.png"
    },
    "pod_farm:grilled_beef": {
      "textures": "textures/podcrash/farm/items/grilled/grilled_beef.png"
    },
    "pod_farm:grilled_chicken": {
      "textures": "textures/podcrash/farm/items/grilled/grilled_chicken.png"
    },
    "pod_farm:grilled_mutton": {
      "textures": "textures/podcrash/farm/items/grilled/grilled_mutton.png"
    },
    "pod_farm:grilled_porkchop": {
      "textures": "textures/podcrash/farm/items/grilled/grilled_porkchop.png"
    },
    "pod_farm:grilled_rabbit": {
      "textures": "textures/podcrash/farm/items/grilled/grilled_rabbit.png"
    },
    "pod_farm:grilled_cod": {
      "textures": "textures/podcrash/farm/items/grilled/grilled_cod.png"
    },
    "pod_farm:grilled_salmon": {
      "textures": "textures/podcrash/farm/items/grilled/grilled_salmon.png"
    },
    "pod_farm:tropical_green_smoothie": {
      "textures": "textures/podcrash/farm/items/smoothie/tropical_green_smoothie.png"
    },
    "pod_farm:berry_beet_smoothie": {
      "textures": "textures/podcrash/farm/items/smoothie/berry_beet_smoothie.png"
    },
    "pod_farm:carrot_ginger_smoothie": {
      "textures": "textures/podcrash/farm/items/smoothie/carrot_ginger_smoothie.png"
    },
    "pod_farm:avocado_peach_smoothie": {
      "textures": "textures/podcrash/farm/items/smoothie/avocado_peach_smoothie.png"
    },
    "pod_farm:pineapple_coconut_smoothie": {
      "textures": "textures/podcrash/farm/items/smoothie/pineapple_coconut_smoothie.png"
    },
    "pod_farm:berry_banana_smoothie": {
      "textures": "textures/podcrash/farm/items/smoothie/berry_banana_smoothie.png"
    },
    "pod_farm:green_detox_smoothie": {
      "textures": "textures/podcrash/farm/items/smoothie/green_detox_smoothie.png"
    },
    "pod_farm:peanut_butter_banana_smoothie": {
      "textures": "textures/podcrash/farm/items/smoothie/peanut_butter_banana_smoothie.png"
    },
    "pod_farm:tropical_carrot_smoothie": {
      "textures": "textures/podcrash/farm/items/smoothie/tropical_carrot_smoothie.png"
    },
    "pod_farm:berry_citrus_smoothie": {
      "textures": "textures/podcrash/farm/items/smoothie/berry_citrus_smoothie.png"
    },
    "pod_farm:blueberry_ginger_smoothie": {
      "textures": "textures/podcrash/farm/items/smoothie/blueberry_ginger_smoothie.png"
    },
    "pod_farm:peachy_green_smoothie": {
      "textures": "textures/podcrash/farm/items/smoothie/peachy_green_smoothie.png"
    },
    "pod_farm:apple_banana_smoothie": {
      "textures": "textures/podcrash/farm/items/smoothie/apple_banana_smoothie.png"
    },
    "pod_farm:berry_smoothie": {
      "textures": "textures/podcrash/farm/items/smoothie/berry_smoothie.png"
    },
    "pod_farm:tropical_smoothie": {
      "textures": "textures/podcrash/farm/items/smoothie/tropical_smoothie.png"
    },
    "pod_farm:healthy_smoothie": {
      "textures": "textures/podcrash/farm/items/smoothie/healthy_smoothie.png"
    },
    "pod_farm:suspicious_smoothie": {
      "textures": "textures/podcrash/farm/items/smoothie/suspicious_smoothie.png"
    },
    "pod_farm:unhealthy_smoothie": {
      "textures": "textures/podcrash/farm/items/smoothie/unhealthy_smoothie.png"
    },
    "pod_farm:berry_banana_milkshake": {
      "textures": "textures/podcrash/farm/items/milkshake/berry_banana_milkshake.png"
    },
    "pod_farm:berry_coconut_milkshake": {
      "textures": "textures/podcrash/farm/items/milkshake/berry_coconut_milkshake.png"
    },
    "pod_farm:berry_ginger_milkshake": {
      "textures": "textures/podcrash/farm/items/milkshake/berry_ginger_milkshake.png"
    },
    "pod_farm:berry_rhubarb_milkshake": {
      "textures": "textures/podcrash/farm/items/milkshake/berry_rhubarb_milkshake.png"
    },
    "pod_farm:vanilla_berry_milkshake": {
      "textures": "textures/podcrash/farm/items/milkshake/vanilla_berry_milkshake.png"
    },
    "pod_farm:peach_honey_milkshake": {
      "textures": "textures/podcrash/farm/items/milkshake/peach_honey_milkshake.png"
    },
    "pod_farm:peanut_butter_banana_milkshake": {
      "textures": "textures/podcrash/farm/items/milkshake/peanut_butter_banana_milkshake.png"
    },
    "pod_farm:pineapple_coconut_milkshake": {
      "textures": "textures/podcrash/farm/items/milkshake/pineapple_coconut_milkshake.png"
    },
    "pod_farm:coffee_banana_milkshake": {
      "textures": "textures/podcrash/farm/items/milkshake/coffee_banana_milkshake.png"
    },
    "pod_farm:coffee_vanilla_milkshake": {
      "textures": "textures/podcrash/farm/items/milkshake/coffee_vanilla_milkshake.png"
    },
    "pod_farm:peach_melon_milkshake": {
      "textures": "textures/podcrash/farm/items/milkshake/peach_melon_milkshake.png"
    },
    "pod_farm:chocolate_banana_milkshake": {
      "textures": "textures/podcrash/farm/items/milkshake/chocolate_banana_milkshake.png"
    },
    "pod_farm:citrus_milkshake": {
      "textures": "textures/podcrash/farm/items/milkshake/citrus_milkshake.png"
    },
    "pod_farm:ginger_peach_milkshake": {
      "textures": "textures/podcrash/farm/items/milkshake/ginger_peach_milkshake.png"
    },
    "pod_farm:pineapple_ginger_milkshake": {
      "textures": "textures/podcrash/farm/items/milkshake/pineapple_ginger_milkshake.png"
    },
    "pod_farm:chocolate_peanut_milkshake": {
      "textures": "textures/podcrash/farm/items/milkshake/chocolate_peanut_milkshake.png"
    },
    "pod_farm:chocolate_cookie_milkshake": {
      "textures": "textures/podcrash/farm/items/milkshake/chocolate_cookie_milkshake.png"
    },
    "pod_farm:chocolate_milkshake": {
      "textures": "textures/podcrash/farm/items/milkshake/chocolate_milkshake.png"
    },
    "pod_farm:vanilla_milkshake": {
      "textures": "textures/podcrash/farm/items/milkshake/vanilla_milkshake.png"
    },
    "pod_farm:berry_milkshake": {
      "textures": "textures/podcrash/farm/items/milkshake/berry_milkshake.png"
    },
    "pod_farm:tropical_milkshake": {
      "textures": "textures/podcrash/farm/items/milkshake/tropical_milkshake.png"
    },
    "pod_farm:healthy_milkshake": {
      "textures": "textures/podcrash/farm/items/milkshake/healthy_milkshake.png"
    },
    "pod_farm:unhealthy_milkshake": {
      "textures": "textures/podcrash/farm/items/milkshake/unhealthy_milkshake.png"
    },
    "pod_farm:suspicious_milkshake": {
      "textures": "textures/podcrash/farm/items/milkshake/suspicious_milkshake.png"
    }
  }
}
