{
	"format_version": "1.12.0",
	"minecraft:geometry": [
		{
			"description": {
				"identifier": "geometry.pod_farm.crow",
				"texture_width": 32,
				"texture_height": 32,
				"visible_bounds_width": 3,
				"visible_bounds_height": 2.5,
				"visible_bounds_offset": [0, 0.75, 0]
			},
			"bones": [
				{
					"name": "main",
					"pivot": [0, 0, 0]
				},
				{
					"name": "leg0",
					"parent": "main",
					"pivot": [-1, 3.5, -0.5],
					"cubes": [
						{"origin": [-1.5, 1, -2.5], "size": [1, 3, 2], "uv": [0, 27]}
					]
				},
				{
					"name": "leg1",
					"parent": "main",
					"pivot": [1, 3.5, -0.5],
					"cubes": [
						{"origin": [0.5, 1, -2.5], "size": [1, 3, 2], "uv": [26, 27]}
					]
				},
				{
					"name": "tail",
					"parent": "main",
					"pivot": [0, 2.9, 1.2],
					"rotation": [50, 0, 0]
				},
				{
					"name": "head",
					"parent": "main",
					"pivot": [0, 8.3, -2.8],
					"cubes": [
						{"origin": [-1, 6.16265, -2.71752], "size": [2, 5, 3], "pivot": [1, -0.83735, 0.58248], "rotation": [12.5, 0, 0], "uv": [10, 15]},
						{"origin": [-0.5, 8, -7.05], "size": [1, 2, 3], "pivot": [0, 8.3, -2.8], "rotation": [15, 0, 0], "uv": [14, 0]}
					]
				},
				{
					"name": "body",
					"parent": "main",
					"pivot": [0, 7.5, -3],
					"rotation": [62.5, 0, 0],
					"cubes": [
						{"origin": [-1.5, 1.5, -5.5], "size": [3, 6, 4], "uv": [0, 0]},
						{"origin": [-2.5, -4.5, -1.5], "size": [5, 6, 0], "uv": [22, 1]},
						{"origin": [-2.5, -2.5, -2.5], "size": [5, 6, 0], "uv": [22, 1]}
					]
				},
				{
					"name": "wing0",
					"parent": "body",
					"pivot": [-1, 7.1, -2.8],
					"rotation": [-10, 180, 0],
					"cubes": [
						{"origin": [-0.75, 1.5, -4], "size": [1, 5, 4], "pivot": [-1, 6.75, -2], "rotation": [0, 5, -22.5], "uv": [0, 10]}
					]
				},
				{
					"name": "wing1",
					"parent": "body",
					"pivot": [1, 7.1, -2.8],
					"rotation": [-10, -180, 0],
					"cubes": [
						{"origin": [-0.25, 1.5, -4], "size": [1, 5, 4], "pivot": [1, 6.75, -2], "rotation": [0, -5, 22.5], "uv": [0, 10], "mirror": true}
					]
				}
			]
		}
	]
}