{
	"format_version": "1.12.0",
	"minecraft:geometry": [
		{
			"description": {
				"identifier": "geometry.pod_farm.deer",
				"texture_width": 64,
				"texture_height": 64,
				"visible_bounds_width": 5,
				"visible_bounds_height": 4,
				"visible_bounds_offset": [0, 2, 0]
			},
			"bones": [
				{
					"name": "Body",
					"pivot": [0, 13, 9],
					"cubes": [
						{"origin": [-5, 11, -11], "size": [10, 10, 22], "uv": [0, 0]}
					]
				},
				{
					"name": "Tail",
					"parent": "Body",
					"pivot": [0, 20, 11],
					"rotation": [50, 0, 0],
					"cubes": [
						{"origin": [-1.5, 21.86732, 40.20477], "size": [3, 5, 4], "pivot": [7, 4.36732, 29.20477], "rotation": [80, 0, 0], "uv": [12, 46]}
					]
				},
				{
					"name": "LegBL",
					"parent": "Body",
					"pivot": [3, 11, 9],
					"cubes": [
						{"origin": [1.75, 0, 9], "size": [3, 11, 3], "uv": [0, 46]}
					]
				},
				{
					"name": "LegBR",
					"parent": "Body",
					"pivot": [-3, 11, 9],
					"cubes": [
						{"origin": [-4.75, 0, 9], "size": [3, 11, 3], "uv": [42, 0]}
					]
				},
				{
					"name": "LegFL",
					"parent": "Body",
					"pivot": [3, 11, -9],
					"cubes": [
						{"origin": [1.75, 0, -9], "size": [3, 11, 3], "uv": [40, 32]}
					]
				},
				{
					"name": "LegFR",
					"parent": "Body",
					"pivot": [-3, 11, -9],
					"cubes": [
						{"origin": [-4.75, 0, -9], "size": [3, 11, 3], "uv": [28, 32]}
					]
				},
				{
					"name": "Neck",
					"parent": "Body",
					"pivot": [0, 16.75, -7.5],
					"rotation": [21.5, 0, 0],
					"cubes": [
						{"origin": [-2, 18.75, -10.5], "size": [4, 9, 6], "uv": [0, 0]}
					],
					"locators": {
						"lead": [0, 16.75, -7.5]
					}
				},
				{
					"name": "Head",
					"parent": "Neck",
					"pivot": [0, 27.75, -10.5],
					"cubes": [
						{"origin": [-3, 27.75, -11.5], "size": [6, 6, 8], "uv": [0, 32]}
					]
				},
				{
					"name": "Rains",
					"parent": "Head",
					"pivot": [0, 27.75, -10.5],
					"rotation": [-7.5, -5, 0],
					"cubes": [
						{"origin": [-1.5, 33.75, -4.5], "size": [0, 9, 8], "uv": [41, 44], "mirror": true}
					]
				},
				{
					"name": "Rains2",
					"parent": "Head",
					"pivot": [3, 27.75, -10.5],
					"rotation": [-7.5, 5, 0],
					"cubes": [
						{"origin": [1.5, 33.75, -4.5], "size": [0, 9, 8], "uv": [41, 44]}
					]
				},
				{
					"name": "Muzzle",
					"parent": "Head",
					"pivot": [0, 27.75, -10.5],
					"cubes": [
						{"origin": [-2, 27.75, -15.5], "size": [4, 3, 4], "uv": [0, 15]}
					]
				},
				{
					"name": "EarL",
					"parent": "Head",
					"pivot": [0, 16.75, -7.5],
					"rotation": [0, 0, 5],
					"cubes": [
						{"origin": [1.87392, 32.49764, -10.00797], "size": [3, 4, 1], "pivot": [-2.2748, 1.08527, -7.49588], "rotation": [0, -67.5, 0], "uv": [0, 32]}
					]
				},
				{
					"name": "EarR",
					"parent": "Head",
					"pivot": [0, 16.75, -7.5],
					"rotation": [0, 0, -5],
					"cubes": [
						{"origin": [-5.17906, 32.49764, -10.46464], "size": [3, 4, 1], "pivot": [2.46396, 0.95453, -7.95254], "rotation": [0, 67.5, 0], "uv": [14, 0]}
					]
				}
			]
		}
	]
}