{
	"format_version": "1.12.0",
	"minecraft:geometry": [
		{
			"description": {
				"identifier": "geometry.pod_farm.peacock",
				"texture_width": 128,
				"texture_height": 128,
				"visible_bounds_width": 6,
				"visible_bounds_height": 4.5,
				"visible_bounds_offset": [0, 1.75, 0]
			},
			"bones": [
				{
					"name": "bb_main",
					"pivot": [0, 0, 0],
					"locators": {
						"lead": [0, 16.75, -5.5]
					}
				},
				{
					"name": "bone",
					"pivot": [0, 8.25, 0]
				},
				{
					"name": "body",
					"parent": "bone",
					"pivot": [0, 8.25, 0],
					"cubes": [
						{"origin": [-8, 9.65, -5], "size": [16, 8, 10], "inflate": 0.001, "pivot": [0, 9.65, 0], "rotation": [-90, 80, -90], "uv": [0, 0]}
					]
				},
				{
					"name": "neck",
					"parent": "bone",
					"pivot": [0, 8.25, 0],
					"cubes": [
						{"origin": [-3, 11.95575, -8.70538], "size": [6, 9, 6], "pivot": [3, 5.95575, -3.20538], "rotation": [5, 0, 0], "uv": [38, 38]},
						{"origin": [-1.5, 20.95575, -7.70538], "size": [3, 6, 4], "pivot": [3, 5.95575, -3.20538], "rotation": [5, 0, 0], "uv": [20, 51]}
					]
				},
				{
					"name": "head",
					"parent": "bone",
					"pivot": [0, 26.65, -7.575],
					"rotation": [5, 0, 0],
					"cubes": [
						{"origin": [-2.5, 26.65, -11.575], "size": [5, 5, 6], "uv": [0, 38]},
						{"origin": [-1.5, 27.65, -14.575], "size": [3, 2, 3], "uv": [0, 68]},
						{"origin": [0, 26.65, -16.575], "size": [0, 7, 8], "pivot": [0, 8.65, -0.575], "rotation": [-15, 0, 0], "uv": [22, 36]}
					]
				},
				{
					"name": "wings",
					"parent": "bone",
					"pivot": [0, 8.25, 0]
				},
				{
					"name": "wing1",
					"parent": "wings",
					"pivot": [5, 19, -5],
					"cubes": [
						{"origin": [4.68688, 10.92015, -4.97414], "size": [2, 7, 12], "pivot": [0.68688, 7.92015, 0.02586], "rotation": [3, 0, -4], "uv": [0, 18], "mirror": true},
						{"origin": [5.68688, 9.92015, -4.97414], "size": [0, 8, 17], "pivot": [0.68688, 7.92015, 0.02586], "rotation": [3, 0, -4], "uv": [36, 67], "mirror": true}
					]
				},
				{
					"name": "wing0",
					"parent": "wings",
					"pivot": [-5, 19, -5],
					"cubes": [
						{"origin": [-6.68688, 10.92015, -4.97414], "size": [2, 7, 12], "pivot": [-0.68688, 7.92015, 0.02586], "rotation": [3, 0, 4], "uv": [0, 18]},
						{"origin": [-5.68688, 9.92015, -4.97414], "size": [0, 8, 17], "pivot": [-0.68688, 7.92015, 0.02586], "rotation": [3, 0, 4], "uv": [36, 67]}
					]
				},
				{
					"name": "legs",
					"parent": "bone",
					"pivot": [0, 8.25, 0]
				},
				{
					"name": "leg0",
					"parent": "legs",
					"pivot": [-3, 9.5, 1.00591],
					"cubes": [
						{"origin": [-4, 0.12842, -3.01909], "size": [3, 5, 5], "uv": [0, 89]},
						{"origin": [-4, 5.02842, 0.00591], "size": [2, 5, 2], "uv": [0, 111]}
					]
				},
				{
					"name": "leg1",
					"parent": "legs",
					"pivot": [3, 9.5, 1],
					"cubes": [
						{"origin": [1, 0.12842, -3.01909], "size": [3, 5, 5], "uv": [0, 89], "mirror": true},
						{"origin": [2, 5.02842, 0.00591], "size": [2, 5, 2], "uv": [0, 111], "mirror": true}
					]
				},
				{
					"name": "feathers",
					"parent": "bone",
					"pivot": [0, 16.25, 8]
				},
				{
					"name": "left",
					"parent": "feathers",
					"pivot": [3, 16, 8],
					"cubes": [
						{"origin": [-0.5, 14.0108, 7.86671], "size": [5, 0, 22], "pivot": [2, 14, 9], "rotation": [7.17384, 15.0612, -1.01093], "uv": [65, 82], "mirror": true},
						{"origin": [-0.5, 14.0108, -0.13329], "size": [5, 0, 22], "pivot": [2, 14, 9], "rotation": [20, 22.5, 0], "uv": [65, 82], "mirror": true}
					]
				},
				{
					"name": "feathers2",
					"parent": "bone",
					"pivot": [0, 14.25, 8]
				},
				{
					"name": "right2",
					"parent": "feathers2",
					"pivot": [-4, 14, 9],
					"cubes": [
						{"origin": [-4.5, 14.0108, 7.86671], "size": [5, 0, 22], "pivot": [-2, 14, 9], "rotation": [7.17384, -15.0612, 1.01093], "uv": [65, 82]},
						{"origin": [-4.5, 14.0108, -0.13329], "size": [5, 0, 22], "pivot": [-2, 14, 9], "rotation": [20, -22.5, 0], "uv": [65, 82]}
					]
				},
				{
					"name": "middle2",
					"parent": "feathers2",
					"pivot": [0, 14, 9],
					"cubes": [
						{"origin": [-2.5, 15.0108, 7.86671], "size": [5, 0, 22], "pivot": [0, 15, 9], "rotation": [7.5, 0, 0], "uv": [65, 82]},
						{"origin": [-2.5, 15.0108, -0.13329], "size": [5, 0, 22], "pivot": [0, 15, 9], "rotation": [20, 0, 0], "uv": [65, 82]},
						{"origin": [-5, 16.0108, 9.61671], "size": [10, 0, 6], "pivot": [0, 15, 9], "rotation": [20, 0, 0], "uv": [94, 98]},
						{"origin": [-5, 13.96452, 8.31601], "size": [10, 0, 6], "uv": [94, 98]}
					]
				},
				{
					"name": "left2",
					"parent": "feathers2",
					"pivot": [4, 14, 9]
				}
			]
		}
	]
}