{
	"format_version": "1.12.0",
	"minecraft:geometry": [
		{
			"description": {
				"identifier": "geometry.pod_farm.quail",
				"texture_width": 32,
				"texture_height": 32,
				"visible_bounds_width": 3,
				"visible_bounds_height": 2.25,
				"visible_bounds_offset": [0, 0.875, 0]
			},
			"bones": [
				{
					"name": "body",
					"pivot": [0, 8, 0],
					"cubes": [
						{"origin": [-3, 0, -1], "size": [6, 8, 5], "pivot": [0, 4, 0], "rotation": [72.5, 0, 0], "uv": [0, 0]},
						{"origin": [-3, -4, 4], "size": [6, 4, 0], "pivot": [0, 4, 0], "rotation": [72.5, 0, 0], "uv": [6, 28]}
					]
				},
				{
					"name": "head",
					"pivot": [0, 10, -2.25],
					"rotation": [10, 0, 0],
					"cubes": [
						{"origin": [-2, 5.06077, -4.94459], "size": [4, 7, 4], "uv": [0, 13]},
						{"origin": [-1, 9.06077, -5.94459], "size": [2, 1, 1], "uv": [1, 26]}
					],
					"locators": {
						"lead": [0, 6.06077, -2.94459]
					}
				},
				{
					"name": "beak",
					"parent": "head",
					"pivot": [0, 10, -2.25]
				},
				{
					"name": "leg0",
					"pivot": [-1, 7, 1],
					"cubes": [
						{"origin": [-2, 0.05, -1], "size": [1, 3, 2], "uv": [26, 0]}
					]
				},
				{
					"name": "leg1",
					"pivot": [1, 5, 1],
					"cubes": [
						{"origin": [1, 0.05, -1], "size": [1, 3, 2], "uv": [26, 0]}
					]
				},
				{
					"name": "wing0",
					"pivot": [-3, 7, -2],
					"cubes": [
						{"origin": [-4.6266, 3.6869, -1.98648], "size": [1, 4, 6], "pivot": [0.8734, -3.3131, 0.51352], "rotation": [0, -5, 5], "uv": [18, 22]}
					]
				},
				{
					"name": "wing1",
					"pivot": [3, 7, -2],
					"cubes": [
						{"origin": [3.6266, 3.6869, -1.98648], "size": [1, 4, 6], "pivot": [-0.8734, -3.3131, 0.51352], "rotation": [0, 5, -5], "uv": [18, 22], "mirror": true}
					]
				}
			]
		}
	]
}