{
	"format_version": "1.12.0",
	"minecraft:geometry": [
		{
			"description": {
				"identifier": "geometry.pod_farm.turkey",
				"texture_width": 64,
				"texture_height": 64,
				"visible_bounds_width": 3,
				"visible_bounds_height": 3.25,
				"visible_bounds_offset": [0, 1.375, 0]
			},
			"bones": [
				{
					"name": "body",
					"pivot": [0, 8, 0],
					"cubes": [
						{"origin": [-7, 5, -6], "size": [14, 8, 8], "inflate": 0.002, "pivot": [0, 9, 0], "rotation": [0, -90, 90], "uv": [0, 0]},
						{"origin": [8.2, 11.21579, -8.66687], "size": [0, 12, 12], "pivot": [0, 17.21579, -0.16687], "rotation": [0, -67.5, 90], "uv": [0, 4]},
						{"origin": [9.2, 11.21579, -10.66687], "size": [0, 12, 12], "pivot": [0, 17.21579, -0.16687], "rotation": [0, -67.5, 90], "uv": [0, 4]}
					]
				},
				{
					"name": "head",
					"pivot": [0, 9, -6],
					"rotation": [-10, 0, 0],
					"cubes": [
						{"origin": [-3, 10.49553, -6.906], "size": [6, 8, 4], "pivot": [1, 5.49553, 2.094], "rotation": [10, 0, 0], "uv": [34, 32]}
					],
					"locators": {
						"lead": [0, 10, -7]
					}
				},
				{
					"name": "comb",
					"parent": "head",
					"pivot": [0, 9, -6],
					"cubes": [
						{"origin": [-2, 8.49553, -8.906], "size": [4, 5, 2], "pivot": [1, 5.49553, 2.094], "rotation": [10, 0, 0], "uv": [22, 43]}
					]
				},
				{
					"name": "beak",
					"parent": "head",
					"pivot": [0, 9, -6],
					"cubes": [
						{"origin": [-2, 13.49553, -10.906], "size": [4, 2, 4], "pivot": [1, 5.49553, 2.094], "rotation": [10, 0, 0], "uv": [37, 0]}
					]
				},
				{
					"name": "leg0",
					"pivot": [-2, 5, 1],
					"cubes": [
						{"origin": [-4, 0.1, -3], "size": [3, 6, 4], "uv": [0, 49]}
					]
				},
				{
					"name": "leg1",
					"pivot": [1, 5, 1],
					"cubes": [
						{"origin": [1, 0.1, -3], "size": [3, 6, 4], "uv": [0, 49], "mirror": true}
					]
				},
				{
					"name": "wing0",
					"pivot": [-3, 11, 0],
					"cubes": [
						{"origin": [-7.87952, 2.67688, -3.82843], "size": [2, 7, 10], "pivot": [-3.87952, 0.67688, 1.17157], "rotation": [-1.3809, -21.69365, 11.32646], "uv": [0, 28]}
					]
				},
				{
					"name": "wing1",
					"pivot": [3, 11, 0],
					"cubes": [
						{"origin": [6.87103, 0.64213, 0.2931], "size": [2, 7, 10], "pivot": [-6.27897, -1.35787, 5.2931], "rotation": [-1.3809, 21.6937, -11.3265], "uv": [14, 18]}
					]
				}
			]
		}
	]
}