{
	"format_version": "1.10.0",
	"particle_effect": {
		"description": {
			"identifier": "xp_furniture:aquarium.half_full.bits",
			"basic_render_parameters": {
				"material": "particles_blend",
				"texture": "textures/particle/particles"
			}
		},
		"curves": {
			"variable.life": {
				"type": "bezier_chain",
				"input": "v.particle_age",
				"nodes": {
					"0.0": {
						"value": 0,
						"slope": 0
					},
					"0.1": {
						"value": 0,
						"slope": 0
					},
					"0.74": {
						"value": 4,
						"slope": 0
					},
					"0.99": {
						"value": -4,
						"slope": 0
					}
				}
			}
		},
		"components": {
			"minecraft:emitter_rate_steady": {
				"spawn_rate": 1,
				"max_particles": 10
			},
			"minecraft:emitter_lifetime_once": {
				"active_time": 1.1
			},
			"minecraft:emitter_shape_box": {
				"half_dimensions": [0.5, 0.1, 0.5],
				"direction": "outwards"
			},
			"minecraft:particle_lifetime_expression": {
				"max_lifetime": 3.75
			},
			"minecraft:particle_expire_if_in_blocks": ["minecraft:air"],
			"minecraft:particle_initial_speed": "Math.random(0, 0.1)",
			"minecraft:particle_motion_dynamic": {
				"linear_acceleration": ["Math.random(1,-1)", 1, "Math.random(1,-1)"],
				"linear_drag_coefficient": 8
			},
			"minecraft:particle_appearance_billboard": {
				"size": [0.075, 0.075],
				"facing_camera_mode": "lookat_xyz",
				"uv": {
					"texture_width": 128,
					"texture_height": 128,
					"uv": [0, 0],
					"uv_size": [8, 8]
				}
			},
			"minecraft:particle_appearance_lighting": {},
			"minecraft:particle_appearance_tinting": {
				"color": {
					"interpolant": "v.particle_age/v.particle_lifetime",
					"gradient": {
						"0.0": "#A32E80D5",
						"0.72": "#A32E80D5",
						"0.81": "#A32E80D5",
						"1.0": "#002E80D5"
					}
				}
			}
		}
	}
}