{
  "format_version": "1.10.0",
  "animation_controllers": {
    "controller.animation.pod_farm.effects": {
      "states": {
        "default": {
          "transitions": [
            {
              "bone_meal": "query.property('pod_farm:effects') == 'bone_meal'"
            },
            { "break": "query.property('pod_farm:effects') == 'break'" },
            { "place": "query.property('pod_farm:effects') == 'place'" }
          ]
        },
        "bone_meal": {
          "transitions": [
            { "default": "query.property('pod_farm:effects') != 'bone_meal'" }
          ],
          "particle_effects": [
            {
              "effect": "crop_growth_emitter",
              "locator": "main"
            }
          ],
          "sound_effects": [
            {
              "effect": "bone_meal"
            }
          ]
        },
        "place": {
          "transitions": [
            { "default": "query.property('pod_farm:effects') != 'place'" }
          ],
          "sound_effects": []
        },
        "break": {
          "transitions": [
            { "default": "query.property('pod_farm:effects') != 'break'" }
          ],
          "sound_effects": [
            {
              "effect": "break"
            }
          ]
        }
      }
    }
  }
}
