{
  "format_version": "1.10.0",
  "animation_controllers": {
    "controller.animation.pod_farm.fridge.connect": {
      "states": {
        "default": {
          "transitions": [
            { "connect_up": "query.property('pod_farm:connect')=='up'" },
            { "connect_down": "query.property('pod_farm:connect')=='down'" }
          ],
          "animations": ["single"]
        },
        "connect_up": {
          "transitions": [
            { "default": "query.property('pod_farm:connect')!='up'" }
          ],
          "animations": ["connect_up"]
        },
        "connect_down": {
          "transitions": [
            { "default": "query.property('pod_farm:connect')!='down'" }
          ],
          "animations": ["connect_down"]
        }
      }
    },
    "controller.animation.pod_farm.fridge.door": {
      "states": {
        "default": {
          "transitions": [
            {
              "open": "query.property('pod_farm:open')"
            }
          ]
        },
        "open": {
          "transitions": [{ "close": "!query.property('pod_farm:open')" }],
          "animations": ["open"]
        },
        "close": {
          "transitions": [{ "default": "query.any_animation_finished" }],
          "animations": ["close"]
        }
      }
    }
  }
}
