{
  "format_version": "1.10.0",
  "animation_controllers": {
    "controller.animation.pod_farm.plate": {
      "states": {
        "default": {
          "transitions": [
            { "tomatosoup": "query.property('pod_farm:food')==1" },
            { "potatosoup": "query.property('pod_farm:food')==2" },
            { "sweetpotatosoup": "query.property('pod_farm:food')==3" },
            { "beetrootsoup": "query.property('pod_farm:food')==4" },
            { "susstew": "query.property('pod_farm:food')==5" },
            { "mushroomstew": "query.property('pod_farm:food')==6" },
            { "rabbitstew": "query.property('pod_farm:food')==7" },
            { "vegetablesoup": "query.property('pod_farm:food')==8" },
            { "chickennoodlesoup": "query.property('pod_farm:food')==9" },
            { "chilitomatopasta": "query.property('pod_farm:food')==10" },
            { "tomatoonionpasta": "query.property('pod_farm:food')==11" },
            { "spinachpasta": "query.property('pod_farm:food')==12" },
            { "broccolicheesepasta": "query.property('pod_farm:food')==13" },
            { "riceporridge": "query.property('pod_farm:food')==14" },
            { "oatporridge": "query.property('pod_farm:food')==15" },
            { "salad": "query.property('pod_farm:food')==16" },
            { "pizza": "query.property('pod_farm:food')==17" },
            { "hawaiianpizza": "query.property('pod_farm:food')==18" },
            { "strawberrytart": "query.property('pod_farm:food')==19" },
            { "rhubarbpie": "query.property('pod_farm:food')==20" },
            { "raspberrypie": "query.property('pod_farm:food')==21" },
            { "blueberrypie": "query.property('pod_farm:food')==22" },
            { "grapepie": "query.property('pod_farm:food')==23" },
            { "blackberrypie": "query.property('pod_farm:food')==24" },
            { "pumpkinpie": "query.property('pod_farm:food')==25" },
            { "peachpie": "query.property('pod_farm:food')==26" },
            { "cake": "query.property('pod_farm:food')==27" },
            { "hamburger": "query.property('pod_farm:food')==28" },
            { "poultryburger": "query.property('pod_farm:food')==29" },
            { "fishburger": "query.property('pod_farm:food')==30" },
            { "cheeseburger": "query.property('pod_farm:food')==31" },
            { "turkeysandwich": "query.property('pod_farm:food')==32" },
            { "chickensandwich": "query.property('pod_farm:food')==33" },
            { "breakfastsandwich": "query.property('pod_farm:food')==34" },
            { "pbjsandwich": "query.property('pod_farm:food')==35" },
            { "pbjsandwich1": "query.property('pod_farm:food')==36" },
            { "pbjsandwich2": "query.property('pod_farm:food')==37" },
            { "pbjsandwich3": "query.property('pod_farm:food')==38" },
            { "pbjsandwich4": "query.property('pod_farm:food')==39" },
            { "pbjsandwich5": "query.property('pod_farm:food')==40" },
            { "pbjsandwich6": "query.property('pod_farm:food')==41" },
            { "pbjsandwich7": "query.property('pod_farm:food')==42" },
            { "applepie": "query.property('pod_farm:food')==43" },
            { "blt": "query.property('pod_farm:food')==44" }
          ],
          "animations": ["empty"]
        },
        "tomatosoup": {
          "transitions": [{ "default": "query.property('pod_farm:food')!=1" }],
          "animations": ["tomatosoup"]
        },
        "potatosoup": {
          "transitions": [{ "default": "query.property('pod_farm:food')!=2" }],
          "animations": ["potatosoup"]
        },
        "sweetpotatosoup": {
          "transitions": [{ "default": "query.property('pod_farm:food')!=3" }],
          "animations": ["sweetpotatosoup"]
        },
        "beetrootsoup": {
          "transitions": [{ "default": "query.property('pod_farm:food')!=4" }],
          "animations": ["beetrootsoup"]
        },
        "susstew": {
          "transitions": [{ "default": "query.property('pod_farm:food')!=5" }],
          "animations": ["susstew"]
        },
        "mushroomstew": {
          "transitions": [{ "default": "query.property('pod_farm:food')!=6" }],
          "animations": ["mushroomstew"]
        },
        "rabbitstew": {
          "transitions": [{ "default": "query.property('pod_farm:food')!=7" }],
          "animations": ["rabbitstew"]
        },
        "vegetablesoup": {
          "transitions": [{ "default": "query.property('pod_farm:food')!=8" }],
          "animations": ["vegetablesoup"]
        },
        "chickennoodlesoup": {
          "transitions": [{ "default": "query.property('pod_farm:food')!=9" }],
          "animations": ["chickennoodlesoup"]
        },
        "chilitomatopasta": {
          "transitions": [{ "default": "query.property('pod_farm:food')!=10" }],
          "animations": ["chilitomatopasta"]
        },
        "tomatoonionpasta": {
          "transitions": [{ "default": "query.property('pod_farm:food')!=11" }],
          "animations": ["tomatoonionpasta"]
        },
        "spinachpasta": {
          "transitions": [{ "default": "query.property('pod_farm:food')!=12" }],
          "animations": ["spinachpasta"]
        },
        "broccolicheesepasta": {
          "transitions": [{ "default": "query.property('pod_farm:food')!=13" }],
          "animations": ["broccolicheesepasta"]
        },
        "riceporridge": {
          "transitions": [{ "default": "query.property('pod_farm:food')!=14" }],
          "animations": ["riceporridge"]
        },
        "oatporridge": {
          "transitions": [{ "default": "query.property('pod_farm:food')!=15" }],
          "animations": ["oatporridge"]
        },
        "salad": {
          "transitions": [{ "default": "query.property('pod_farm:food')!=16" }],
          "animations": ["salad"]
        },
        "pizza": {
          "transitions": [{ "default": "query.property('pod_farm:food')!=17" }],
          "animations": ["pizza"]
        },
        "hawaiianpizza": {
          "transitions": [{ "default": "query.property('pod_farm:food')!=18" }],
          "animations": ["hawaiianpizza"]
        },
        "strawberrytart": {
          "transitions": [{ "default": "query.property('pod_farm:food')!=19" }],
          "animations": ["strawberrytart"]
        },
        "rhubarbpie": {
          "transitions": [{ "default": "query.property('pod_farm:food')!=20" }],
          "animations": ["rhubarbpie"]
        },
        "raspberrypie": {
          "transitions": [{ "default": "query.property('pod_farm:food')!=21" }],
          "animations": ["raspberrypie"]
        },
        "blueberrypie": {
          "transitions": [{ "default": "query.property('pod_farm:food')!=22" }],
          "animations": ["blueberrypie"]
        },
        "grapepie": {
          "transitions": [{ "default": "query.property('pod_farm:food')!=23" }],
          "animations": ["grapepie"]
        },
        "blackberrypie": {
          "transitions": [{ "default": "query.property('pod_farm:food')!=24" }],
          "animations": ["blackberrypie"]
        },
        "pumpkinpie": {
          "transitions": [{ "default": "query.property('pod_farm:food')!=25" }],
          "animations": ["pumpkinpie"]
        },
        "peachpie": {
          "transitions": [{ "default": "query.property('pod_farm:food')!=26" }],
          "animations": ["peachpie"]
        },
        "cake": {
          "transitions": [{ "default": "query.property('pod_farm:food')!=27" }],
          "animations": ["cake"]
        },
        "hamburger": {
          "transitions": [{ "default": "query.property('pod_farm:food')!=28" }],
          "animations": ["hamburger"]
        },
        "poultryburger": {
          "transitions": [{ "default": "query.property('pod_farm:food')!=29" }],
          "animations": ["poultryburger"]
        },
        "fishburger": {
          "transitions": [{ "default": "query.property('pod_farm:food')!=30" }],
          "animations": ["fishburger"]
        },
        "cheeseburger": {
          "transitions": [{ "default": "query.property('pod_farm:food')!=31" }],
          "animations": ["cheeseburger"]
        },
        "turkeysandwich": {
          "transitions": [{ "default": "query.property('pod_farm:food')!=32" }],
          "animations": ["turkeysandwich"]
        },
        "chickensandwich": {
          "transitions": [{ "default": "query.property('pod_farm:food')!=33" }],
          "animations": ["chickensandwich"]
        },
        "breakfastsandwich": {
          "transitions": [{ "default": "query.property('pod_farm:food')!=34" }],
          "animations": ["breakfastsandwich"]
        },
        "pbjsandwich": {
          "transitions": [{ "default": "query.property('pod_farm:food')!=35" }],
          "animations": ["pbjsandwich"]
        },
        "pbjsandwich1": {
          "transitions": [{ "default": "query.property('pod_farm:food')!=36" }],
          "animations": ["pbjsandwich2"]
        },
        "pbjsandwich2": {
          "transitions": [{ "default": "query.property('pod_farm:food')!=37" }],
          "animations": ["pbjsandwich"]
        },
        "pbjsandwich3": {
          "transitions": [{ "default": "query.property('pod_farm:food')!=38" }],
          "animations": ["pbjsandwich"]
        },
        "pbjsandwich4": {
          "transitions": [{ "default": "query.property('pod_farm:food')!=39" }],
          "animations": ["pbjsandwich1"]
        },
        "pbjsandwich5": {
          "transitions": [{ "default": "query.property('pod_farm:food')!=40" }],
          "animations": ["pbjsandwich1"]
        },
        "pbjsandwich6": {
          "transitions": [{ "default": "query.property('pod_farm:food')!=41" }],
          "animations": ["pbjsandwich2"]
        },
        "pbjsandwich7": {
          "transitions": [{ "default": "query.property('pod_farm:food')!=42" }],
          "animations": ["pbjsandwich1"]
        },
        "applepie": {
          "transitions": [{ "default": "query.property('pod_farm:food')!=43" }],
          "animations": ["applepie"]
        },
        "blt": {
          "transitions": [{ "default": "query.property('pod_farm:food')!=44" }],
          "animations": ["blt"]
        }
      }
    }
  }
}
