{
  "format_version": "1.10.0",
  "render_controllers": {
    "controller.render.xp_furniture.default": {
      "geometry": "Geometry.default",
      "materials": [
        {
          "*": "Material.default"
        }
      ],
      "textures": [
        "Texture.default"
      ],
      "is_hurt_color": {},
      "on_fire_color": {},
      "part_visibility": [
        {
          "xp_block_outline": false
        }
      ]
    },
    "controller.render.xp_furniture.death": {
      "geometry": "Geometry.default",
      "materials": [
        {
          "*": "Material.default"
        }
      ],
      "textures": [
        "Texture.default"
      ],
      "is_hurt_color": {},
      "on_fire_color": {},
      "overlay_color": {
        "r": 1,
        "g": 0,
        "b": 0,
        "a": 0.6
      }
    },
    "controller.render.xp_furniture.block_outline": {
      "geometry": "Geometry.block_outline",
      "materials": [
        {
          "*": "Material.block_outline"
        }
      ],
      "textures": [
        "Texture.block_outline"
      ],
      "is_hurt_color": {},
      "on_fire_color": {},
      "part_visibility": [
        {
          "xp_block_outline": "v.look_at_entity"
        }
      ]
    },
    "controller.render.xp_furniture.block_destruct": {
      "arrays": {
        "textures": {
          "Array.stage": [
            "Texture.block_destruct.stage_1",
            "Texture.block_destruct.stage_2",
            "Texture.block_destruct.stage_3"
          ]
        }
      },
      "geometry": "Geometry.block_outline",
      "materials": [
        {
          "*": "Material.block_destruct"
        }
      ],
      "textures": [
        "Array.stage[Math.clamp(q.property('xp_furniture:destroy_stage') - 1, 0, 2)]"
      ],
      "is_hurt_color": {},
      "on_fire_color": {},
      "uv_anim": {
        "offset": [
          0,
          0
        ],
        "scale": [
          1,
          "v.block_destruct_size_factor ?? 0"
        ]
      },
      "part_visibility": [
        {
          "xp_block_outline": "q.property('xp_furniture:destroy_stage') > 0"
        }
      ],
      "ignore_lighting": true
    },
    "controller.render.xp_furniture.block_destruct_masked": {
      "arrays": {
        "textures": {
          "Array.stage": [
            "Texture.block_destruct.stage_1",
            "Texture.block_destruct.stage_2",
            "Texture.block_destruct.stage_3"
          ]
        }
      },
      "geometry": "Geometry.default",
      "materials": [
        {
          "*": "Material.block_destruct_masked"
        }
      ],
      "textures": [
        "Array.stage[Math.clamp(q.property('xp_furniture:destroy_stage') - 1, 0, 2)]"
      ],
      "is_hurt_color": {},
      "on_fire_color": {},
      "part_visibility": [
        {
          "*": "q.property('xp_furniture:destroy_stage') > 0"
        },
        {
          "no_destroy_texture*": false
        },
        {
          "xp_block_outline": false
        }
      ],
      "ignore_lighting": true
    },
    "controller.render.xp_furniture.cupboard": {
      "arrays": {
        "textures": {
          "Array.wood_variants": [
            "Texture.oak",
            "Texture.acacia",
            "Texture.bamboo",
            "Texture.birch",
            "Texture.cherry",
            "Texture.crimson",
            "Texture.dark_oak",
            "Texture.jungle",
            "Texture.mangrove",
            "Texture.spruce",
            "Texture.template",
            "Texture.warped"
          ]
        }
      },
      "geometry": "Geometry.default",
      "materials": [
        {
          "*": "Material.default"
        }
      ],
      "textures": [
        "Array.wood_variants[q.mark_variant]"
      ],
      "is_hurt_color": {},
      "on_fire_color": {},
      "part_visibility": [
        {
          "*": true
        },
        {
          "xp_block_outline": false
        },
        {
          "contents": false
        },
        {
          "clothes*": false
        }
      ]
    },
    "controller.render.xp_furniture.cupboard.contents": {
      "geometry": "Geometry.default",
      "materials": [
        {
          "*": "Material.default"
        }
      ],
      "textures": [
        "Texture.contents"
      ],
      "is_hurt_color": {},
      "on_fire_color": {},
      "part_visibility": [
        {
          "*": false
        },
        {
          "xp_block_outline": false
        },
        {
          "contents": true
        },
        {
          "clothes*": true
        }
      ]
    },
    "controller.render.xp_furniture.cupboard.block_outline": {
      "geometry": "Geometry.default",
      "materials": [
        {
          "*": "Material.block_outline"
        }
      ],
      "textures": [
        "Texture.block_outline"
      ],
      "on_fire_color": {},
      "is_hurt_color": {},
      "part_visibility": [
        {
          "*": false
        },
        {
          "xp_block_outline": "v.look_at_entity"
        }
      ]
    },
    "controller.render.xp_furniture.christmas_tree": {
      "geometry": "Geometry.default",
      "materials": [
        {
          "*": "Material.default"
        }
      ],
      "textures": [
        "Texture.default"
      ],
      "is_hurt_color": {},
      "on_fire_color": {},
      "ignore_lighting": true,
      "part_visibility": [
        {
          "xp_block_outline": false
        },
        {
          "candles*": false
        },
        {
          "star": "v.has_any_deco"
        },
        {
          "emeralds": "q.property('xp_furniture:emeralds')"
        },
        {
          "redstone": "q.property('xp_furniture:redstone')"
        },
        {
          "diamond": "q.property('xp_furniture:diamonds')"
        }
      ]
    },
    "controller.render.xp_furniture.christmas_tree.candles": {
      "geometry": "Geometry.default",
      "materials": [
        {
          "*": "Material.default"
        }
      ],
      "textures": [
        "Texture.default"
      ],
      "is_hurt_color": {},
      "on_fire_color": {},
      "part_visibility": [
        {
          "*": false
        },
        {
          "candles": "q.property('xp_furniture:candles')"
        }
      ]
    },
    "controller.render.xp_furniture.barred_door": {
      "geometry": "Geometry.default",
      "materials": [
        {
          "*": "Material.default"
        }
      ],
      "textures": [
        "Texture.default"
      ],
      "is_hurt_color": {},
      "on_fire_color": {},
      "part_visibility": [
        {
          "xp_block_outline": false
        }
      ]
    },
    "controller.render.xp_furniture.barred_door.block_outline": {
      "geometry": "Geometry.default",
      "materials": [
        {
          "*": "Material.block_outline"
        }
      ],
      "textures": [
        "Texture.block_outline"
      ],
      "is_hurt_color": {},
      "on_fire_color": {},
      "part_visibility": [
        {
          "*": false
        },
        {
          "xp_block_outline": "v.look_at_entity"
        }
      ]
    },
    "controller.render.xp_furniture.big_chest": {
      "geometry": "q.property('xp_furniture:season') == 'christmas' ? Geometry.christmas : Geometry.default",
      "materials": [
        {
          "*": "Material.default"
        }
      ],
      "textures": [
        "q.property('xp_furniture:season') == 'christmas' ? Texture.christmas : Texture.default"
      ],
      "is_hurt_color": {},
      "on_fire_color": {},
      "part_visibility": [
        {
          "xp_block_outline": false
        }
      ]
    },
    "controller.render.xp_furniture.big_chest.block_outline": {
      "geometry": "Geometry.default",
      "materials": [
        {
          "*": "Material.block_outline"
        }
      ],
      "textures": [
        "Texture.block_outline"
      ],
      "is_hurt_color": {},
      "on_fire_color": {},
      "part_visibility": [
        {
          "*": false
        },
        {
          "xp_block_outline": "v.look_at_entity"
        }
      ]
    },
    "controller.render.xp_furniture.display_case": {
      "geometry": "q.variant ? Geometry.wall : Geometry.floor",
      "materials": [
        {
          "*": "Material.default"
        }
      ],
      "textures": [
        "!q.mark_variant ? Texture.wooden : Texture.fancy"
      ],
      "is_hurt_color": {},
      "on_fire_color": {},
      "part_visibility": [
        {
          "*": true
        },
        {
          "xp_block_outline": false
        }
      ]
    },
    "controller.render.xp_furniture.display_case.item": {
      "geometry": "Geometry.default",
      "materials": [
        {
          "*": "Material.default"
        }
      ],
      "textures": [
        "!q.mark_variant ? Texture.wooden : Texture.fancy"
      ]
    },
    "controller.render.xp_furniture.display_case.block_outline": {
      "geometry": "q.variant ? Geometry.wall : Geometry.floor",
      "materials": [
        {
          "*": "Material.block_outline"
        }
      ],
      "textures": [
        "Texture.block_outline"
      ],
      "is_hurt_color": {},
      "on_fire_color": {},
      "part_visibility": [
        {
          "*": false
        },
        {
          "xp_block_outline": "v.look_at_entity"
        }
      ]
    },
    "controller.render.xp_furniture.display_case.block_destruct": {
      "arrays": {
        "textures": {
          "Array.stages": [
            "Texture.block_destruct.stage_1",
            "Texture.block_destruct.stage_2",
            "Texture.block_destruct.stage_3"
          ]
        }
      },
      "geometry": "q.variant ? Geometry.wall : Geometry.floor",
      "materials": [
        {
          "*": "Material.block_destruct_masked"
        }
      ],
      "textures": [
        "Array.stages[Math.clamp(q.property('xp_furniture:destroy_stage') - 1, 0, 2)]"
      ],
      "is_hurt_color": {},
      "on_fire_color": {},
      "part_visibility": [
        {
          "*": "q.property('xp_furniture:destroy_stage') > 0"
        },
        {
          "no_destroy_texture*": false
        },
        {
          "xp_block_outline": false
        }
      ],
      "ignore_lighting": true
    },
    "controller.render.xp_furniture.glass_jar": {
      "arrays": {
        "textures": {
          "Array.texture_type": [
            "Texture.empty",
            "Texture.cookie"
          ]
        },
        "geometries": {
          "Array.geometry_type": [
            "Geometry.empty",
            "Geometry.cookie"
          ]
        }
      },
      "geometry": "Array.geometry_type[q.variant]",
      "materials": [
        {
          "*": "Material.default"
        }
      ],
      "textures": [
        "Array.texture_type[q.variant]"
      ],
      "is_hurt_color": {},
      "on_fire_color": {}
    },
    "controller.render.xp_furniture.glass_jar.block_destruct": {
      "arrays": {
        "textures": {
          "Array.stages": [
            "Texture.block_destruct.stage_1",
            "Texture.block_destruct.stage_2",
            "Texture.block_destruct.stage_3"
          ]
        }
      },
      "geometry": "Geometry.empty",
      "materials": [
        {
          "*": "Material.block_destruct_masked"
        }
      ],
      "textures": [
        "Array.stages[Math.clamp(q.property('xp_furniture:destroy_stage') - 1, 0, 2)]"
      ],
      "is_hurt_color": {},
      "on_fire_color": {},
      "part_visibility": [
        {
          "*": "q.property('xp_furniture:destroy_stage') > 0"
        },
        {
          "no_destroy_texture*": false
        },
        {
          "xp_block_outline": false
        }
      ],
      "ignore_lighting": true
    },
    "controller.render.xp_furniture.juice_barrel": {
      "geometry": "Geometry.default",
      "materials": [
        {
          "*": "Material.default"
        }
      ],
      "textures": [
        "Texture.default"
      ],
      "is_hurt_color": {},
      "on_fire_color": {},
      "part_visibility": [
        {
          "xp_block_outline": false
        }
      ]
    },
    "controller.render.xp_furniture.juice_barrel.block_outline": {
      "geometry": "Geometry.default",
      "materials": [
        {
          "*": "Material.block_outline"
        }
      ],
      "textures": [
        "Texture.block_outline"
      ],
      "is_hurt_color": {},
      "on_fire_color": {},
      "part_visibility": [
        {
          "*": false
        },
        {
          "xp_block_outline": "v.look_at_entity"
        }
      ]
    },
    "controller.render.xp_furniture.slab_chest": {
      "geometry": "Geometry.default",
      "materials": [
        {
          "*": "Material.default"
        }
      ],
      "textures": [
        "q.property('xp_furniture:season') == 'christmas' ? Texture.christmas : Texture.default"
      ],
      "is_hurt_color": {},
      "on_fire_color": {},
      "part_visibility": [
        {
          "xp_block_outline": false
        }
      ]
    },
    "controller.render.xp_furniture.slab_chest.block_outline": {
      "geometry": "Geometry.default",
      "materials": [
        {
          "*": "Material.block_outline"
        }
      ],
      "textures": [
        "Texture.block_outline"
      ],
      "is_hurt_color": {},
      "on_fire_color": {},
      "part_visibility": [
        {
          "*": false
        },
        {
          "xp_block_outline": "v.look_at_entity"
        }
      ]
    },
    "controller.render.xp_furniture.telescope": {
      "geometry": "Geometry.default",
      "materials": [
        {
          "*": "Material.default"
        },
        {
          "glass": "q.property('xp_furniture:has_target') ? Material.glass : Material.default"
        }
      ],
      "textures": [
        "Texture.default"
      ],
      "is_hurt_color": {},
      "on_fire_color": {}
    },
    "controller.render.xp_furniture.water_mill": {
      "geometry": "Geometry.default",
      "materials": [
        {
          "*": "Material.default"
        }
      ],
      "textures": [
        "Texture.default"
      ],
      "is_hurt_color": {},
      "on_fire_color": {},
      "part_visibility": [
        {
          "xp_block_outline": false
        }
      ]
    },
    "controller.render.xp_furniture.water_mill.block_outline": {
      "geometry": "Geometry.default",
      "materials": [
        {
          "*": "Material.block_outline"
        }
      ],
      "textures": [
        "Texture.block_outline"
      ],
      "is_hurt_color": {},
      "on_fire_color": {},
      "part_visibility": [
        {
          "*": false
        },
        {
          "xp_block_outline": "v.look_at_entity"
        }
      ]
    },
    "controller.render.xp_furniture.merchant": {
      "geometry": "Geometry.default",
      "materials": [
        {
          "*": "Material.default"
        },
        {
          "lantern": "Material.lantern"
        }
      ],
      "uv_anim": {
        "scale": [
          1,
          "1/6"
        ],
        "offset": [
          0,
          "Math.mod(Math.floor(query.life_time * 3), 6)/6"
        ]
      },
      "textures": [
        "Texture.default"
      ]
    },
    "controller.render.xp_furniture.merchant_christmas": {
      "geometry": "Geometry.christmas",
      "materials": [
        {
          "*": "Material.default"
        },
        {
          "chain": "Material.chain"
        }
      ],
      "textures": [
        "Texture.christmas"
      ]
    },
    "controller.render.xp_furniture.merchant_highlight": {
      "geometry": "Geometry.default_highlight",
      "materials": [
        {
          "*": "Material.highlight"
        }
      ],
      "textures": [
        "Texture.default_highlight"
      ]
    },
    "controller.render.xp_furniture.merchant_christmas_highlight": {
      "geometry": "Geometry.christmas_highlight",
      "materials": [
        {
          "*": "Material.highlight"
        }
      ],
      "textures": [
        "Texture.christmas_highlight"
      ]
    }
  }
}