{
  "format_version": "1.8.0",
  "render_controllers": {
    "controller.render.xp_furniture.dye_variants": {
      "arrays": {
        "textures": {
          "Array.dye_variants": [
            "Texture.white",
            "Texture.black",
            "Texture.blue",
            "Texture.brown",
            "Texture.cyan",
            "Texture.gray",
            "Texture.green",
            "Texture.light_blue",
            "Texture.light_gray",
            "Texture.lime",
            "Texture.magenta",
            "Texture.orange",
            "Texture.pink",
            "Texture.purple",
            "Texture.red",
            "Texture.yellow"
          ]
        }
      },
      "geometry": "Geometry.default",
      "materials": [
        {
          "*": "Material.default"
        }
      ],
      "textures": [
        "Array.dye_variants[q.variant]"
      ],
      "is_hurt_color": {},
      "on_fire_color": {},
      "part_visibility": [
        {
          "*": true
        },
        {
          "xp_block_outline": false
        }
      ]
    },
    "controller.render.xp_furniture.lamp": {
      "arrays": {
        "geometries": {
          "Array.wood_variants": [
            "Geometry.oak",
            "Geometry.acacia",
            "Geometry.bamboo",
            "Geometry.birch",
            "Geometry.cherry",
            "Geometry.crimson",
            "Geometry.dark_oak",
            "Geometry.jungle",
            "Geometry.mangrove",
            "Geometry.spruce",
            "Geometry.template",
            "Geometry.warped"
          ]
        }
      },
      "geometry": "Array.wood_variants[q.mark_variant]",
      "materials": [
        {
          "*": "Material.default"
        },
        {
          "emissive": "Material.lit"
        }
      ],
      "textures": [
        "Texture.default"
      ],
      "is_hurt_color": {},
      "on_fire_color": {}
    },
    "controller.render.xp_furniture.lamp.unlit": {
      "arrays": {
        "geometries": {
          "Array.wood_variants": [
            "Geometry.oak",
            "Geometry.acacia",
            "Geometry.bamboo",
            "Geometry.birch",
            "Geometry.cherry",
            "Geometry.crimson",
            "Geometry.dark_oak",
            "Geometry.jungle",
            "Geometry.mangrove",
            "Geometry.spruce",
            "Geometry.template",
            "Geometry.warped"
          ]
        }
      },
      "geometry": "Array.wood_variants[q.mark_variant]",
      "materials": [
        {
          "*": "Material.default"
        },
        {
          "emissive": "Material.unlit"
        }
      ],
      "textures": [
        "Texture.default"
      ],
      "is_hurt_color": {},
      "on_fire_color": {}
    },
    "controller.render.xp_furniture.lamp.emissive": {
      "arrays": {
        "geometries": {
          "Array.wood_variants": [
            "Geometry.oak",
            "Geometry.acacia",
            "Geometry.bamboo",
            "Geometry.birch",
            "Geometry.cherry",
            "Geometry.crimson",
            "Geometry.dark_oak",
            "Geometry.jungle",
            "Geometry.mangrove",
            "Geometry.spruce",
            "Geometry.template",
            "Geometry.warped"
          ]
        }
      },
      "geometry": "Array.wood_variants[q.mark_variant]",
      "materials": [
        {
          "*": "Material.default"
        }
      ],
      "textures": [
        "Texture.lamp"
      ],
      "part_visibility": [
        {
          "*": false
        },
        {
          "emissive": "!q.property('xp_furniture:is_interacted_with')"
        }
      ]
    },
    "controller.render.xp_furniture.lamp.block_destruct": {
      "arrays": {
        "textures": {
          "Array.stages": [
            "Texture.block_destruct.stage_1",
            "Texture.block_destruct.stage_2",
            "Texture.block_destruct.stage_3"
          ]
        }
      },
      "geometry": "Geometry.acacia",
      "materials": [
        {
          "*": "Material.block_destruct_masked"
        }
      ],
      "textures": [
        "Array.stages[Math.clamp(q.property('xp_furniture:destroy_stage') - 1, 0, 2)]"
      ],
      "is_hurt_color": {},
      "on_fire_color": {},
      "part_visibility": [
        {
          "*": "q.property('xp_furniture:destroy_stage') > 0"
        },
        {
          "no_destroy_texture*": false
        },
        {
          "xp_block_outline": false
        }
      ],
      "ignore_lighting": true
    },
    "controller.render.xp_furniture.standing_lamp.base": {
      "arrays": {
        "geometries": {
          "Array.wood_variants": [
            "Geometry.oak",
            "Geometry.acacia",
            "Geometry.bamboo",
            "Geometry.birch",
            "Geometry.cherry",
            "Geometry.crimson",
            "Geometry.dark_oak",
            "Geometry.jungle",
            "Geometry.mangrove",
            "Geometry.spruce",
            "Geometry.template",
            "Geometry.warped"
          ]
        }
      },
      "geometry": "Array.wood_variants[q.mark_variant]",
      "materials": [
        {
          "*": "Material.default"
        }
      ],
      "textures": [
        "Texture.default"
      ],
      "is_hurt_color": {},
      "on_fire_color": {},
      "part_visibility": [
        {
          "*": true
        },
        {
          "emissive": "!q.property('xp_furniture:is_interacted_with')"
        }
      ]
    },
    "controller.render.xp_furniture.standing_lamp.lamp": {
      "arrays": {
        "geometries": {
          "Array.wood_variants": [
            "Geometry.oak",
            "Geometry.acacia",
            "Geometry.bamboo",
            "Geometry.birch",
            "Geometry.cherry",
            "Geometry.crimson",
            "Geometry.dark_oak",
            "Geometry.jungle",
            "Geometry.mangrove",
            "Geometry.spruce",
            "Geometry.template",
            "Geometry.warped"
          ]
        }
      },
      "geometry": "Array.wood_variants[q.mark_variant]",
      "materials": [
        {
          "*": "Material.lit"
        }
      ],
      "textures": [
        "Texture.lamp_light"
      ],
      "is_hurt_color": {},
      "on_fire_color": {},
      "part_visibility": [
        {
          "*": false
        },
        {
          "emissive": "q.property('xp_furniture:is_interacted_with')"
        }
      ]
    },
    "controller.render.xp_furniture.standing_lamp.block_destruct": {
      "arrays": {
        "textures": {
          "Array.stages": [
            "Texture.block_destruct.stage_1",
            "Texture.block_destruct.stage_2",
            "Texture.block_destruct.stage_3"
          ]
        }
      },
      "geometry": "Geometry.acacia",
      "materials": [
        {
          "*": "Material.block_destruct_masked"
        }
      ],
      "textures": [
        "Array.stages[Math.clamp(q.property('xp_furniture:destroy_stage') - 1, 0, 2)]"
      ],
      "is_hurt_color": {},
      "on_fire_color": {},
      "part_visibility": [
        {
          "*": "q.property('xp_furniture:destroy_stage') > 0"
        },
        {
          "no_destroy_texture*": false
        },
        {
          "xp_block_outline": false
        }
      ],
      "ignore_lighting": true
    },
    "controller.render.xp_furniture.wood_variants": {
      "arrays": {
        "textures": {
          "Array.wood_variants": [
            "Texture.oak",
            "Texture.acacia",
            "Texture.bamboo",
            "Texture.birch",
            "Texture.cherry",
            "Texture.crimson",
            "Texture.dark_oak",
            "Texture.jungle",
            "Texture.mangrove",
            "Texture.spruce",
            "Texture.template",
            "Texture.warped"
          ]
        }
      },
      "geometry": "Geometry.default",
      "materials": [
        {
          "*": "Material.default"
        }
      ],
      "textures": [
        "Array.wood_variants[q.mark_variant]"
      ],
      "is_hurt_color": {},
      "on_fire_color": {},
      "part_visibility": [
        {
          "*": true
        },
        {
          "xp_block_outline": false
        }
      ]
    },
    "controller.render.xp_furniture.wood_variants_compressed": {
      "arrays": {
        "geometries": {
          "Array.wood_variants": [
            "Geometry.oak",
            "Geometry.acacia",
            "Geometry.bamboo",
            "Geometry.birch",
            "Geometry.cherry",
            "Geometry.crimson",
            "Geometry.dark_oak",
            "Geometry.jungle",
            "Geometry.mangrove",
            "Geometry.spruce",
            "Geometry.template",
            "Geometry.warped"
          ]
        }
      },
      "geometry": "Array.wood_variants[q.mark_variant]",
      "materials": [
        {
          "*": "Material.default"
        }
      ],
      "textures": [
        "Texture.default"
      ],
      "is_hurt_color": {},
      "on_fire_color": {},
      "part_visibility": [
        {
          "*": true
        },
        {
          "xp_block_outline": false
        }
      ]
    },
    "controller.render.xp_furniture.blinds": {
      "arrays": {
        "geometries": {
          "Array.on": [
            "Geometry.opened",
            "Geometry.opened_2x2"
          ],
          "Array.off": [
            "Geometry.closed",
            "Geometry.closed_2x2"
          ]
        }
      },
      "materials": [
        {
          "*": "Material.default"
        }
      ],
      "textures": [
        "Texture.default"
      ],
      "geometry": "q.property('xp_furniture:is_interacted_with') ? Array.on[q.mark_variant] : Array.off[q.mark_variant]",
      "is_hurt_color": {},
      "on_fire_color": {},
      "part_visibility": [
        {
          "xp_block_outline": false
        }
      ]
    },
    "controller.render.xp_furniture.blinds.block_outline": {
      "arrays": {
        "geometries": {
          "Array.on": [
            "Geometry.opened",
            "Geometry.opened_2x2"
          ],
          "Array.off": [
            "Geometry.closed",
            "Geometry.closed_2x2"
          ]
        }
      },
      "materials": [
        {
          "*": "Material.block_outline"
        }
      ],
      "textures": [
        "Texture.block_outline"
      ],
      "geometry": "q.property('xp_furniture:is_interacted_with') ? Array.on[q.mark_variant] : Array.off[q.mark_variant]",
      "is_hurt_color": {},
      "on_fire_color": {},
      "part_visibility": [
        {
          "*": false
        },
        {
          "xp_block_outline": "v.look_at_entity"
        }
      ]
    },
    "controller.render.xp_furniture.blinds.block_destruct": {
      "arrays": {
        "geometries": {
          "Array.on": [
            "Geometry.opened",
            "Geometry.opened_2x2"
          ],
          "Array.off": [
            "Geometry.closed",
            "Geometry.closed_2x2"
          ]
        },
        "textures": {
          "Array.stages": [
            "Texture.block_destruct.stage_1",
            "Texture.block_destruct.stage_2",
            "Texture.block_destruct.stage_3"
          ]
        }
      },
      "geometry": "q.property('xp_furniture:is_interacted_with') ? Array.on[q.mark_variant] : Array.off[q.mark_variant]",
      "materials": [
        {
          "*": "Material.block_destruct_masked"
        }
      ],
      "textures": [
        "Array.stages[Math.clamp(q.property('xp_furniture:destroy_stage') - 1, 0, 2)]"
      ],
      "is_hurt_color": {},
      "on_fire_color": {},
      "part_visibility": [
        {
          "*": "q.property('xp_furniture:destroy_stage') > 0"
        },
        {
          "no_destroy_texture*": false
        },
        {
          "xp_block_outline": false
        }
      ],
      "ignore_lighting": true
    },
    "controller.render.xp_furniture.candle_holder": {
      "arrays": {
        "textures": {
          "Array.texture_type": [
            "Texture.big_gold",
            "Texture.big_metal",
            "Texture.small_iron",
            "Texture.small_metal"
          ]
        }
      },
      "geometry": "q.variant < 2 ? Geometry.big : Geometry.small",
      "materials": [
        {
          "*": "Material.default"
        }
      ],
      "textures": [
        "Array.texture_type[q.variant]"
      ],
      "is_hurt_color": {},
      "on_fire_color": {}
    },
    "controller.render.xp_furniture.candle_holder.block_destruct": {
      "arrays": {
        "textures": {
          "Array.stages": [
            "Texture.block_destruct.stage_1",
            "Texture.block_destruct.stage_2",
            "Texture.block_destruct.stage_3"
          ]
        }
      },
      "geometry": "q.variant > 1 ? Geometry.small : Geometry.big",
      "materials": [
        {
          "*": "Material.block_destruct_masked"
        }
      ],
      "textures": [
        "Array.stages[Math.clamp(q.property('xp_furniture:destroy_stage') - 1, 0, 2)]"
      ],
      "is_hurt_color": {},
      "on_fire_color": {},
      "part_visibility": [
        {
          "*": "q.property('xp_furniture:destroy_stage') > 0"
        },
        {
          "no_destroy_texture*": false
        },
        {
          "xp_block_outline": false
        }
      ],
      "ignore_lighting": true
    },
    "controller.render.xp_furniture.chandelier": {
      "arrays": {
        "textures": {
          "Array.texture_type": [
            "Texture.default",
            "Texture.gold"
          ]
        }
      },
      "geometry": "Geometry.default",
      "materials": [
        {
          "*": "Material.default"
        }
      ],
      "textures": [
        "Array.texture_type[q.variant]"
      ],
      "is_hurt_color": {},
      "on_fire_color": {}
    },
    "controller.render.xp_furniture.chicken_nest": {
      "geometry": "Geometry.default",
      "materials": [
        {
          "*": "Material.default"
        }
      ],
      "textures": [
        "Texture.default"
      ],
      "is_hurt_color": {},
      "on_fire_color": {},
      "part_visibility": [
        {
          "egg1": "q.variant >= 1 && !q.has_rider"
        },
        {
          "egg2": "q.variant >= 2 && !q.has_rider"
        },
        {
          "egg3": "q.variant >= 3 && !q.has_rider"
        },
        {
          "egg4": "q.variant >= 4 && !q.has_rider"
        }
      ]
    },
    "controller.render.xp_furniture.curtains": {
      "arrays": {
        "textures": {
          "Array.dye_variants": [
            "Texture.white",
            "Texture.black",
            "Texture.blue",
            "Texture.brown",
            "Texture.cyan",
            "Texture.gray",
            "Texture.green",
            "Texture.light_blue",
            "Texture.light_gray",
            "Texture.lime",
            "Texture.magenta",
            "Texture.orange",
            "Texture.pink",
            "Texture.purple",
            "Texture.red",
            "Texture.yellow"
          ]
        },
        "geometries": {
          "Array.on": [
            "Geometry.opened",
            "Geometry.opened_2x2"
          ],
          "Array.off": [
            "Geometry.closed",
            "Geometry.closed_2x2"
          ]
        }
      },
      "materials": [
        {
          "*": "Material.default"
        }
      ],
      "textures": [
        "Array.dye_variants[q.variant]"
      ],
      "geometry": "q.property('xp_furniture:is_interacted_with') ? Array.on[q.mark_variant] : Array.off[q.mark_variant]",
      "is_hurt_color": {},
      "on_fire_color": {},
      "part_visibility": [
        {
          "xp_block_outline": false
        }
      ]
    },
    "controller.render.xp_furniture.curtains.block_outline": {
      "arrays": {
        "geometries": {
          "Array.on": [
            "Geometry.opened",
            "Geometry.opened_2x2"
          ],
          "Array.off": [
            "Geometry.closed",
            "Geometry.closed_2x2"
          ]
        }
      },
      "materials": [
        {
          "*": "Material.block_outline"
        }
      ],
      "textures": [
        "Texture.block_outline"
      ],
      "geometry": "q.property('xp_furniture:is_interacted_with') ? Array.on[q.mark_variant] : Array.off[q.mark_variant]",
      "is_hurt_color": {},
      "part_visibility": [
        {
          "*": false
        },
        {
          "xp_block_outline": "v.look_at_entity"
        }
      ]
    },
    "controller.render.xp_furniture.curtains.block_destruct": {
      "arrays": {
        "geometries": {
          "Array.on": [
            "Geometry.opened",
            "Geometry.opened_2x2"
          ],
          "Array.off": [
            "Geometry.closed",
            "Geometry.closed_2x2"
          ]
        },
        "textures": {
          "Array.stages": [
            "Texture.block_destruct.stage_1",
            "Texture.block_destruct.stage_2",
            "Texture.block_destruct.stage_3"
          ]
        }
      },
      "geometry": "q.property('xp_furniture:is_interacted_with') ? Array.on[q.mark_variant] : Array.off[q.mark_variant]",
      "materials": [
        {
          "*": "Material.block_destruct_masked"
        }
      ],
      "textures": [
        "Array.stages[Math.clamp(q.property('xp_furniture:destroy_stage') - 1, 0, 2)]"
      ],
      "is_hurt_color": {},
      "on_fire_color": {},
      "part_visibility": [
        {
          "*": "q.property('xp_furniture:destroy_stage') > 0"
        },
        {
          "no_destroy_texture*": false
        },
        {
          "xp_block_outline": false
        }
      ],
      "ignore_lighting": true
    },
    "controller.render.xp_furniture.globe": {
      "arrays": {
        "textures": {
          "Array.texture_type": [
            "Texture.default",
            "Texture.colored"
          ]
        }
      },
      "geometry": "Geometry.default",
      "materials": [
        {
          "*": "Material.default"
        }
      ],
      "textures": [
        "Array.texture_type[q.variant]"
      ],
      "is_hurt_color": {},
      "on_fire_color": {}
    },
    "controller.render.xp_furniture.grandfather_clock": {
      "arrays": {
        "textures": {
          "Array.texture_type": [
            "Texture.default",
            "Texture.fancy",
            "Texture.small",
            "Texture.small_fancy"
          ]
        },
        "geometries": {
          "Array.geometry_type": [
            "Geometry.default",
            "Geometry.fancy",
            "Geometry.small",
            "Geometry.small_fancy"
          ]
        }
      },
      "geometry": "Array.geometry_type[q.variant]",
      "materials": [
        {
          "*": "Material.default"
        }
      ],
      "textures": [
        "Array.texture_type[q.variant]"
      ],
      "is_hurt_color": {},
      "on_fire_color": {}
    },
    "controller.render.xp_furniture.grandfather_clock.block_destruct": {
      "arrays": {
        "textures": {
          "Array.stages": [
            "Texture.block_destruct.stage_1",
            "Texture.block_destruct.stage_2",
            "Texture.block_destruct.stage_3"
          ]
        }
      },
      "geometry": "q.variant > 1 ? Geometry.small : Geometry.default",
      "materials": [
        {
          "*": "Material.block_destruct_masked"
        }
      ],
      "textures": [
        "Array.stages[Math.clamp(q.property('xp_furniture:destroy_stage') - 1, 0, 2)]"
      ],
      "is_hurt_color": {},
      "on_fire_color": {},
      "part_visibility": [
        {
          "*": "q.property('xp_furniture:destroy_stage') > 0"
        },
        {
          "no_destroy_texture*": false
        },
        {
          "xp_block_outline": false
        }
      ],
      "ignore_lighting": true
    },
    "controller.render.xp_furniture.haystack": {
      "arrays": {
        "geometries": {
          "Array.type": [
            "Geometry.default",
            "Geometry.pitchfork"
          ]
        }
      },
      "geometry": "Array.type[q.variant]",
      "materials": [
        {
          "*": "Material.default"
        }
      ],
      "textures": [
        "Texture.default"
      ],
      "is_hurt_color": {},
      "on_fire_color": {}
    },
    "controller.render.xp_furniture.instruments": {
      "arrays": {
        "textures": {
          "Array.texture_type": [
            "Texture.bongos",
            "Texture.harp",
            "Texture.ukelele"
          ]
        },
        "geometries": {
          "Array.geometry_type": [
            "Geometry.bongos",
            "Geometry.harp",
            "Geometry.ukelele"
          ]
        }
      },
      "geometry": "Array.geometry_type[q.variant]",
      "materials": [
        {
          "*": "Material.default"
        }
      ],
      "textures": [
        "Array.texture_type[q.variant]"
      ],
      "is_hurt_color": {},
      "on_fire_color": {},
      "part_visibility": [
        {
          "xp_block_outline": false
        }
      ]
    },
    "controller.render.xp_furniture.instruments.block_outline": {
      "arrays": {
        "geometries": {
          "Array.geometry_type": [
            "Geometry.bongos",
            "Geometry.harp",
            "Geometry.ukelele"
          ]
        }
      },
      "geometry": "Array.geometry_type[q.variant]",
      "materials": [
        {
          "*": "Material.block_outline"
        }
      ],
      "textures": [
        "Texture.block_outline"
      ],
      "is_hurt_color": {},
      "on_fire_color": {},
      "part_visibility": [
        {
          "*": false
        },
        {
          "xp_block_outline": "v.look_at_entity"
        }
      ]
    },
    "controller.render.xp_furniture.instruments.block_destruct": {
      "arrays": {
        "textures": {
          "Array.stages": [
            "Texture.block_destruct.stage_1",
            "Texture.block_destruct.stage_2",
            "Texture.block_destruct.stage_3"
          ]
        }
      },
      "geometry": "q.variant == 0 ? Geometry.bongos : (q.variant == 1 ? Geometry.harp : Geometry.ukelele)",
      "materials": [
        {
          "*": "Material.block_destruct_masked"
        }
      ],
      "textures": [
        "Array.stages[Math.clamp(q.property('xp_furniture:destroy_stage') - 1, 0, 2)]"
      ],
      "is_hurt_color": {},
      "on_fire_color": {},
      "part_visibility": [
        {
          "*": "q.property('xp_furniture:destroy_stage') > 0"
        },
        {
          "no_destroy_texture*": false
        },
        {
          "xp_block_outline": false
        }
      ],
      "ignore_lighting": true
    },
    "controller.render.xp_furniture.metal_pump.block_outline": {
      "geometry": "Geometry.default",
      "materials": [
        {
          "*": "Material.block_outline"
        }
      ],
      "textures": [
        "Texture.block_outline"
      ],
      "is_hurt_color": {},
      "on_fire_color": {},
      "part_visibility": [
        {
          "*": false
        },
        {
          "xp_block_outline": "v.look_at_entity"
        }
      ]
    },
    "controller.render.xp_furniture.mob_plushie": {
      "arrays": {
        "geometries": {
          "Array.geometry_type": [
            "Geometry.cow",
            "Geometry.creeper",
            "Geometry.enderman",
            "Geometry.pig",
            "Geometry.sheep",
            "Geometry.zombie",
            "Geometry.axolotl",
            "Geometry.bee",
            "Geometry.dragon",
            "Geometry.spider",
            "Geometry.skeleton",
            "Geometry.bat",
            "Geometry.polar_bear",
            "Geometry.snow_golem",
            "Geometry.snow_golem_pumpkin"
          ]
        }
      },
      "geometry": "Array.geometry_type[q.variant]",
      "materials": [
        {
          "*": "Material.default"
        }
      ],
      "textures": [
        "Texture.default"
      ],
      "is_hurt_color": {},
      "on_fire_color": {},
      "part_visibility": [
        {
          "xp_block_outline": false
        },
        {
          "santa_hat*": "q.property('xp_furniture:season') == 'christmas'"
        },
        {
          "christmas_present": "q.property('xp_furniture:season') == 'christmas'"
        },
        {
          "enderman_block": "q.property('xp_furniture:season') != 'christmas'"
        },
        {
          "mooshroom": "q.property('xp_furniture:season') != 'christmas'"
        },
        {
          "wolf_ears": "q.property('xp_furniture:season') != 'christmas'"
        },
        {
          "bat_ears": "q.property('xp_furniture:season') != 'christmas'"
        },
        {
          "*hatless": "q.property('xp_furniture:season') != 'christmas'"
        },
        {
          "*hat": "q.property('xp_furniture:season') == 'christmas'"
        }
      ]
    },
    "controller.render.xp_furniture.mob_plushie.block_outline": {
      "arrays": {
        "geometries": {
          "Array.geometry_type": [
            "Geometry.cow",
            "Geometry.creeper",
            "Geometry.enderman",
            "Geometry.pig",
            "Geometry.sheep",
            "Geometry.zombie",
            "Geometry.axolotl",
            "Geometry.bee",
            "Geometry.dragon",
            "Geometry.spider",
            "Geometry.skeleton",
            "Geometry.bat",
            "Geometry.polar_bear",
            "Geometry.snow_golem",
            "Geometry.snow_golem_pumpkin"
          ]
        }
      },
      "geometry": "Array.geometry_type[q.variant]",
      "materials": [
        {
          "*": "Material.default"
        }
      ],
      "textures": [
        "Texture.block_outline"
      ],
      "is_hurt_color": {},
      "on_fire_color": {},
      "part_visibility": [
        {
          "*": false
        },
        {
          "xp_block_outline": "v.look_at_entity"
        }
      ]
    },
    "controller.render.xp_furniture.mob_plushie.block_destruct": {
      "arrays": {
        "textures": {
          "Array.stages": [
            "Texture.block_destruct.stage_1",
            "Texture.block_destruct.stage_2",
            "Texture.block_destruct.stage_3"
          ]
        }
      },
      "geometry": "q.variant == 0 ? Geometry.cow : (q.variant == 1 ? Geometry.creeper : (q.variant == 2 ? Geometry.enderman : (q.variant == 3 ? Geometry.pig : (q.variant == 4 ? Geometry.sheep : Geometry.zombie))))",
      "materials": [
        {
          "*": "Material.block_destruct_masked"
        }
      ],
      "textures": [
        "Array.stages[Math.clamp(q.property('xp_furniture:destroy_stage') - 1, 0, 2)]"
      ],
      "is_hurt_color": {},
      "on_fire_color": {},
      "part_visibility": [
        {
          "*": "q.property('xp_furniture:destroy_stage') > 0"
        },
        {
          "no_destroy_texture*": false
        },
        {
          "xp_block_outline": false
        }
      ],
      "ignore_lighting": true
    },
    "controller.render.xp_furniture.small_fountain.base": {
      "arrays": {
        "textures": {
          "Array.texture_type": [
            "Texture.metal",
            "Texture.diorite"
          ]
        }
      },
      "geometry": "q.property('xp_furniture:is_interacted_with') ? Geometry.full : Geometry.empty",
      "materials": [
        {
          "*": "Material.base"
        }
      ],
      "textures": [
        "Array.texture_type[q.variant]"
      ],
      "is_hurt_color": {},
      "on_fire_color": {},
      "part_visibility": [
        {
          "*": true
        },
        {
          "water": false
        }
      ],
      "uv_anim": {
        "offset": [
          0,
          "math.mod(math.floor(q.life_time * 4), 4) / 4"
        ],
        "scale": [
          1,
          "1 / 4"
        ]
      }
    },
    "controller.render.xp_furniture.small_fountain.water": {
      "arrays": {
        "textures": {
          "Array.texture_type": [
            "Texture.metal",
            "Texture.diorite"
          ]
        }
      },
      "geometry": "q.property('xp_furniture:is_interacted_with') ? Geometry.full : Geometry.empty",
      "materials": [
        {
          "*": "Material.water"
        }
      ],
      "textures": [
        "Array.texture_type[q.variant]"
      ],
      "is_hurt_color": {},
      "on_fire_color": {},
      "part_visibility": [
        {
          "*": false
        },
        {
          "water": true
        }
      ],
      "uv_anim": {
        "offset": [
          0,
          "math.mod(math.floor(q.life_time * 4), 4) / 4"
        ],
        "scale": [
          1,
          "1 / 4"
        ]
      }
    },
    "controller.render.xp_furniture.small_fountain.block_destruct": {
      "arrays": {
        "textures": {
          "Array.stages": [
            "Texture.block_destruct.stage_1",
            "Texture.block_destruct.stage_2",
            "Texture.block_destruct.stage_3"
          ]
        }
      },
      "geometry": "Geometry.empty",
      "materials": [
        {
          "*": "Material.block_destruct_masked"
        }
      ],
      "textures": [
        "Array.stages[Math.clamp(q.property('xp_furniture:destroy_stage') - 1, 0, 2)]"
      ],
      "is_hurt_color": {},
      "on_fire_color": {},
      "part_visibility": [
        {
          "*": "q.property('xp_furniture:destroy_stage') > 0"
        },
        {
          "no_destroy_texture*": false
        },
        {
          "xp_block_outline": false
        }
      ],
      "ignore_lighting": true
    },
    "controller.render.xp_furniture.wind_chimes": {
      "arrays": {
        "textures": {
          "Array.texture_type": [
            "Texture.bamboo",
            "Texture.copper",
            "Texture.iron"
          ]
        }
      },
      "geometry": "!q.variant ? Geometry.default : Geometry.wall_mounted",
      "materials": [
        {
          "*": "Material.default"
        }
      ],
      "textures": [
        "Array.texture_type[q.mark_variant]"
      ],
      "is_hurt_color": {},
      "on_fire_color": {}
    },
    "controller.render.xp_furniture.wind_chimes.block_destruct": {
      "arrays": {
        "textures": {
          "Array.stages": [
            "Texture.block_destruct.stage_1",
            "Texture.block_destruct.stage_2",
            "Texture.block_destruct.stage_3"
          ]
        }
      },
      "geometry": "!q.variant ? Geometry.default : Geometry.wall_mounted",
      "materials": [
        {
          "*": "Material.block_destruct_masked"
        }
      ],
      "textures": [
        "Array.stages[Math.clamp(q.property('xp_furniture:destroy_stage') - 1, 0, 2)]"
      ],
      "is_hurt_color": {},
      "on_fire_color": {},
      "part_visibility": [
        {
          "*": "q.property('xp_furniture:destroy_stage') > 0"
        },
        {
          "no_destroy_texture*": false
        },
        {
          "xp_block_outline": false
        }
      ],
      "ignore_lighting": true
    },
    "controller.render.xp_furniture.aquarium.case": {
      "arrays": {
        "textures": {
          "Array.texture_type": [
            "Texture.empty",
            "Texture.full",
            "Texture.half_full"
          ]
        },
        "geometries": {
          "Array.geometry_type": [
            "Geometry.empty",
            "Geometry.full",
            "Geometry.half_full"
          ]
        }
      },
      "geometry": "Array.geometry_type[q.variant]",
      "materials": [
        {
          "*": "Material.case"
        }
      ],
      "textures": [
        "Array.texture_type[q.variant]"
      ],
      "is_hurt_color": {},
      "on_fire_color": {},
      "part_visibility": [
        {
          "*": true
        },
        {
          "water": false
        },
        {
          "xp_block_outline": false
        }
      ],
      "uv_anim": {
        "offset": [
          0,
          "math.mod(math.floor(q.life_time * 4), 4) / 4"
        ],
        "scale": [
          1,
          "1 / 4"
        ]
      }
    },
    "controller.render.xp_furniture.aquarium.water": {
      "arrays": {
        "textures": {
          "Array.texture_type": [
            "Texture.empty",
            "Texture.water",
            "Texture.water"
          ]
        },
        "geometries": {
          "Array.geometry_type": [
            "Geometry.empty",
            "Geometry.full",
            "Geometry.half_full"
          ]
        }
      },
      "geometry": "Array.geometry_type[q.variant]",
      "materials": [
        {
          "*": "Material.water"
        }
      ],
      "textures": [
        "Array.texture_type[q.variant]"
      ],
      "is_hurt_color": {},
      "on_fire_color": {},
      "part_visibility": [
        {
          "*": false
        },
        {
          "water": true
        },
        {
          "xp_block_outline": false
        }
      ],
      "uv_anim": {
        "offset": [
          0,
          "math.mod(math.floor(q.life_time * 16), 32) / 32"
        ],
        "scale": [
          2.25,
          "2 / 32"
        ]
      }
    },
    "controller.render.xp_furniture.aquarium.fish": {
      "arrays": {
        "textures": {
          "Array.fish_type_texture": [
            "Texture.salmon",
            "Texture.cod",
            "Texture.pufferfish",
            "Texture.clownfish",
            "Texture.cotton_candy_betta",
            "Texture.dottyback",
            "Texture.ornate_butterflyfish"
          ]
        },
        "geometries": {
          "Array.fish_type_geo": [
            "Geometry.salmon",
            "Geometry.cod",
            "Geometry.pufferfish",
            "Geometry.tropical_a",
            "Geometry.tropical_a2",
            "Geometry.tropical_b",
            "Geometry.tropical_b2"
          ]
        }
      },
      "geometry": "Array.fish_type_geo[q.property('xp_furniture:fish_type_geo')]",
      "materials": [
        {
          "*": "Material.default"
        }
      ],
      "textures": [
        "Array.fish_type_texture[q.property('xp_furniture:fish_type_texture')]"
      ],
      "is_hurt_color": {},
      "on_fire_color": {},
      "uv_anim": {
        "offset": [
          0,
          "math.mod(math.floor(q.life_time * 16), 32) / 32"
        ],
        "scale": [
          2.25,
          "2 / 32"
        ]
      }
    },
    "controller.render.xp_furniture.aquarium.block_outline": {
      "geometry": "Geometry.empty",
      "materials": [
        {
          "*": "Material.block_outline"
        }
      ],
      "textures": [
        "Texture.block_outline"
      ],
      "is_hurt_color": {},
      "on_fire_color": {},
      "part_visibility": [
        {
          "*": false
        },
        {
          "salmon": false
        },
        {
          "cod": false
        },
        {
          "puffer": false
        },
        {
          "tropical_a": false
        },
        {
          "tropical_a2": false
        },
        {
          "tropical_b": false
        },
        {
          "tropical_b2": false
        },
        {
          "xp_block_outline": "v.look_at_entity"
        }
      ]
    },
    "controller.render.xp_furniture.aquarium.block_destruct": {
      "arrays": {
        "textures": {
          "Array.stages": [
            "Texture.block_destruct.stage_1",
            "Texture.block_destruct.stage_2",
            "Texture.block_destruct.stage_3"
          ]
        }
      },
      "geometry": "Geometry.empty",
      "materials": [
        {
          "*": "Material.block_destruct_masked"
        }
      ],
      "textures": [
        "Array.stages[Math.clamp(q.property('xp_furniture:destroy_stage') - 1, 0, 2)]"
      ],
      "is_hurt_color": {},
      "on_fire_color": {},
      "part_visibility": [
        {
          "*": "q.property('xp_furniture:destroy_stage') > 0"
        },
        {
          "no_destroy_texture*": false
        },
        {
          "xp_block_outline": false
        }
      ],
      "ignore_lighting": true
    },
    "controller.render.xp_furniture.big_cauldron.base": {
      "arrays": {
        "textures": {
          "Array.texture_type": [
            "Texture.black",
            "Texture.copper",
            "Texture.gray"
          ]
        }
      },
      "geometry": "Geometry.default",
      "materials": [
        {
          "*": "Material.uv_anim"
        }
      ],
      "textures": [
        "Array.texture_type[q.variant]"
      ],
      "is_hurt_color": {},
      "on_fire_color": {},
      "uv_anim": {
        "offset": [
          0,
          "math.mod(math.floor(q.life_time * 4), 4) / 4"
        ],
        "scale": [
          1,
          "1 / 4"
        ]
      },
      "part_visibility": [
        {
          "water": false
        },
        {
          "xp_block_outline": false
        }
      ]
    },
    "controller.render.xp_furniture.big_cauldron.liquid": {
      "geometry": "Geometry.default",
      "materials": [
        {
          "*": "!q.property('xp_furniture:has_already_brewed') ? Material.uv_anim_blend : Material.uv_anim"
        }
      ],
      "textures": [
        "!q.property('xp_furniture:has_already_brewed') ? Texture.liquid_water : ((q.property('xp_furniture:season') != 'halloween' ? Texture.liquid_potion : Texture.liquid_potion_spooky))"
      ],
      "is_hurt_color": {},
      "on_fire_color": {},
      "uv_anim": {
        "offset": [
          0,
          "math.mod(math.floor(q.life_time * 4), 4) / 4"
        ],
        "scale": [
          1,
          "1 / 4"
        ]
      },
      "part_visibility": [
        {
          "*": false
        },
        {
          "water": true
        }
      ]
    },
    "controller.render.xp_furniture.big_cauldron.block_outline": {
      "geometry": "Geometry.default",
      "materials": [
        {
          "*": "Material.block_outline"
        }
      ],
      "textures": [
        "Texture.block_outline"
      ],
      "is_hurt_color": {},
      "on_fire_color": {},
      "part_visibility": [
        {
          "*": false
        },
        {
          "water": false
        },
        {
          "xp_block_outline": "v.look_at_entity"
        }
      ]
    },
    "controller.render.xp_furniture.grow_lamp.base": {
      "arrays": {
        "textures": {
          "Array.on": [
            "Texture.default_on",
            "Texture.square_on"
          ],
          "Array.off": [
            "Texture.default_off",
            "Texture.square_off"
          ]
        }
      },
      "materials": [
        {
          "*": "Material.default"
        }
      ],
      "textures": [
        "q.property('xp_furniture:is_interacted_with') ? Array.on[q.variant] : Array.off[q.variant]"
      ],
      "geometry": "!q.variant ? Geometry.default_base : Geometry.square_base",
      "is_hurt_color": {},
      "on_fire_color": {}
    },
    "controller.render.xp_furniture.grow_lamp.ambience": {
      "materials": [
        {
          "*": "Material.default"
        }
      ],
      "textures": [
        "Texture.none"
      ],
      "geometry": "!q.variant ? Geometry.default_ambience : Geometry.square_ambience",
      "is_hurt_color": {},
      "on_fire_color": {}
    },
    "controller.render.xp_furniture.grow_lamp.block_destruct": {
      "arrays": {
        "textures": {
          "Array.stages": [
            "Texture.block_destruct.stage_1",
            "Texture.block_destruct.stage_2",
            "Texture.block_destruct.stage_3"
          ]
        }
      },
      "geometry": "Geometry.default_base",
      "materials": [
        {
          "*": "Material.block_destruct_masked"
        }
      ],
      "textures": [
        "Array.stages[Math.clamp(q.property('xp_furniture:destroy_stage') - 1, 0, 2)]"
      ],
      "is_hurt_color": {},
      "on_fire_color": {},
      "part_visibility": [
        {
          "*": "q.property('xp_furniture:destroy_stage') > 0"
        },
        {
          "no_destroy_texture*": false
        },
        {
          "xp_block_outline": false
        }
      ],
      "ignore_lighting": true
    },
    "controller.render.xp_furniture.hammer": {
      "geometry": "Geometry.default",
      "materials": [
        {
          "*": "Material.default"
        }
      ],
      "textures": [
        "Texture.default"
      ]
    },
    "controller.render.xp_furniture.hanging_item_sign": {
      "arrays": {
        "textures": {
          "Array.color_type": [
            "Texture.oak",
            "Texture.acacia",
            "Texture.bamboo",
            "Texture.birch",
            "Texture.cherry",
            "Texture.crimson",
            "Texture.dark_oak",
            "Texture.jungle",
            "Texture.mangrove",
            "Texture.spruce",
            "Texture.template",
            "Texture.warped"
          ]
        }
      },
      "geometry": "Geometry.default",
      "materials": [
        {
          "*": "Material.default"
        }
      ],
      "textures": [
        "Array.color_type[q.mark_variant]"
      ],
      "is_hurt_color": {},
      "on_fire_color": {},
      "part_visibility": [
        {
          "*": "!q.variant"
        },
        {
          "sword": "!q.variant && q.property('xp_furniture:carvings') == 1"
        },
        {
          "sword2": "!q.variant && q.property('xp_furniture:carvings') == 1"
        },
        {
          "potion": "!q.variant && q.property('xp_furniture:carvings') == 2"
        },
        {
          "potion2": "!q.variant && q.property('xp_furniture:carvings') == 2"
        },
        {
          "pickaxe": "!q.variant && q.property('xp_furniture:carvings') == 3"
        },
        {
          "pickaxe2": "!q.variant && q.property('xp_furniture:carvings') == 3"
        },
        {
          "meat": "!q.variant && q.property('xp_furniture:carvings') == 4"
        },
        {
          "meat2": "!q.variant && q.property('xp_furniture:carvings') == 4"
        },
        {
          "home": "!q.variant && q.property('xp_furniture:carvings') == 5"
        },
        {
          "home2": "!q.variant && q.property('xp_furniture:carvings') == 5"
        },
        {
          "creeper": "!q.variant && q.property('xp_furniture:carvings') == 6"
        },
        {
          "creeper2": "!q.variant && q.property('xp_furniture:carvings') == 6"
        },
        {
          "rightItem": true
        }
      ]
    },
    "controller.render.xp_furniture.hanging_item_sign.wall_mounted": {
      "arrays": {
        "textures": {
          "Array.color_type": [
            "Texture.oak",
            "Texture.acacia",
            "Texture.bamboo",
            "Texture.birch",
            "Texture.cherry",
            "Texture.crimson",
            "Texture.dark_oak",
            "Texture.jungle",
            "Texture.mangrove",
            "Texture.spruce",
            "Texture.template",
            "Texture.warped"
          ]
        }
      },
      "geometry": "Geometry.wall_mounted",
      "materials": [
        {
          "*": "Material.default"
        }
      ],
      "textures": [
        "Array.color_type[q.mark_variant]"
      ],
      "is_hurt_color": {},
      "on_fire_color": {},
      "part_visibility": [
        {
          "sword": "q.property('xp_furniture:carvings') == 1"
        },
        {
          "sword2": "q.property('xp_furniture:carvings') == 1"
        },
        {
          "potion": "q.property('xp_furniture:carvings') == 2"
        },
        {
          "potion2": "q.property('xp_furniture:carvings') == 2"
        },
        {
          "pickaxe": "q.property('xp_furniture:carvings') == 3"
        },
        {
          "pickaxe2": "q.property('xp_furniture:carvings') == 3"
        },
        {
          "meat": "q.property('xp_furniture:carvings') == 4"
        },
        {
          "meat2": "q.property('xp_furniture:carvings') == 4"
        },
        {
          "home": "q.property('xp_furniture:carvings') == 5"
        },
        {
          "home2": "q.property('xp_furniture:carvings') == 5"
        },
        {
          "creeper": "q.property('xp_furniture:carvings') == 6"
        },
        {
          "creeper2": "q.property('xp_furniture:carvings') == 6"
        }
      ]
    },
    "controller.render.xp_furniture.hanging_item_sign.block_destruct": {
      "arrays": {
        "textures": {
          "Array.stages": [
            "Texture.block_destruct.stage_1",
            "Texture.block_destruct.stage_2",
            "Texture.block_destruct.stage_3"
          ]
        }
      },
      "geometry": "!q.variant ? Geometry.default : Geometry.wall_mounted",
      "materials": [
        {
          "*": "Material.block_destruct_masked"
        }
      ],
      "textures": [
        "Array.stages[Math.clamp(q.property('xp_furniture:destroy_stage') - 1, 0, 2)]"
      ],
      "is_hurt_color": {},
      "on_fire_color": {},
      "part_visibility": [
        {
          "*": "q.property('xp_furniture:destroy_stage') > 0"
        },
        {
          "no_destroy_texture*": false
        },
        {
          "xp_block_outline": false
        }
      ],
      "ignore_lighting": true
    },
    "controller.render.xp_furniture.scarecrow": {
      "geometry": "q.property('xp_furniture:season') != 'halloween' ? Geometry.default : Geometry.halloween",
      "materials": [
        {
          "*": "Material.default"
        }
      ],
      "textures": [
        "q.property('xp_furniture:season') != 'halloween' ? Texture.default : Texture.halloween"
      ],
      "is_hurt_color": {},
      "on_fire_color": {},
      "part_visibility": [
        {
          "xp_block_outline": false
        }
      ]
    },
    "controller.render.xp_furniture.scarecrow.block_outline": {
      "geometry": "Geometry.default",
      "materials": [
        {
          "*": "Material.block_outline"
        }
      ],
      "textures": [
        "Texture.block_outline"
      ],
      "is_hurt_color": {},
      "on_fire_color": {},
      "part_visibility": [
        {
          "*": false
        },
        {
          "xp_block_outline": "v.look_at_entity"
        }
      ]
    },
    "controller.render.xp_furniture.sprinkler.base": {
      "geometry": "Geometry.default",
      "materials": [
        {
          "*": "Material.base"
        }
      ],
      "textures": [
        "Texture.default"
      ],
      "is_hurt_color": {},
      "on_fire_color": {},
      "part_visibility": [
        {
          "*": true
        },
        {
          "water": false
        }
      ],
      "uv_anim": {
        "offset": [
          0,
          "math.mod(math.floor(q.life_time * 4), 4) / 4"
        ],
        "scale": [
          1,
          "1 / 4"
        ]
      }
    },
    "controller.render.xp_furniture.sprinkler.water": {
      "geometry": "Geometry.default",
      "materials": [
        {
          "*": "Material.water"
        }
      ],
      "textures": [
        "Texture.default"
      ],
      "is_hurt_color": {},
      "on_fire_color": {},
      "part_visibility": [
        {
          "*": false
        },
        {
          "water": true
        }
      ],
      "uv_anim": {
        "offset": [
          0,
          "math.mod(math.floor(q.life_time * 4), 4) / 4"
        ],
        "scale": [
          1,
          "1 / 4"
        ]
      }
    },
    "controller.render.xp_furniture.stove": {
      "arrays": {
        "textures": {
          "Array.texture_type": [
            "Texture.blackstone",
            "Texture.copper",
            "Texture.iron",
            "Texture.stone"
          ]
        }
      },
      "geometry": "q.property('xp_furniture:is_interacted_with') ? Geometry.on : Geometry.off",
      "materials": [
        {
          "*": "Material.default"
        }
      ],
      "textures": [
        "Array.texture_type[q.variant]"
      ],
      "is_hurt_color": {},
      "on_fire_color": {},
      "uv_anim": {
        "offset": [
          0,
          "math.mod(math.floor(q.life_time * 2), 2) / 2"
        ],
        "scale": [
          1,
          "1 / 2"
        ]
      }
    },
    "controller.render.xp_furniture.tool_rack.base": {
      "geometry": "Geometry.default",
      "materials": [
        {
          "*": "Material.default"
        }
      ],
      "textures": [
        "Texture.default"
      ],
      "is_hurt_color": {},
      "on_fire_color": {},
      "part_visibility": [
        {
          "*": true
        },
        {
          "axe_root": false
        },
        {
          "hoe_root": false
        },
        {
          "pickaxe_root": false
        },
        {
          "shovel_root": false
        },
        {
          "sword_root": false
        },
        {
          "axe_root2": false
        },
        {
          "hoe_root2": false
        },
        {
          "pickaxe_root2": false
        },
        {
          "shovel_root2": false
        },
        {
          "sword_root2": false
        }
      ]
    },
    "controller.render.xp_furniture.tool_rack.tool_slot_1": {
      "arrays": {
        "textures": {
          "Array.tool_type": [
            "Texture.default",
            "Texture.item_diamond_axe",
            "Texture.item_diamond_hoe",
            "Texture.item_diamond_pickaxe",
            "Texture.item_diamond_shovel",
            "Texture.item_diamond_sword",
            "Texture.item_golden_axe",
            "Texture.item_golden_hoe",
            "Texture.item_golden_pickaxe",
            "Texture.item_golden_shovel",
            "Texture.item_golden_sword",
            "Texture.item_iron_axe",
            "Texture.item_iron_hoe",
            "Texture.item_iron_pickaxe",
            "Texture.item_iron_shovel",
            "Texture.item_iron_sword",
            "Texture.item_leather_axe",
            "Texture.item_leather_hoe",
            "Texture.item_leather_pickaxe",
            "Texture.item_leather_shovel",
            "Texture.item_leather_sword",
            "Texture.item_netherite_axe",
            "Texture.item_netherite_hoe",
            "Texture.item_netherite_pickaxe",
            "Texture.item_netherite_shovel",
            "Texture.item_netherite_sword",
            "Texture.item_stone_axe",
            "Texture.item_stone_hoe",
            "Texture.item_stone_pickaxe",
            "Texture.item_stone_shovel",
            "Texture.item_stone_sword",
            "Texture.item_wooden_axe",
            "Texture.item_wooden_hoe",
            "Texture.item_wooden_pickaxe",
            "Texture.item_wooden_shovel",
            "Texture.item_wooden_sword"
          ]
        }
      },
      "geometry": "Geometry.default",
      "materials": [
        {
          "*": "Material.default"
        }
      ],
      "textures": [
        "Array.tool_type[v.slot_1]"
      ],
      "is_hurt_color": {},
      "on_fire_color": {},
      "part_visibility": [
        {
          "*": false
        },
        {
          "axe_root": "v.slot_1_axes"
        },
        {
          "hoe_root": "v.slot_1_hoes"
        },
        {
          "pickaxe_root": "v.slot_1_pickaxes"
        },
        {
          "shovel_root": "v.slot_1_shovels"
        },
        {
          "sword_root": "v.slot_1_swords"
        }
      ]
    },
    "controller.render.xp_furniture.tool_rack.tool_slot_2": {
      "arrays": {
        "textures": {
          "Array.tool_type": [
            "Texture.default",
            "Texture.item_diamond_axe",
            "Texture.item_diamond_hoe",
            "Texture.item_diamond_pickaxe",
            "Texture.item_diamond_shovel",
            "Texture.item_diamond_sword",
            "Texture.item_golden_axe",
            "Texture.item_golden_hoe",
            "Texture.item_golden_pickaxe",
            "Texture.item_golden_shovel",
            "Texture.item_golden_sword",
            "Texture.item_iron_axe",
            "Texture.item_iron_hoe",
            "Texture.item_iron_pickaxe",
            "Texture.item_iron_shovel",
            "Texture.item_iron_sword",
            "Texture.item_leather_axe",
            "Texture.item_leather_hoe",
            "Texture.item_leather_pickaxe",
            "Texture.item_leather_shovel",
            "Texture.item_leather_sword",
            "Texture.item_netherite_axe",
            "Texture.item_netherite_hoe",
            "Texture.item_netherite_pickaxe",
            "Texture.item_netherite_shovel",
            "Texture.item_netherite_sword",
            "Texture.item_stone_axe",
            "Texture.item_stone_hoe",
            "Texture.item_stone_pickaxe",
            "Texture.item_stone_shovel",
            "Texture.item_stone_sword",
            "Texture.item_wooden_axe",
            "Texture.item_wooden_hoe",
            "Texture.item_wooden_pickaxe",
            "Texture.item_wooden_shovel",
            "Texture.item_wooden_sword"
          ]
        }
      },
      "geometry": "Geometry.default",
      "materials": [
        {
          "*": "Material.default"
        }
      ],
      "textures": [
        "Array.tool_type[v.slot_2]"
      ],
      "is_hurt_color": {},
      "on_fire_color": {},
      "part_visibility": [
        {
          "*": false
        },
        {
          "axe_root2": "v.slot_2_axes"
        },
        {
          "hoe_root2": "v.slot_2_hoes"
        },
        {
          "pickaxe_root2": "v.slot_2_pickaxes"
        },
        {
          "shovel_root2": "v.slot_2_shovels"
        },
        {
          "sword_root2": "v.slot_2_swords"
        }
      ]
    },
    "controller.render.xp_furniture.tool_rack.block_destruct": {
      "arrays": {
        "textures": {
          "Array.stages": [
            "Texture.block_destruct.stage_1",
            "Texture.block_destruct.stage_2",
            "Texture.block_destruct.stage_3"
          ]
        }
      },
      "geometry": "Geometry.default",
      "materials": [
        {
          "*": "Material.block_destruct_masked"
        }
      ],
      "textures": [
        "Array.stages[Math.clamp(q.property('xp_furniture:destroy_stage') - 1, 0, 2)]"
      ],
      "is_hurt_color": {},
      "on_fire_color": {},
      "part_visibility": [
        {
          "*": "q.property('xp_furniture:destroy_stage') > 0"
        },
        {
          "no_destroy_texture*": false
        },
        {
          "xp_block_outline": false
        },
        {
          "axe_root": false
        },
        {
          "hoe_root": false
        },
        {
          "pickaxe_root": false
        },
        {
          "shovel_root": false
        },
        {
          "sword_root": false
        },
        {
          "axe_root2": false
        },
        {
          "hoe_root2": false
        },
        {
          "pickaxe_root2": false
        },
        {
          "shovel_root2": false
        },
        {
          "sword_root2": false
        }
      ],
      "ignore_lighting": true
    },
    "controller.render.xp_furniture.watering_can": {
      "geometry": "Geometry.default",
      "materials": [
        {
          "*": "Material.base"
        },
        {
          "water": "Material.water"
        }
      ],
      "textures": [
        "Texture.default"
      ],
      "is_hurt_color": {},
      "on_fire_color": {},
      "uv_anim": {
        "offset": [
          0,
          "math.mod(math.floor(q.life_time * 4), 4) / 4"
        ],
        "scale": [
          1,
          "1 / 4"
        ]
      }
    },
    "controller.render.xp_furniture.wood_mug": {
      "geometry": "Geometry.default",
      "materials": [
        {
          "*": "Material.default"
        }
      ],
      "textures": [
        "Texture.default"
      ],
      "is_hurt_color": {},
      "on_fire_color": {},
      "uv_anim": {
        "offset": [
          0,
          "math.mod(math.floor(q.life_time * 4), 4) / 4"
        ],
        "scale": [
          1,
          "1 / 12"
        ]
      }
    }
  }
}