{
  "format_version": "1.8.0",
  "animations": {
    "animation.pod_farm.cooking_pot_3d_fill.fillings": {
      "loop": true,
      "bones": {
        "minecraft_carrot": {
          "scale": "query.property('pod_farm:minecraft_carrot') ? 1 : 0"
        },
        "minecraft_cooked_chicken": {
          "scale": "query.property('pod_farm:minecraft_cooked_chicken') ? 1 : 0"
        },
        "minecraft_cooked_rabbit": {
          "scale": "query.property('pod_farm:minecraft_cooked_rabbit') ? 1 : 0"
        },
        "pod_farm_pasta": {
          "scale": "query.property('pod_farm:pasta') ? 1 : 0"
        },
        "pod_farm_rice": {
          "scale": "query.property('pod_farm:rice') ? 1 : 0"
        },
        "pod_farm_oat": {
          "scale": "query.property('pod_farm:oat') ? 1 : 0"
        },
        "pod_farm_broccoli": {
          "scale": "query.property('pod_farm:broccoli') ? 1 : 0"
        },
        "pod_farm_chili": {
          "scale": "query.property('pod_farm:chili') ? 1 : 0"
        },
        "pod_farm_spinach": {
          "scale": "query.property('pod_farm:spinach') ? 1 : 0"
        },
        "pod_farm_onion": {
          "scale": "query.property('pod_farm:onion') ? 1 : 0"
        },
        "minecraft_mushroom_stew": {
          "scale": "query.property('pod_farm:minecraft_mushroom_stew') ? 1 : 0"
        },
        "pod_farm_tomato_soup": {
          "scale": "query.property('pod_farm:tomato_soup') ? 1 : 0"
        },
        "pod_farm_vegetable_soup": {
          "scale": "query.property('pod_farm:vegetable_soup') ? 1 : 0"
        },
        "pod_farm_potato_soup": {
          "scale": "query.property('pod_farm:potato_soup') ? 1 : 0"
        },
        "pod_farm_sweet_potato_soup": {
          "scale": "query.property('pod_farm:sweet_potato_soup') ? 1 : 0"
        }
      }
    },
    "animation.pod_farm.cooking_pot_fill.on_stove": {
      "loop": true,
      "bones": {
        "fillings": {
          "position": [0, 1.65, 0]
        },
        "colored_filling": {
          "position": [0, 1.65, 0]
        }
      }
    }
  }
}
