{
  "format_version": "1.8.0",
  "animations": {
    "animation.pod_farm.crow.flying": {
      "loop": "hold_on_last_frame",
      "bones": {
        "main": {
          "rotation": [25, 0, 0]
        },
        "leg0": {
          "rotation": [40, 0, 0]
        },
        "leg1": {
          "rotation": [40, 0, 0]
        }
      }
    },
    "animation.pod_farm.crow.walk": {
      "loop": true,
      "anim_time_update": "query.is_on_ground ? query.modified_distance_moved * 3 : 0",
      "bones": {
        "leg0": {
          "rotation": ["math.cos(query.anim_time * 38.17) *  80.0", 0, 0]
        },
        "leg1": {
          "rotation": ["math.cos(query.anim_time * 38.17) * -80.0", 0, 0]
        }
      }
    },
    "animation.pod_farm.crow.moving": {
      "loop": true,
      "bones": {
        "body": {
          "position": [0, "variable.wing_flap * 0.003", 0]
        },
        "tail": {
          "rotation": [
            "60.0 + math.cos(query.anim_time * 38.17) * 17.0 - this",
            0,
            0
          ]
        },
        "wing0": {
          "rotation": [0, 0, "variable.wing_flap - this"]
        },
        "wing1": {
          "rotation": [0, 0, "-variable.wing_flap - this"]
        }
      }
    },
    "animation.pod_farm.crow.look_at_target": {
      "loop": true,
      "bones": {
        "main": {
          "rotation": ["-query.head_y_rotation(0)", 0, 0]
        }
      }
    }
  }
}
