{
  "format_version": "1.8.0",
  "animations": {
    "animation.pod_farm.duck.baby_transform": {
      "loop": true,
      "bones": {
        "head": {
          "scale": 1.2
        }
      }
    },
    "animation.pod_farm.duck.general": {
      "loop": true,
      "bones": {
        "wing0": {
          "rotation": [0, 0, "variable.wing_flap - this"]
        },
        "wing1": {
          "rotation": [0, 0, "-variable.wing_flap - this"]
        }
      }
    },
    "animation.pod_farm.duck.move": {
      "loop": true,
      "anim_time_update": "query.modified_distance_moved * (query.is_in_water ? 10 : 1)",
      "bones": {
        "leg0": {
          "rotation": ["math.cos(query.anim_time * 38.17) *  80.0", 0, 0]
        },
        "leg1": {
          "rotation": ["math.cos(query.anim_time * 38.17) * -80.0", 0, 0]
        }
      }
    },
    "animation.pod_farm.duck.swim": {
      "loop": "hold_on_last_frame",
      "bones": {
        "leg0": {
          "rotation": [50, 0, 0],
          "position": [0, 0, -3]
        },
        "leg1": {
          "rotation": [50, 0, 0],
          "position": [0, 0, -3]
        },
        "foot0": {
          "rotation": [-45, 0, 0]
        },
        "foot1": {
          "rotation": [-45, 0, 0]
        }
      }
    }
  }
}
