{
	"format_version": "1.10.0",
	"particle_effect": {
		"description": {
			"identifier": "xp_furniture:water_mill.pour.edge.up_2.2",
			"basic_render_parameters": {
				"material": "particles_blend",
				"texture": "textures/particle/particles"
			}
		},
		"curves": {
			"variable.fall": {
				"type": "bezier_chain",
				"input": "v.particle_age",
				"nodes": {
					"0.0": {
						"value": -1,
						"slope": 0
					},
					"0.5": {
						"value": -1,
						"slope": 0
					},
					"1.45": {
						"value": -0.25,
						"slope": 0
					}
				}
			},
			"variable.fall2": {
				"type": "bezier_chain",
				"input": "v.particle_age",
				"nodes": {
					"0.0": {
						"value": 0,
						"slope": 0
					},
					"0.1": {
						"value": -5,
						"slope": 0
					}
				}
			},
			"variable.move_spawn": {
				"type": "bezier_chain",
				"input": "v.emitter_age",
				"nodes": {
					"0.0": {
						"value": -1.1,
						"slope": 0
					},
					"1.3": {
						"value": -0.45,
						"slope": 0
					},
					"3.5": {
						"value": -0.45,
						"slope": 0
					},
					"5.0": {
						"value": -0.75,
						"slope": 0
					},
					"6.0": {
						"value": -0.75,
						"slope": 0
					}
				}
			},
			"variable.move_spawn1": {
				"type": "bezier_chain",
				"input": "v.emitter_age",
				"nodes": {
					"0.0": {
						"value": 0.1,
						"slope": 0
					},
					"3.5": {
						"value": 0.1,
						"slope": 0
					},
					"5.0": {
						"value": -0.2,
						"slope": 0
					},
					"6.0": {
						"value": -0.1,
						"slope": 0
					}
				}
			},
			"variable.size": {
				"type": "bezier_chain",
				"input": "v.particle_age",
				"nodes": {
					"0.0": {
						"value": 0.05,
						"slope": 0
					},
					"0.3": {
						"value": 0.05,
						"slope": 0
					},
					"0.45": {
						"value": 0,
						"slope": 0
					}
				}
			},
			"variable.size2": {
				"type": "bezier_chain",
				"input": "v.particle_age",
				"nodes": {
					"0.0": {
						"value": 0.25,
						"slope": 0
					},
					"0.45": {
						"value": 0.025,
						"slope": 0
					}
				}
			}
		},
		"components": {
			"minecraft:emitter_rate_steady": {
				"spawn_rate": 40,
				"max_particles": 500
			},
			"minecraft:emitter_lifetime_once": {
				"active_time": 5.25
			},
			"minecraft:emitter_shape_box": {
				"offset": ["variable.move_spawn1", "variable.move_spawn", 0],
				"half_dimensions": [0.125, 0, 0.65],
				"direction": "outwards"
			},
			"minecraft:particle_lifetime_expression": {
				"max_lifetime": 0.5
			},
			"minecraft:particle_initial_speed": "math.random(0,1)",
			"minecraft:particle_motion_dynamic": {
				"linear_acceleration": ["math.random(-1,1)", 0, "math.random(-1,1)"],
				"linear_drag_coefficient": 0.75
			},
			"minecraft:particle_appearance_billboard": {
				"size": ["v.particle_random_2*0.2", "v.particle_random_2*0.2+variable.size2"],
				"facing_camera_mode": "lookat_y",
				"uv": {
					"texture_width": 128,
					"texture_height": 128,
					"uv": [8, 56],
					"uv_size": [8, 8]
				}
			},
			"minecraft:particle_motion_collision": {
				"collision_drag": 1,
				"collision_radius": 0.001,
				"expire_on_contact": true
			},
			"minecraft:particle_appearance_tinting": {
				"color": {
					"interpolant": "v.particle_age/v.particle_lifetime",
					"gradient": {
						"0.0": "#00FFFFFF",
						"0.06": "#69DFEFFF",
						"0.15": "#69DFEFFF",
						"0.28": "#8044B8FF",
						"0.8": "#80009FFF",
						"1.0": "#00AFE7FF"
					}
				}
			}
		}
	}
}