{
	"format_version": "1.10.0",
	"particle_effect": {
		"description": {
			"identifier": "xp_furniture:water_mill.pour.edge.puffs.up_2",
			"basic_render_parameters": {
				"material": "particles_blend",
				"texture": "textures/xp/fpack/particle/xp_sprite"
			}
		},
		"curves": {
			"variable.fall": {
				"type": "bezier_chain",
				"input": "v.particle_age",
				"nodes": {
					"0.0": {
						"value": -1,
						"slope": 0
					},
					"0.5": {
						"value": -1,
						"slope": 0
					},
					"1.45": {
						"value": -0.25,
						"slope": 0
					}
				}
			},
			"variable.fall2": {
				"type": "bezier_chain",
				"input": "v.particle_age",
				"nodes": {
					"0.0": {
						"value": 0,
						"slope": 0
					},
					"0.1": {
						"value": -5,
						"slope": 0
					}
				}
			},
			"variable.move_spawn": {
				"type": "bezier_chain",
				"input": "v.emitter_age",
				"nodes": {
					"5.0": {
						"value": -0.75,
						"slope": 0
					},
					"6.0": {
						"value": -0.75,
						"slope": 0
					},
					"0.0": {
						"value": -1,
						"slope": 0
					},
					"1.2": {
						"value": -0.4,
						"slope": 0
					},
					"3.5": {
						"value": -0.4,
						"slope": 0
					}
				}
			},
			"variable.move_spawn1": {
				"type": "bezier_chain",
				"input": "v.emitter_age",
				"nodes": {
					"0.0": {
						"value": 0.1,
						"slope": 0
					},
					"3.5": {
						"value": 0.1,
						"slope": 0
					},
					"5.0": {
						"value": 0,
						"slope": 0
					},
					"6.0": {
						"value": 0,
						"slope": 0
					}
				}
			},
			"variable.size": {
				"type": "bezier_chain",
				"input": "v.particle_age",
				"nodes": {
					"0.0": {
						"value": 0.05,
						"slope": 0
					},
					"0.3": {
						"value": 0.05,
						"slope": 0
					},
					"0.45": {
						"value": 0,
						"slope": 0
					}
				}
			},
			"variable.size2": {
				"type": "bezier_chain",
				"input": "v.particle_age",
				"nodes": {
					"0.0": {
						"value": 0.25,
						"slope": 0
					},
					"0.45": {
						"value": 0.025,
						"slope": 0
					}
				}
			}
		},
		"components": {
			"minecraft:emitter_rate_steady": {
				"spawn_rate": 25,
				"max_particles": 100
			},
			"minecraft:emitter_lifetime_once": {
				"active_time": 5.25
			},
			"minecraft:emitter_shape_box": {
				"offset": ["variable.move_spawn1", "variable.move_spawn", 0],
				"half_dimensions": [0.125, 0, 0.65],
				"direction": "outwards"
			},
			"minecraft:particle_lifetime_expression": {
				"max_lifetime": 0.65
			},
			"minecraft:particle_initial_speed": "math.random(0,1)",
			"minecraft:particle_motion_dynamic": {
				"linear_acceleration": ["math.random(-1,1)", 0, "math.random(-1,1)"],
				"linear_drag_coefficient": 0.75
			},
			"minecraft:particle_appearance_billboard": {
				"size": ["0.05+(v.particle_random_1*0.1)", "0.05+(v.particle_random_1*0.1)"],
				"facing_camera_mode": "lookat_xyz",
				"uv": {
					"texture_width": 256,
					"texture_height": 256,
					"flipbook": {
						"base_UV": [240, 0],
						"size_UV": [16, 16],
						"step_UV": [0, 16],
						"frames_per_second": 1,
						"max_frame": 9,
						"stretch_to_lifetime": true
					}
				}
			},
			"minecraft:particle_motion_collision": {
				"collision_drag": 1,
				"collision_radius": 0.001,
				"expire_on_contact": true
			},
			"minecraft:particle_appearance_tinting": {
				"color": {
					"interpolant": "v.particle_age/v.particle_lifetime",
					"gradient": {
						"0.0": "#00FFFFFF",
						"0.06": "#69DFEFFF",
						"0.15": "#69DFEFFF",
						"0.64": "#80C4E8FF",
						"1.0": "#00AFE7FF"
					}
				}
			}
		}
	}
}