{
	"format_version": "1.12.0",
	"minecraft:geometry": [
		{
			"description": {
				"identifier": "geometry.pod_farm.cooking_pan_fill",
				"texture_width": 128,
				"texture_height": 128,
				"visible_bounds_width": 2,
				"visible_bounds_height": 1.5,
				"visible_bounds_offset": [0, 0.25, 0]
			},
			"bones": [
				{
					"name": "main",
					"pivot": [0, 0, 0]
				},
				{
					"name": "rightArm",
					"parent": "main",
					"pivot": [0, -7.95, 0.8],
					"rotation": [0, 180, 0]
				},
				{
					"name": "rightItem",
					"parent": "rightArm",
					"pivot": [-1, -5.35, 6.8],
					"rotation": [12.35852, 14.9195, -11.25]
				}
			]
		}
	]
}