{
  "format_version": "1.12.0",
  "minecraft:geometry": [
    {
      "description": {
        "identifier": "geometry.pod_farm.cooking_pot_colored_fill",
        "texture_width": 128,
        "texture_height": 128,
        "visible_bounds_width": 2,
        "visible_bounds_height": 2.5,
        "visible_bounds_offset": [0, 0.75, 0]
      },
      "bones": [
        {
          "name": "colored_filling",
          "pivot": [0, -1.5, 0],
          "cubes": [
            {
              "origin": [-4, 0.55, -4],
              "size": [8, 5.5, 8],
              "inflate": 0.2,
              "uv": {
                "north": {
                  "uv": [0, 0],
                  "uv_size": [16, 14.2]
                },
                "east": {
                  "uv": [0, 0],
                  "uv_size": [16, 14]
                },
                "south": {
                  "uv": [0, 0],
                  "uv_size": [16, 14]
                },
                "west": {
                  "uv": [0, 0],
                  "uv_size": [16, 14]
                },
                "up": {
                  "uv": [0, 0],
                  "uv_size": [16, 16]
                },
                "down": {
                  "uv": [0, 16],
                  "uv_size": [16, -16]
                }
              }
            }
          ]
        }
      ]
    },
    {
      "description": {
        "identifier": "geometry.pod_farm.cooking_pot_3d_fill",
        "texture_width": 16,
        "texture_height": 16,
        "visible_bounds_width": 2,
        "visible_bounds_height": 2.5,
        "visible_bounds_offset": [0, 0.75, 0]
      },
      "bones": [
        {
          "name": "fillings",
          "pivot": [0, 0.5, 0]
        },
        {
          "name": "minecraft_cooked_rabbit",
          "parent": "fillings",
          "pivot": [0, 0.5, 0],
          "cubes": [
            {
              "origin": [-5, 6.5, -5],
              "size": [10, 0, 10],
              "uv": {
                "north": { "uv": [0, 0], "uv_size": [8, 0] },
                "east": { "uv": [0, 0], "uv_size": [8, 0] },
                "south": { "uv": [0, 0], "uv_size": [8, 0] },
                "west": { "uv": [0, 0], "uv_size": [8, 0] },
                "up": { "uv": [4, 4], "uv_size": [-2, -2] },
                "down": { "uv": [2, 16], "uv_size": [-2, -2] }
              }
            }
          ]
        },
        {
          "name": "minecraft_carrot",
          "parent": "fillings",
          "pivot": [0, 0.5, 0],
          "cubes": [
            {
              "origin": [-5, 6.425, -5],
              "size": [10, 0, 10],
              "uv": {
                "north": { "uv": [0, 0], "uv_size": [8, 0] },
                "east": { "uv": [0, 0], "uv_size": [8, 0] },
                "south": { "uv": [0, 0], "uv_size": [8, 0] },
                "west": { "uv": [0, 0], "uv_size": [8, 0] },
                "up": { "uv": [8, 2], "uv_size": [-2, -2] },
                "down": { "uv": [2, 16], "uv_size": [-2, -2] }
              }
            }
          ]
        },
        {
          "name": "minecraft_cooked_chicken",
          "parent": "fillings",
          "pivot": [0, 0.5, 0],
          "cubes": [
            {
              "origin": [-5, 6.55, -5],
              "size": [10, 0, 10],
              "uv": {
                "north": { "uv": [0, 0], "uv_size": [8, 0] },
                "east": { "uv": [0, 0], "uv_size": [8, 0] },
                "south": { "uv": [0, 0], "uv_size": [8, 0] },
                "west": { "uv": [0, 0], "uv_size": [8, 0] },
                "up": { "uv": [4, 2], "uv_size": [-2, -2] },
                "down": { "uv": [2, 16], "uv_size": [-2, -2] }
              }
            },
            {
              "origin": [-5, 6.476, -5],
              "size": [10, 0, 10],
              "uv": {
                "north": { "uv": [0, 0], "uv_size": [8, 0] },
                "east": { "uv": [0, 0], "uv_size": [8, 0] },
                "south": { "uv": [0, 0], "uv_size": [8, 0] },
                "west": { "uv": [0, 0], "uv_size": [8, 0] },
                "up": { "uv": [6, 2], "uv_size": [-2, -2] },
                "down": { "uv": [2, 16], "uv_size": [-2, -2] }
              }
            }
          ]
        },
        {
          "name": "pod_farm_pasta",
          "parent": "fillings",
          "pivot": [0, 0.5, 0],
          "cubes": [
            {
              "origin": [-5, 6.3, -5],
              "size": [10, 0, 10],
              "uv": {
                "north": { "uv": [0, 0], "uv_size": [8, 0] },
                "east": { "uv": [0, 0], "uv_size": [8, 0] },
                "south": { "uv": [0, 0], "uv_size": [8, 0] },
                "west": { "uv": [0, 0], "uv_size": [8, 0] },
                "up": { "uv": [2, 4], "uv_size": [-2, -2] },
                "down": { "uv": [2, 16], "uv_size": [-2, -2] }
              }
            }
          ]
        },
        {
          "name": "pod_farm_rice",
          "parent": "fillings",
          "pivot": [0, 0.5, 0],
          "cubes": [
            {
              "origin": [-5, 6.326, -5],
              "size": [10, 0, 10],
              "uv": {
                "north": { "uv": [0, 0], "uv_size": [8, 0] },
                "east": { "uv": [0, 0], "uv_size": [8, 0] },
                "south": { "uv": [0, 0], "uv_size": [8, 0] },
                "west": { "uv": [0, 0], "uv_size": [8, 0] },
                "up": { "uv": [2, 6], "uv_size": [-2, -2] },
                "down": { "uv": [2, 16], "uv_size": [-2, -2] }
              }
            },
            {
              "origin": [-5, 6.326, -5],
              "size": [10, 0, 10],
              "uv": {
                "north": { "uv": [0, 0], "uv_size": [8, 0] },
                "east": { "uv": [0, 0], "uv_size": [8, 0] },
                "south": { "uv": [0, 0], "uv_size": [8, 0] },
                "west": { "uv": [0, 0], "uv_size": [8, 0] },
                "up": { "uv": [4, 6], "uv_size": [-2, -2] },
                "down": { "uv": [2, 16], "uv_size": [-2, -2] }
              }
            }
          ]
        },
        {
          "name": "pod_farm_oat",
          "parent": "fillings",
          "pivot": [0, -1.5, 0],
          "cubes": [
            {
              "origin": [-5, 6.325, -5],
              "size": [10, 0, 10],
              "uv": {
                "north": { "uv": [0, 0], "uv_size": [8, 0] },
                "east": { "uv": [0, 0], "uv_size": [8, 0] },
                "south": { "uv": [0, 0], "uv_size": [8, 0] },
                "west": { "uv": [0, 0], "uv_size": [8, 0] },
                "up": { "uv": [2, 8], "uv_size": [-2, -2] },
                "down": { "uv": [2, 16], "uv_size": [-2, -2] }
              }
            },
            {
              "origin": [-5, 6.375, -5],
              "size": [10, 0, 10],
              "uv": {
                "north": { "uv": [0, 0], "uv_size": [8, 0] },
                "east": { "uv": [0, 0], "uv_size": [8, 0] },
                "south": { "uv": [0, 0], "uv_size": [8, 0] },
                "west": { "uv": [0, 0], "uv_size": [8, 0] },
                "up": { "uv": [4, 8], "uv_size": [-2, -2] },
                "down": { "uv": [2, 16], "uv_size": [-2, -2] }
              }
            }
          ]
        },
        {
          "name": "pod_farm_broccoli",
          "parent": "fillings",
          "pivot": [0, 0.5, 0],
          "cubes": [
            {
              "origin": [-5, 6.425, -5],
              "size": [10, 0, 10],
              "uv": {
                "north": { "uv": [0, 0], "uv_size": [8, 0] },
                "east": { "uv": [0, 0], "uv_size": [8, 0] },
                "south": { "uv": [0, 0], "uv_size": [8, 0] },
                "west": { "uv": [0, 0], "uv_size": [8, 0] },
                "up": { "uv": [10, 2], "uv_size": [-2, -2] },
                "down": { "uv": [2, 16], "uv_size": [-2, -2] }
              }
            }
          ]
        },
        {
          "name": "pod_farm_chili",
          "parent": "fillings",
          "pivot": [0, 4.475, 0],
          "cubes": [
            {
              "origin": [-5, 6.475, -5],
              "size": [10, 0, 10],
              "uv": {
                "north": { "uv": [0, 0], "uv_size": [8, 0] },
                "east": { "uv": [0, 0], "uv_size": [8, 0] },
                "south": { "uv": [0, 0], "uv_size": [8, 0] },
                "west": { "uv": [0, 0], "uv_size": [8, 0] },
                "up": { "uv": [14, 2], "uv_size": [-2, -2] },
                "down": { "uv": [2, 16], "uv_size": [-2, -2] }
              }
            }
          ]
        },
        {
          "name": "pod_farm_spinach",
          "parent": "fillings",
          "pivot": [0, 0.5, 0],
          "cubes": [
            {
              "origin": [-5, 6.45, -5],
              "size": [10, 0, 10],
              "uv": {
                "north": { "uv": [0, 0], "uv_size": [8, 0] },
                "east": { "uv": [0, 0], "uv_size": [8, 0] },
                "south": { "uv": [0, 0], "uv_size": [8, 0] },
                "west": { "uv": [0, 0], "uv_size": [8, 0] },
                "up": { "uv": [12, 2], "uv_size": [-2, -2] },
                "down": { "uv": [2, 16], "uv_size": [-2, -2] }
              }
            }
          ]
        },
        {
          "name": "pod_farm_onion",
          "parent": "fillings",
          "pivot": [0, 0.5, 0],
          "cubes": [
            {
              "origin": [-5, 6.475, -5],
              "size": [10, 0, 10],
              "uv": {
                "north": { "uv": [0, 0], "uv_size": [8, 0] },
                "east": { "uv": [0, 0], "uv_size": [8, 0] },
                "south": { "uv": [0, 0], "uv_size": [8, 0] },
                "west": { "uv": [0, 0], "uv_size": [8, 0] },
                "up": { "uv": [16, 2], "uv_size": [-2, -2] },
                "down": { "uv": [2, 16], "uv_size": [-2, -2] }
              }
            }
          ]
        },
        {
          "name": "minecraft_mushroom_stew",
          "parent": "fillings",
          "pivot": [0, 0.5, 0],
          "cubes": [
            {
              "origin": [-5, 6.275, -5],
              "size": [10, 0, 10],
              "uv": {
                "north": { "uv": [0, 0], "uv_size": [8, 0] },
                "east": { "uv": [0, 0], "uv_size": [8, 0] },
                "south": { "uv": [0, 0], "uv_size": [8, 0] },
                "west": { "uv": [0, 0], "uv_size": [8, 0] },
                "up": { "uv": [2, 10], "uv_size": [-2, -2] },
                "down": { "uv": [2, 16], "uv_size": [-2, -2] }
              }
            }
          ]
        },
        {
          "name": "pod_farm_potato_soup",
          "parent": "fillings",
          "pivot": [0, 0.5, 0],
          "cubes": [
            {
              "origin": [-5, 6.275, -5],
              "size": [10, 0, 10],
              "uv": {
                "north": { "uv": [0, 0], "uv_size": [8, 0] },
                "east": { "uv": [0, 0], "uv_size": [8, 0] },
                "south": { "uv": [0, 0], "uv_size": [8, 0] },
                "west": { "uv": [0, 0], "uv_size": [8, 0] },
                "up": { "uv": [6, 10], "uv_size": [-2, -2] },
                "down": { "uv": [2, 16], "uv_size": [-2, -2] }
              }
            }
          ]
        },
        {
          "name": "pod_farm_sweet_potato_soup",
          "parent": "fillings",
          "pivot": [0, 0.5, 0],
          "cubes": [
            {
              "origin": [-5, 6.275, -5],
              "size": [10, 0, 10],
              "uv": {
                "north": { "uv": [0, 0], "uv_size": [8, 0] },
                "east": { "uv": [0, 0], "uv_size": [8, 0] },
                "south": { "uv": [0, 0], "uv_size": [8, 0] },
                "west": { "uv": [0, 0], "uv_size": [8, 0] },
                "up": { "uv": [4, 10], "uv_size": [-2, -2] },
                "down": { "uv": [2, 16], "uv_size": [-2, -2] }
              }
            }
          ]
        },
        {
          "name": "pod_farm_vegetable_soup",
          "parent": "fillings",
          "pivot": [0, 0.5, 0],
          "cubes": [
            {
              "origin": [-5, 6.275, -5],
              "size": [10, 0, 10],
              "uv": {
                "north": { "uv": [0, 0], "uv_size": [8, 0] },
                "east": { "uv": [0, 0], "uv_size": [8, 0] },
                "south": { "uv": [0, 0], "uv_size": [8, 0] },
                "west": { "uv": [0, 0], "uv_size": [8, 0] },
                "up": { "uv": [8, 10], "uv_size": [-2, -2] },
                "down": { "uv": [2, 16], "uv_size": [-2, -2] }
              }
            },
            {
              "origin": [-5, 6.375, -5],
              "size": [10, 0, 10],
              "uv": {
                "north": { "uv": [0, 0], "uv_size": [8, 0] },
                "east": { "uv": [0, 0], "uv_size": [8, 0] },
                "south": { "uv": [0, 0], "uv_size": [8, 0] },
                "west": { "uv": [0, 0], "uv_size": [8, 0] },
                "up": { "uv": [8, 12], "uv_size": [-2, -2] },
                "down": { "uv": [2, 16], "uv_size": [-2, -2] }
              }
            }
          ]
        },
        {
          "name": "pod_farm_tomato_soup",
          "parent": "fillings",
          "pivot": [0, 0.5, 0],
          "cubes": [
            {
              "origin": [-5, 6.275, -5],
              "size": [10, 0, 10],
              "uv": {
                "north": { "uv": [0, 0], "uv_size": [8, 0] },
                "east": { "uv": [0, 0], "uv_size": [8, 0] },
                "south": { "uv": [0, 0], "uv_size": [8, 0] },
                "west": { "uv": [0, 0], "uv_size": [8, 0] },
                "up": { "uv": [10, 10], "uv_size": [-2, -2] },
                "down": { "uv": [2, 16], "uv_size": [-2, -2] }
              }
            }
          ]
        }
      ]
    }
  ]
}
