{
	"format_version": "1.12.0",
	"minecraft:geometry": [
		{
			"description": {
				"identifier": "geometry.pod_farm.plate",
				"texture_width": 128,
				"texture_height": 128,
				"visible_bounds_width": 2,
				"visible_bounds_height": 1.5,
				"visible_bounds_offset": [0, 0.25, 0]
			},
			"bones": [
				{
					"name": "main",
					"pivot": [0, 0, 0]
				},
				{
					"name": "plate",
					"parent": "main",
					"pivot": [0, 0, 0],
					"cubes": [
						{"origin": [-4, 0.025, -5], "size": [8, 1, 10], "inflate": 0.15, "uv": [0, 13]},
						{"origin": [-5, 0.025, -4], "size": [10, 1, 8], "inflate": 0.15, "uv": [36, 13]},
						{"origin": [-6, 0.02, -6], "size": [12, 1, 12], "inflate": 0.15, "uv": [0, 0]},
						{"origin": [-5, -0.95, -5], "size": [10, 1, 10], "inflate": 0.15, "uv": [36, 1]}
					]
				},
				{
					"name": "rightArm",
					"parent": "plate",
					"pivot": [0, -0.7, -0.2],
					"rotation": [0, 180, 0]
				},
				{
					"name": "rightItem",
					"parent": "rightArm",
					"pivot": [-1, 1.9, 5.8],
					"rotation": [12.35852, 14.9195, -11.25]
				},
				{
					"name": "bowl",
					"parent": "main",
					"pivot": [0, 0.025, 0],
					"cubes": [
						{"origin": [-3, 0.25, -3], "size": [6, 1, 6], "inflate": 0.025, "uv": [96, 0]},
						{"origin": [-4, 1.275, -4], "size": [8, 2, 8], "uv": [72, 0]}
					]
				},
				{
					"name": "tomatosoup",
					"parent": "bowl",
					"pivot": [0, 0.025, 0],
					"cubes": [
						{"origin": [-4, 2.6, -4], "size": [8, 0, 8], "uv": [-8, 40]}
					]
				},
				{
					"name": "potatosoup",
					"parent": "bowl",
					"pivot": [0, 0.025, 0],
					"cubes": [
						{"origin": [-4, 2.6, -4], "size": [8, 0, 8], "uv": [-8, 32]}
					]
				},
				{
					"name": "sweetpotatosoup",
					"parent": "bowl",
					"pivot": [0, 0.025, 0],
					"cubes": [
						{"origin": [-4, 2.6, -4], "size": [8, 0, 8], "uv": [-8, 24]}
					]
				},
				{
					"name": "beetrootsoup",
					"parent": "bowl",
					"pivot": [0, 0.025, 0],
					"cubes": [
						{"origin": [-4, 2.6, -4], "size": [8, 0, 8], "uv": [8, 24]}
					]
				},
				{
					"name": "mushroomstew",
					"parent": "bowl",
					"pivot": [0, 0.025, 0],
					"cubes": [
						{"origin": [-4, 2.6, -4], "size": [8, 0, 8], "uv": [8, 32]}
					]
				},
				{
					"name": "suspiciousstew",
					"parent": "bowl",
					"pivot": [0, 0.025, 0],
					"cubes": [
						{"origin": [-4, 2.6, -4], "size": [8, 0, 8], "uv": [8, 40]}
					]
				},
				{
					"name": "rabbitstew",
					"parent": "bowl",
					"pivot": [0, 0.025, 0],
					"cubes": [
						{"origin": [-4, 2.6, -4], "size": [8, 0, 8], "uv": [-8, 120]},
						{"origin": [-4, 2.95, -4], "size": [8, 0, 8], "uv": [8, 120]}
					]
				},
				{
					"name": "vegetablesoup",
					"parent": "bowl",
					"pivot": [0, 0.025, 0],
					"cubes": [
						{"origin": [-4, 2.6, -4], "size": [8, 0, 8], "uv": [-8, 48]},
						{"origin": [-4, 2.95, -4], "size": [8, 0, 8], "uv": [8, 48]}
					]
				},
				{
					"name": "chickennoodlesoup",
					"parent": "bowl",
					"pivot": [0, 0.025, 0],
					"cubes": [
						{"origin": [-4, 2.6, -4], "size": [8, 0, 8], "uv": [-8, 56]},
						{"origin": [-4, 2.95, -4], "size": [8, 0, 8], "uv": [8, 56]}
					]
				},
				{
					"name": "chilitomatopasta",
					"parent": "bowl",
					"pivot": [0, 0.025, 0],
					"cubes": [
						{"origin": [-4, 2.6, -4], "size": [8, 0, 8], "uv": [-8, 64]},
						{"origin": [-4, 2.95, -4], "size": [8, 0, 8], "uv": [8, 64]}
					]
				},
				{
					"name": "tomatoonionpasta",
					"parent": "bowl",
					"pivot": [0, 0.025, 0],
					"cubes": [
						{"origin": [-4, 2.6, -4], "size": [8, 0, 8], "uv": [-8, 72]},
						{"origin": [-4, 2.95, -4], "size": [8, 0, 8], "uv": [8, 72]}
					]
				},
				{
					"name": "spinachpasta",
					"parent": "bowl",
					"pivot": [0, 0.025, 0],
					"cubes": [
						{"origin": [-4, 2.6, -4], "size": [8, 0, 8], "uv": [-8, 80]},
						{"origin": [-4, 2.95, -4], "size": [8, 0, 8], "uv": [8, 80]}
					]
				},
				{
					"name": "broccolicheesepasta",
					"parent": "bowl",
					"pivot": [0, 0.025, 0],
					"cubes": [
						{"origin": [-4, 2.6, -4], "size": [8, 0, 8], "uv": [-8, 88]},
						{"origin": [-4, 2.95, -4], "size": [8, 0, 8], "uv": [8, 88]}
					]
				},
				{
					"name": "riceporridge",
					"parent": "bowl",
					"pivot": [0, 0.025, 0],
					"cubes": [
						{"origin": [-2, 2.95, -2], "size": [4, 1, 4], "uv": [32, 99]},
						{"origin": [-4, 2.95, -4], "size": [8, 0, 8], "uv": [8, 96]},
						{"origin": [-4, 2.6, -4], "size": [8, 0, 8], "uv": [-8, 96]}
					]
				},
				{
					"name": "oatporridge",
					"parent": "bowl",
					"pivot": [0, 0.025, 0],
					"cubes": [
						{"origin": [-2, 2.95, -2], "size": [4, 1, 4], "uv": [32, 107]},
						{"origin": [-4, 2.95, -4], "size": [8, 0, 8], "uv": [8, 104]},
						{"origin": [-4, 2.6, -4], "size": [8, 0, 8], "uv": [-8, 104]}
					]
				},
				{
					"name": "salad",
					"parent": "bowl",
					"pivot": [0, 0.025, 0],
					"cubes": [
						{"origin": [-4, 2.95, -4], "size": [8, 0, 8], "uv": [8, 112]},
						{"origin": [-4, 2.56732, 0.92388], "size": [8, 0, 3], "pivot": [0, 3.025, 0], "rotation": [22.5, 0, 0], "uv": [29, 117]},
						{"origin": [-4, 2.56732, 0.92388], "size": [8, 0, 3], "pivot": [0, 3.025, 0], "rotation": [0, 90, -22.5], "uv": [29, 117]},
						{"origin": [-4, 2.56732, 0.92388], "size": [8, 0, 3], "pivot": [0, 3.025, 0], "rotation": [0, -90, 22.5], "uv": [29, 117]},
						{"origin": [-4, 2.56732, 0.92388], "size": [8, 0, 3], "pivot": [0, 3.025, 0], "rotation": [-157.5, 0, -180], "uv": [29, 117]},
						{"origin": [-4, 2.6, -4], "size": [8, 0, 8], "uv": [-8, 112]}
					]
				},
				{
					"name": "pizza",
					"parent": "main",
					"pivot": [0, 0.7, 0],
					"cubes": [
						{"origin": [-5, 1.4, -5], "size": [10, 0, 10], "uv": [98, 30]},
						{"origin": [-5, 0.7, -4], "size": [10, 1, 8], "uv": [92, 10]},
						{"origin": [-4, 0.7, -5], "size": [8, 1, 10], "uv": [92, 19]}
					]
				},
				{
					"name": "pineapple",
					"parent": "pizza",
					"pivot": [0, 0.85, 0],
					"cubes": [
						{"origin": [-5, 1.55, -5], "size": [10, 0, 10], "uv": [78, 30]}
					]
				},
				{
					"name": "pie",
					"parent": "main",
					"pivot": [0, 0, 0]
				},
				{
					"name": "crust",
					"parent": "pie",
					"pivot": [0, 0, 0],
					"cubes": [
						{"origin": [-4, 0.3, 3], "size": [8, 3, 2], "uv": [108, 40]},
						{"origin": [-5, 0.3, 0], "size": [10, 3, 4], "uv": [100, 45]},
						{"origin": [4, 0.3, -4], "size": [0, 3, 8], "uv": [84, 41]},
						{"origin": [-4, 0.3, 0], "size": [0, 3, 4], "uv": [100, 38]},
						{"origin": [0, 0.3, -4], "size": [5, 3, 4], "uv": [110, 52]},
						{"origin": [0, 0.3, -5], "size": [4, 3, 2], "uv": [98, 54]},
						{"origin": [-5, 1.25, -5], "size": [10, 0, 10], "uv": [71, 19]}
					]
				},
				{
					"name": "pumpkin",
					"parent": "pie",
					"pivot": [0.1, -0.2, 0.1],
					"cubes": [
						{"origin": [-4.9, 0.1, 0.1], "size": [9, 3, 4], "uv": [73, 92]},
						{"origin": [3, 3.099, 3], "size": [1, 0, 1], "uv": [83, 89]},
						{"origin": [3, 3.099, -4], "size": [1, 0, 1], "uv": [83, 89]},
						{"origin": [-4, 3.099, 3], "size": [1, 0, 1], "uv": [83, 89]},
						{"origin": [0.1, 0.1, -4.9], "size": [4, 3, 5], "uv": [82, 84]}
					]
				},
				{
					"name": "red",
					"parent": "pie",
					"pivot": [0.1, -0.2, 0.1],
					"cubes": [
						{"origin": [-4.9, 0.1, 0.1], "size": [9, 3, 4], "uv": [100, 67]},
						{"origin": [3, 3.099, 3], "size": [1, 0, 1], "uv": [110, 67]},
						{"origin": [3, 3.099, -4], "size": [1, 0, 1], "uv": [110, 67]},
						{"origin": [-4, 3.099, 3], "size": [1, 0, 1], "uv": [110, 67]},
						{"origin": [0.1, 0.1, -4.9], "size": [4, 3, 5], "uv": [109, 59]}
					]
				},
				{
					"name": "magenta",
					"parent": "pie",
					"pivot": [0.1, -0.2, 0.1],
					"cubes": [
						{"origin": [-4.9, 0.1, 0.1], "size": [9, 3, 4], "uv": [99, 97]},
						{"origin": [3, 3.099, 3], "size": [1, 0, 1], "uv": [109, 97]},
						{"origin": [3, 3.099, -4], "size": [1, 0, 1], "uv": [109, 97]},
						{"origin": [-4, 3.099, 3], "size": [1, 0, 1], "uv": [109, 97]},
						{"origin": [0.1, 0.1, -4.9], "size": [4, 3, 5], "uv": [108, 89]}
					]
				},
				{
					"name": "purple",
					"parent": "pie",
					"pivot": [0.1, -0.2, 0.1],
					"cubes": [
						{"origin": [-4.9, 0.1, 0.1], "size": [9, 3, 4], "uv": [100, 82]},
						{"origin": [3, 3.099, 3], "size": [1, 0, 1], "uv": [110, 82]},
						{"origin": [3, 3.099, -4], "size": [1, 0, 1], "uv": [110, 82]},
						{"origin": [-4, 3.099, 3], "size": [1, 0, 1], "uv": [110, 82]},
						{"origin": [0.1, 0.1, -4.9], "size": [4, 3, 5], "uv": [109, 74]}
					]
				},
				{
					"name": "peach",
					"parent": "pie",
					"pivot": [0.1, -0.2, 0.1],
					"cubes": [
						{"origin": [-4.9, 0.1, 0.1], "size": [9, 3, 4], "uv": [99, 112]},
						{"origin": [3, 3.099, 3], "size": [1, 0, 1], "uv": [109, 112]},
						{"origin": [3, 3.099, -4], "size": [1, 0, 1], "uv": [109, 112]},
						{"origin": [-4, 3.099, 3], "size": [1, 0, 1], "uv": [109, 112]},
						{"origin": [0.1, 0.1, -4.9], "size": [4, 3, 5], "uv": [108, 104]}
					]
				},
				{
					"name": "apple",
					"parent": "pie",
					"pivot": [0.1, -0.2, 0.1],
					"cubes": [
						{"origin": [-4.9, 0.1, 0.1], "size": [9, 3, 4], "uv": [77, 112]},
						{"origin": [3, 3.099, 3], "size": [1, 0, 1], "uv": [87, 112]},
						{"origin": [3, 3.099, -4], "size": [1, 0, 1], "uv": [87, 112]},
						{"origin": [-4, 3.099, 3], "size": [1, 0, 1], "uv": [87, 112]},
						{"origin": [0.1, 0.1, -4.9], "size": [4, 3, 5], "uv": [86, 104]}
					]
				},
				{
					"name": "hatchcrust",
					"parent": "pie",
					"pivot": [0, 1, 0],
					"cubes": [
						{"origin": [-5, 3.25, -5], "size": [10, 0, 10], "uv": [68, 52]}
					]
				},
				{
					"name": "fullcrust",
					"parent": "pie",
					"pivot": [0, 1, 0],
					"cubes": [
						{"origin": [-5, 3.25, -5], "size": [10, 0, 10], "uv": [68, 62]}
					]
				},
				{
					"name": "cake",
					"parent": "pie",
					"pivot": [0, 0, 0],
					"cubes": [
						{"origin": [-4, 0, -4], "size": [8, 5, 8], "uv": [56, 22]}
					]
				},
				{
					"name": "sandwich",
					"parent": "main",
					"pivot": [0, 0, 0]
				},
				{
					"name": "burger",
					"parent": "sandwich",
					"pivot": [0, 0, 0],
					"cubes": [
						{"origin": [-3, 0.25, -3], "size": [6, 1, 6], "uv": [70, 35]},
						{"origin": [-3, 2.375, -3], "size": [6, 2, 6], "uv": [54, 51]},
						{"origin": [-3, 1.475, -3], "size": [6, 3, 6], "inflate": 0.1, "uv": [54, 66]},
						{"origin": [-3, 4.825, -3], "size": [6, 0, 6], "uv": [54, 60]},
						{"origin": [-4, 0.3, -4], "size": [8, 1, 8], "inflate": 0.02, "uv": [51, 75]},
						{"origin": [-4, 0.45, -4], "size": [8, 1, 8], "inflate": 0.02, "uv": [45, 84]}
					]
				},
				{
					"name": "hamburger",
					"parent": "burger",
					"pivot": [0, 1.2, 0],
					"cubes": [
						{"origin": [-3, 1.35, -3], "size": [6, 1, 6], "inflate": -0.05, "pivot": [0, 1.2, 0], "rotation": [0, 90, 0], "uv": [46, 35]}
					]
				},
				{
					"name": "poultryburger",
					"parent": "burger",
					"pivot": [0, 1.2, 0],
					"cubes": [
						{"origin": [-3, 1.35, -3], "size": [6, 1, 6], "inflate": -0.05, "pivot": [0, 1.2, 0], "rotation": [0, 90, 0], "uv": [55, 93]}
					]
				},
				{
					"name": "fishburger",
					"parent": "burger",
					"pivot": [0, 1.2, 0],
					"cubes": [
						{"origin": [-3, 1.35, -3], "size": [6, 1, 6], "inflate": -0.05, "pivot": [0, 1.2, 0], "rotation": [0, 90, 0], "uv": [55, 100]}
					]
				},
				{
					"name": "cheese",
					"parent": "burger",
					"pivot": [0, 0.125, 0],
					"cubes": [
						{"origin": [-3, 2.325, -3], "size": [6, 0, 6], "pivot": [0, 0.125, 0], "rotation": [0, 45, 0], "uv": [47, 45]}
					]
				},
				{
					"name": "sammich",
					"parent": "sandwich",
					"pivot": [0, 0, 0]
				},
				{
					"name": "breadbottom",
					"parent": "sammich",
					"pivot": [0, 0.25, 0],
					"cubes": [
						{"origin": [-4, 0.25, -4], "size": [8, 1, 8], "uv": [96, 119]},
						{"origin": [-4, 0.25, -4], "size": [8, 1, 8], "inflate": 0.1, "uv": [64, 119]}
					]
				},
				{
					"name": "breadtop",
					"parent": "sammich",
					"pivot": [0, 2.6, 0],
					"cubes": [
						{"origin": [-4, 2.6, -4], "size": [8, 1, 8], "uv": [96, 119]},
						{"origin": [-4, 2.6, -4], "size": [8, 1, 8], "inflate": 0.1, "uv": [64, 119]}
					]
				},
				{
					"name": "lettuce",
					"parent": "sammich",
					"pivot": [0, -0.5, 0],
					"cubes": [
						{"origin": [-4, 0, -4], "size": [8, 1, 8], "inflate": 0.5, "uv": [51, 75]}
					]
				},
				{
					"name": "tomato",
					"parent": "sammich",
					"pivot": [0, -0.425, 0],
					"cubes": [
						{"origin": [-4, 0.075, -4], "size": [8, 1, 8], "inflate": 0.5, "uv": [45, 84]}
					]
				},
				{
					"name": "bacon",
					"parent": "sammich",
					"pivot": [0, 0, 0],
					"cubes": [
						{"origin": [-5, 2, 0], "size": [10, 0, 5], "uv": [28, 87]},
						{"origin": [-5, 2, -6], "size": [10, 0, 5], "uv": [28, 87]},
						{"origin": [-5, 1.75, -3.25], "size": [10, 0, 5], "uv": [28, 87]},
						{"origin": [-5, 2.5, 0], "size": [10, 0, 5], "uv": [28, 87]},
						{"origin": [-5, 2.25, -2.25], "size": [10, 0, 5], "uv": [28, 87]},
						{"origin": [-5, 2.5, -6], "size": [10, 0, 5], "uv": [28, 87]},
						{"origin": [-3, 0.65, -3], "size": [6, 2, 6], "uv": [32, 25]}
					]
				},
				{
					"name": "turkey",
					"parent": "sammich",
					"pivot": [0, 0, 0],
					"cubes": [
						{"origin": [-4, 1.5, -4], "size": [8, 1, 8], "inflate": -0.05, "uv": [40, 118]}
					]
				},
				{
					"name": "chicken",
					"parent": "sammich",
					"pivot": [0, 0, 0],
					"cubes": [
						{"origin": [-4, 1.5, -4], "size": [8, 1, 8], "inflate": -0.05, "uv": [40, 108]}
					]
				},
				{
					"name": "egg",
					"parent": "sammich",
					"pivot": [0, 0, 0],
					"cubes": [
						{"origin": [-4, 1.5, -4], "size": [8, 1, 8], "inflate": -0.05, "uv": [75, 73]}
					]
				},
				{
					"name": "jelly",
					"parent": "sammich",
					"pivot": [0, -0.125, 0],
					"cubes": [
						{"origin": [-4, 1.375, -4], "size": [8, 0, 8], "uv": [29, 45]},
						{"origin": [-4, -1.625, -1], "size": [8, 0, 1], "pivot": [0, 1.375, 0], "rotation": [0, -90, -90], "uv": [36, 52]},
						{"origin": [-4, -1.625, -1], "size": [8, 0, 1], "pivot": [0, 1.375, 0], "rotation": [-90, 0, 0], "uv": [36, 52]},
						{"origin": [-4, -1.625, -1], "size": [8, 0, 1], "pivot": [0, 1.375, 0], "rotation": [0, 90, 90], "uv": [36, 52]},
						{"origin": [-4, -1.625, -1], "size": [8, 0, 1], "pivot": [0, 1.375, 0], "rotation": [90, 0, -180], "uv": [36, 52]}
					]
				},
				{
					"name": "jelly1",
					"parent": "sammich",
					"pivot": [0, -0.575, 0],
					"cubes": [
						{"origin": [-4, 1.375, -4], "size": [8, 0, 8], "uv": [29, 53]},
						{"origin": [-4, -1.625, -1], "size": [8, 0, 1], "pivot": [0, 1.375, 0], "rotation": [0, -90, -90], "uv": [36, 60]},
						{"origin": [-4, -1.625, -1], "size": [8, 0, 1], "pivot": [0, 1.375, 0], "rotation": [-90, 0, 0], "uv": [36, 60]},
						{"origin": [-4, -1.625, -1], "size": [8, 0, 1], "pivot": [0, 1.375, 0], "rotation": [0, 90, 90], "uv": [36, 60]},
						{"origin": [-4, -1.625, -1], "size": [8, 0, 1], "pivot": [0, 1.375, 0], "rotation": [90, 0, -180], "uv": [36, 60]}
					]
				},
				{
					"name": "jelly2",
					"parent": "sammich",
					"pivot": [0, -0.575, 0],
					"cubes": [
						{"origin": [-4, 1.375, -4], "size": [8, 0, 8], "uv": [29, 61]},
						{"origin": [-4, -1.625, -1], "size": [8, 0, 1], "pivot": [0, 1.375, 0], "rotation": [0, -90, -90], "uv": [36, 68]},
						{"origin": [-4, -1.625, -1], "size": [8, 0, 1], "pivot": [0, 1.375, 0], "rotation": [-90, 0, 0], "uv": [36, 68]},
						{"origin": [-4, -1.625, -1], "size": [8, 0, 1], "pivot": [0, 1.375, 0], "rotation": [0, 90, 90], "uv": [36, 68]},
						{"origin": [-4, -1.625, -1], "size": [8, 0, 1], "pivot": [0, 1.375, 0], "rotation": [90, 0, -180], "uv": [36, 68]}
					]
				},
				{
					"name": "pb",
					"parent": "sammich",
					"pivot": [0, 0.05, 0],
					"cubes": [
						{"origin": [-4, 1.65, -4], "size": [8, 0, 8], "uv": [29, 69]}
					]
				}
			]
		}
	]
}