{
  "format_version": "1.12.0",
  "minecraft:geometry": [
    {
      "description": {
        "identifier": "geometry.pod_farm.quail_egg",
        "texture_width": 16.0,
        "texture_height": 16.0
      },
      "bones": [
        {
          "name": "body",
          "pivot": [0.0, 0.0, 0.0],
          "cubes": [
            {
              "origin": [-8.0, -4.0, 0.0],
              "size": [16.0, 16.0, 0.0],
              "uv": {
                "south": {
                  "uv": [0.0, 0.0]
                }
              }
            }
          ]
        }
      ]
    }
  ]
}
