{
	"format_version": "1.12.0",
	"minecraft:geometry": [
		{
			"description": {
				"identifier": "geometry.pod_farm.scarecrow",
				"texture_width": 128,
				"texture_height": 128,
				"visible_bounds_width": 4,
				"visible_bounds_height": 4.5,
				"visible_bounds_offset": [0, 1.75, 0]
			},
			"bones": [
				{
					"name": "bone",
					"pivot": [0, 0, 0]
				},
				{
					"name": "main",
					"parent": "bone",
					"pivot": [0, 0, 0],
					"cubes": [
						{"origin": [-1, 0, -1], "size": [2, 40, 2], "uv": [43, 63]},
						{"origin": [-50, -40, -1], "size": [2, 19, 2], "pivot": [0, -20, 0], "rotation": [0, 0, 90], "uv": [52, 82]},
						{"origin": [-43.48242, -8.76063, -1], "size": [2, 19, 2], "pivot": [-3.48242, -9.76063, 0], "rotation": [0, 0, 95], "uv": [29, 81]}
					]
				},
				{
					"name": "head",
					"parent": "bone",
					"pivot": [0, 0, 0],
					"cubes": [
						{"origin": [-6, 32, -6], "size": [12, 12, 12], "uv": [53, 29]},
						{"origin": [-6, 32, -7], "size": [12, 0, 4], "pivot": [0, 0, 0], "rotation": [-22.5, 0, 0], "uv": [73, 18]},
						{"origin": [-6, 32, -7], "size": [12, 0, 4], "pivot": [0, 0, 0], "rotation": [0, 90, 22.5], "uv": [52, 72]},
						{"origin": [-6, 32, -7], "size": [12, 0, 4], "pivot": [0, 0, 0], "rotation": [157.5, 0, 180], "uv": [44, 24]},
						{"origin": [-6, 32, -7], "size": [12, 0, 4], "pivot": [0, 0, 0], "rotation": [0, -90, -22.5], "uv": [44, 19]}
					]
				},
				{
					"name": "hat",
					"parent": "bone",
					"pivot": [0, 0, 0],
					"cubes": [
						{"origin": [-6, 44, -6], "size": [12, 4, 12], "uv": [53, 54]},
						{"origin": [-10, 44, -10], "size": [20, 0, 20], "uv": [-20, 108]}
					]
				},
				{
					"name": "clothing",
					"parent": "bone",
					"pivot": [-0.5, 0, 0],
					"cubes": [
						{"origin": [-15, 31, -2], "size": [12, 0, 4], "uv": [73, 23]},
						{"origin": [-15, 27, -2], "size": [10, 0, 4], "uv": [81, 73]},
						{"origin": [-15, 56, -27.001], "size": [10, 0, 4], "pivot": [0, 29, -25.001], "rotation": [-90, 0, 0], "uv": [81, 10]},
						{"origin": [-15, 52, -27.001], "size": [10, 0, 4], "pivot": [0, 29, -25.001], "rotation": [-90, 0, 0], "uv": [81, 5]},
						{"origin": [4.76861, 50.70027, -27.001], "size": [10, 0, 4], "pivot": [19.76861, 27.70027, -25.001], "rotation": [-90, 0, 5], "uv": [77, 78]},
						{"origin": [2, 31, -2], "size": [3, 0, 4], "uv": [0, 0]},
						{"origin": [2.24481, 29.89679, -2.001], "size": [10, 0, 4], "pivot": [16.24481, -1.10321, -0.001], "rotation": [0, 0, 5], "uv": [52, 77]},
						{"origin": [4.76861, 54.70027, -27.001], "size": [10, 0, 4], "pivot": [19.76861, 27.70027, -25.001], "rotation": [-90, 0, 5], "uv": [0, 81]},
						{"origin": [2.24109, 25.81063, -2.001], "size": [10, 0, 4], "pivot": [17.24109, -1.18937, -0.001], "rotation": [0, 0, 5], "uv": [81, 0]},
						{"origin": [-5, 52, -27.001], "size": [10, 0, 21], "inflate": 0.002, "pivot": [-0.5, 29, -25.001], "rotation": [-90, 0, 0], "uv": [0, 41]},
						{"origin": [-5, 56, -27.001], "size": [10, 0, 21], "inflate": 0.002, "pivot": [-0.5, 29, -25.001], "rotation": [-90, 0, 0], "uv": [0, 19]},
						{"origin": [20.501, 55.5, 0.999], "size": [4, 0, 17], "pivot": [21.501, 29, -1.001], "rotation": [0, -90, -90], "uv": [0, 63]},
						{"origin": [20.501, 45.5, 0.999], "size": [4, 0, 17], "pivot": [21.501, 29, -1.001], "rotation": [0, -90, -90], "uv": [55, 0]}
					]
				}
			]
		}
	]
}