{
	"format_version": "1.16.0",
	"minecraft:geometry": [
		{
			"description": {
				"identifier": "geometry.pod_farm.watering_can",
				"texture_width": 64,
				"texture_height": 64,
				"visible_bounds_width": 4,
				"visible_bounds_height": 3.5,
				"visible_bounds_offset": [0, 1.25, 0]
			},
			"bones": [
				{
					"name": "root_item",
					"pivot": [0, 11, 6],
					"rotation": [90, 0, 0],
					"cubes": [
						{"origin": [0, 9, -2], "size": [0, 12, 12], "uv": [0, 7]},
						{"origin": [-4, 13, -5], "size": [8, 8, 11], "uv": [0, 0]},
						{"origin": [-1, 21, -4], "size": [2, 10, 2], "pivot": [0, 21, -4], "rotation": [-42.5, 0, 0], "uv": [0, 33]},
						{"origin": [-2, 31, -5], "size": [4, 0, 4], "pivot": [0, 21, -4], "rotation": [-42.5, 0, 0], "uv": [-4, 45]}
					]
				},
				{
					"name": "fill_level",
					"parent": "root_item",
					"pivot": [0, 0, 4],
					"cubes": [
						{"origin": [-4, 13, -1], "size": [8, 8, 0], "uv": [8, 35]}
					]
				}
			]
		}
	]
}