{
  "format_version": "1.16.0",
  "minecraft:geometry": [
    {
      "description": {
        "identifier": "geometry.pod_farm.watering_can_attachable",
        "texture_width": 64,
        "texture_height": 64,
        "visible_bounds_width": 3,
        "visible_bounds_height": 3.5,
        "visible_bounds_offset": [0, 1.25, 0]
      },
      "bones": [
        {
          "name": "root_item",
          "pivot": [0, 0, 0],
          "binding": "q.item_slot_to_bone_name(c.item_slot)",
          "cubes": [
            { "origin": [0, -2, -8], "size": [0, 12, 12], "uv": [0, 7] },
            { "origin": [-4, 2, -11], "size": [8, 8, 11], "uv": [0, 0] },
            {
              "origin": [-1, 10, -10],
              "size": [2, 10, 2],
              "pivot": [0, 10, -10],
              "rotation": [-42.5, 0, 0],
              "uv": [0, 33]
            },
            {
              "origin": [-2, 20, -11],
              "size": [4, 0, 4],
              "pivot": [0, 10, -10],
              "rotation": [-42.5, 0, 0],
              "uv": [-4, 45]
            }
          ]
        }
      ]
    }
  ]
}
