{
  "format_version": "1.19.0",
  "minecraft:geometry": [
    {
      "description": {
        "identifier": "geometry.pod_farm.banana_cluster",
        "texture_width": 32,
        "texture_height": 32,
        "visible_bounds_width": 3,
        "visible_bounds_height": 2.5,
        "visible_bounds_offset": [0, 0.75, 0]
      },
      "bones": [
        {
          "name": "block",
          "pivot": [0, 0, 0],
          "cubes": [
            {
              "origin": [0, 11, -1],
              "size": [0, 5, 9],
              "uv": {
                "north": { "uv": [0, 0], "uv_size": [0, 5] },
                "east": { "uv": [9, 27], "uv_size": [-9, 5] },
                "south": { "uv": [0, 0], "uv_size": [0, 5] },
                "west": { "uv": [9, 16], "uv_size": [-9, 5] },
                "up": { "uv": [0, 9], "uv_size": [0, -9] },
                "down": { "uv": [0, 0], "uv_size": [0, 9] }
              }
            }
          ]
        },
        {
          "name": "fruit_grown",
          "parent": "block",
          "pivot": [0, 0, 0],
          "cubes": [
            {
              "origin": [-8, 0, 0],
              "size": [16, 16, 0],
              "pivot": [0, 0, 0],
              "rotation": [0, 135, 0],
              "uv": {
                "north": { "uv": [0, 0], "uv_size": [16, 16] }
              }
            },
            {
              "origin": [-8, 0, 0],
              "size": [16, 16, 0],
              "pivot": [0, 0, 0],
              "rotation": [0, -135, 0],
              "uv": {
                "north": { "uv": [0, 0], "uv_size": [16, 16] }
              }
            }
          ]
        },
        {
          "name": "fruit_unripe",
          "parent": "block",
          "pivot": [0, 0, 0],
          "cubes": [
            {
              "origin": [-8, 0, 0],
              "size": [16, 16, 0],
              "pivot": [0, 0, 0],
              "rotation": [0, 135, 0],
              "uv": {
                "north": { "uv": [16, 0], "uv_size": [16, 16] }
              }
            },
            {
              "origin": [-8, 0, 0],
              "size": [16, 16, 0],
              "pivot": [0, 0, 0],
              "rotation": [0, -135, 0],
              "uv": {
                "north": { "uv": [16, 0], "uv_size": [16, 16] }
              }
            }
          ]
        },
        {
          "name": "fruit_blossom",
          "parent": "block",
          "pivot": [0, 0, 0],
          "cubes": [
            {
              "origin": [-8, 0, 0],
              "size": [16, 16, 0],
              "pivot": [0, 0, 0],
              "rotation": [0, 135, 0],
              "uv": {
                "north": { "uv": [16, 16], "uv_size": [16, 16] }
              }
            },
            {
              "origin": [-8, 0, 0],
              "size": [16, 16, 0],
              "pivot": [0, 0, 0],
              "rotation": [0, -135, 0],
              "uv": {
                "north": { "uv": [16, 16], "uv_size": [16, 16] }
              }
            }
          ]
        }
      ]
    }
  ]
}
