{
  "format_version": "1.19.0",
  "minecraft:geometry": [
    {
      "description": {
        "identifier": "geometry.pod_farm.custom_leaves",
        "texture_width": 32,
        "texture_height": 32,
        "visible_bounds_width": 3,
        "visible_bounds_height": 3,
        "visible_bounds_offset": [0, 0.5, 0]
      },
      "bones": [
        {
          "name": "block",
          "pivot": [0, 0, 0],
          "cubes": [
            {
              "origin": [-8, 0, -8],
              "size": [16, 16, 16],
              "uv": {
                "north": { "uv": [0, 0], "uv_size": [16, 16] },
                "east": { "uv": [0, 0], "uv_size": [16, 16] },
                "south": { "uv": [0, 0], "uv_size": [16, 16] },
                "west": { "uv": [0, 0], "uv_size": [16, 16] },
                "up": { "uv": [16, 16], "uv_size": [-16, -16] },
                "down": { "uv": [16, 16], "uv_size": [-16, -16] }
              }
            }
          ]
        },
        {
          "name": "fruit_grown",
          "parent": "block",
          "pivot": [0, 0, -7.1],
          "cubes": [
            {
              "origin": [-8, 0, 8.5],
              "size": [16, 16, 0],
              "uv": {
                "north": { "uv": [32, 16], "uv_size": [0, 16] },
                "east": { "uv": [0, 0], "uv_size": [0, 16] },
                "south": { "uv": [16, 0], "uv_size": [16, 16] },
                "west": { "uv": [0, 0], "uv_size": [0, 16] },
                "up": { "uv": [15, 0], "uv_size": [-15, 0] },
                "down": { "uv": [15, 0], "uv_size": [-15, 0] }
              }
            },
            {
              "origin": [-8, 0, 8.5],
              "size": [16, 16, 0],
              "pivot": [0, 8, 0],
              "rotation": [0, 90, 0],
              "uv": {
                "north": { "uv": [32, 16], "uv_size": [0, 16] },
                "east": { "uv": [0, 0], "uv_size": [0, 16] },
                "south": { "uv": [16, 0], "uv_size": [16, 16] },
                "west": { "uv": [0, 0], "uv_size": [0, 16] },
                "up": { "uv": [15, 0], "uv_size": [-15, 0] },
                "down": { "uv": [15, 0], "uv_size": [-15, 0] }
              }
            },
            {
              "origin": [-8, 0, 8.5],
              "size": [16, 16, 0],
              "pivot": [0, 8, 0],
              "rotation": [0, -90, 0],
              "uv": {
                "north": { "uv": [32, 16], "uv_size": [0, 16] },
                "east": { "uv": [0, 0], "uv_size": [0, 16] },
                "south": { "uv": [16, 0], "uv_size": [16, 16] },
                "west": { "uv": [0, 0], "uv_size": [0, 16] },
                "up": { "uv": [15, 0], "uv_size": [-15, 0] },
                "down": { "uv": [15, 0], "uv_size": [-15, 0] }
              }
            },
            {
              "origin": [-8, 0, 8.5],
              "size": [16, 16, 0],
              "pivot": [0, 8, 0],
              "rotation": [-180, 0, 180],
              "uv": {
                "north": { "uv": [32, 16], "uv_size": [0, 16] },
                "east": { "uv": [0, 0], "uv_size": [0, 16] },
                "south": { "uv": [16, 0], "uv_size": [16, 16] },
                "west": { "uv": [0, 0], "uv_size": [0, 16] },
                "up": { "uv": [15, 0], "uv_size": [-15, 0] },
                "down": { "uv": [15, 0], "uv_size": [-15, 0] }
              }
            },
            {
              "origin": [-8, 0, 8.5],
              "size": [16, 16, 0],
              "pivot": [0, 8, 0],
              "rotation": [90, 0, 0],
              "uv": {
                "north": { "uv": [32, 16], "uv_size": [0, 16] },
                "east": { "uv": [0, 0], "uv_size": [0, 16] },
                "south": { "uv": [16, 0], "uv_size": [16, 16] },
                "west": { "uv": [0, 0], "uv_size": [0, 16] },
                "up": { "uv": [15, 0], "uv_size": [-15, 0] },
                "down": { "uv": [15, 0], "uv_size": [-15, 0] }
              }
            },
            {
              "origin": [-8, 0, 8.5],
              "size": [16, 16, 0],
              "pivot": [0, 8, 0],
              "rotation": [90, 0, -180],
              "uv": {
                "north": { "uv": [32, 16], "uv_size": [0, 16] },
                "east": { "uv": [0, 0], "uv_size": [0, 16] },
                "south": { "uv": [16, 0], "uv_size": [16, 16] },
                "west": { "uv": [0, 0], "uv_size": [0, 16] },
                "up": { "uv": [15, 0], "uv_size": [-15, 0] },
                "down": { "uv": [15, 0], "uv_size": [-15, 0] }
              }
            }
          ]
        },
        {
          "name": "fruit_unripe",
          "parent": "block",
          "pivot": [0, 0, -7.1],
          "cubes": [
            {
              "origin": [-8, 0, 8.5],
              "size": [16, 16, 0],
              "uv": {
                "north": { "uv": [32, 16], "uv_size": [0, 16] },
                "east": { "uv": [0, 0], "uv_size": [0, 16] },
                "south": { "uv": [16, 16], "uv_size": [16, 16] },
                "west": { "uv": [0, 0], "uv_size": [0, 16] },
                "up": { "uv": [15, 0], "uv_size": [-15, 0] },
                "down": { "uv": [15, 0], "uv_size": [-15, 0] }
              }
            },
            {
              "origin": [-8, 0, 8.5],
              "size": [16, 16, 0],
              "pivot": [0, 8, 0],
              "rotation": [0, 90, 0],
              "uv": {
                "north": { "uv": [32, 16], "uv_size": [0, 16] },
                "east": { "uv": [0, 0], "uv_size": [0, 16] },
                "south": { "uv": [16, 16], "uv_size": [16, 16] },
                "west": { "uv": [0, 0], "uv_size": [0, 16] },
                "up": { "uv": [15, 0], "uv_size": [-15, 0] },
                "down": { "uv": [15, 0], "uv_size": [-15, 0] }
              }
            },
            {
              "origin": [-8, 0, 8.5],
              "size": [16, 16, 0],
              "pivot": [0, 8, 0],
              "rotation": [0, -90, 0],
              "uv": {
                "north": { "uv": [32, 16], "uv_size": [0, 16] },
                "east": { "uv": [0, 0], "uv_size": [0, 16] },
                "south": { "uv": [16, 16], "uv_size": [16, 16] },
                "west": { "uv": [0, 0], "uv_size": [0, 16] },
                "up": { "uv": [15, 0], "uv_size": [-15, 0] },
                "down": { "uv": [15, 0], "uv_size": [-15, 0] }
              }
            },
            {
              "origin": [-8, 0, 8.5],
              "size": [16, 16, 0],
              "pivot": [0, 8, 0],
              "rotation": [-180, 0, 180],
              "uv": {
                "north": { "uv": [32, 16], "uv_size": [0, 16] },
                "east": { "uv": [0, 0], "uv_size": [0, 16] },
                "south": { "uv": [16, 16], "uv_size": [16, 16] },
                "west": { "uv": [0, 0], "uv_size": [0, 16] },
                "up": { "uv": [15, 0], "uv_size": [-15, 0] },
                "down": { "uv": [15, 0], "uv_size": [-15, 0] }
              }
            },
            {
              "origin": [-8, 0, 8.5],
              "size": [16, 16, 0],
              "pivot": [0, 8, 0],
              "rotation": [90, 0, 0],
              "uv": {
                "north": { "uv": [32, 16], "uv_size": [0, 16] },
                "east": { "uv": [0, 0], "uv_size": [0, 16] },
                "south": { "uv": [16, 16], "uv_size": [16, 16] },
                "west": { "uv": [0, 0], "uv_size": [0, 16] },
                "up": { "uv": [15, 0], "uv_size": [-15, 0] },
                "down": { "uv": [15, 0], "uv_size": [-15, 0] }
              }
            },
            {
              "origin": [-8, 0, 8.5],
              "size": [16, 16, 0],
              "pivot": [0, 8, 0],
              "rotation": [90, 0, -180],
              "uv": {
                "north": { "uv": [32, 16], "uv_size": [0, 16] },
                "east": { "uv": [0, 0], "uv_size": [0, 16] },
                "south": { "uv": [16, 16], "uv_size": [16, 16] },
                "west": { "uv": [0, 0], "uv_size": [0, 16] },
                "up": { "uv": [15, 0], "uv_size": [-15, 0] },
                "down": { "uv": [15, 0], "uv_size": [-15, 0] }
              }
            }
          ]
        },
        {
          "name": "fruit_blossom",
          "parent": "block",
          "pivot": [0, 0, -7.1],
          "cubes": [
            {
              "origin": [-8, 0, 8.5],
              "size": [16, 16, 0],
              "uv": {
                "north": { "uv": [32, 16], "uv_size": [0, 16] },
                "east": { "uv": [0, 0], "uv_size": [0, 16] },
                "south": { "uv": [0, 16], "uv_size": [16, 16] },
                "west": { "uv": [0, 0], "uv_size": [0, 16] },
                "up": { "uv": [15, 0], "uv_size": [-15, 0] },
                "down": { "uv": [15, 0], "uv_size": [-15, 0] }
              }
            },
            {
              "origin": [-8, 0, 8.5],
              "size": [16, 16, 0],
              "pivot": [0, 8, 0],
              "rotation": [0, 90, 0],
              "uv": {
                "north": { "uv": [32, 16], "uv_size": [0, 16] },
                "east": { "uv": [0, 0], "uv_size": [0, 16] },
                "south": { "uv": [0, 16], "uv_size": [16, 16] },
                "west": { "uv": [0, 0], "uv_size": [0, 16] },
                "up": { "uv": [15, 0], "uv_size": [-15, 0] },
                "down": { "uv": [15, 0], "uv_size": [-15, 0] }
              }
            },
            {
              "origin": [-8, 0, 8.5],
              "size": [16, 16, 0],
              "pivot": [0, 8, 0],
              "rotation": [0, -90, 0],
              "uv": {
                "north": { "uv": [32, 16], "uv_size": [0, 16] },
                "east": { "uv": [0, 0], "uv_size": [0, 16] },
                "south": { "uv": [0, 16], "uv_size": [16, 16] },
                "west": { "uv": [0, 0], "uv_size": [0, 16] },
                "up": { "uv": [15, 0], "uv_size": [-15, 0] },
                "down": { "uv": [15, 0], "uv_size": [-15, 0] }
              }
            },
            {
              "origin": [-8, 0, 8.5],
              "size": [16, 16, 0],
              "pivot": [0, 8, 0],
              "rotation": [-180, 0, 180],
              "uv": {
                "north": { "uv": [32, 16], "uv_size": [0, 16] },
                "east": { "uv": [0, 0], "uv_size": [0, 16] },
                "south": { "uv": [0, 16], "uv_size": [16, 16] },
                "west": { "uv": [0, 0], "uv_size": [0, 16] },
                "up": { "uv": [15, 0], "uv_size": [-15, 0] },
                "down": { "uv": [15, 0], "uv_size": [-15, 0] }
              }
            },
            {
              "origin": [-8, 0, 8.5],
              "size": [16, 16, 0],
              "pivot": [0, 8, 0],
              "rotation": [90, 0, 0],
              "uv": {
                "north": { "uv": [32, 16], "uv_size": [0, 16] },
                "east": { "uv": [0, 0], "uv_size": [0, 16] },
                "south": { "uv": [0, 16], "uv_size": [16, 16] },
                "west": { "uv": [0, 0], "uv_size": [0, 16] },
                "up": { "uv": [15, 0], "uv_size": [-15, 0] },
                "down": { "uv": [15, 0], "uv_size": [-15, 0] }
              }
            },
            {
              "origin": [-8, 0, 8.5],
              "size": [16, 16, 0],
              "pivot": [0, 8, 0],
              "rotation": [90, 0, -180],
              "uv": {
                "north": { "uv": [32, 16], "uv_size": [0, 16] },
                "east": { "uv": [0, 0], "uv_size": [0, 16] },
                "south": { "uv": [0, 16], "uv_size": [16, 16] },
                "west": { "uv": [0, 0], "uv_size": [0, 16] },
                "up": { "uv": [15, 0], "uv_size": [-15, 0] },
                "down": { "uv": [15, 0], "uv_size": [-15, 0] }
              }
            }
          ]
        }
      ]
    }
  ]
}
