{
  "format_version": "1.19.0",
  "minecraft:geometry": [
    {
      "description": {
        "identifier": "geometry.pod_farm.palm_leaf",
        "texture_width": 32,
        "texture_height": 32,
        "visible_bounds_width": 2,
        "visible_bounds_height": 2.5,
        "visible_bounds_offset": [0, 0.75, 0]
      },
      "bones": [
        {
          "name": "bone",
          "pivot": [8, 0, -8],
          "cubes": [
            {
              "origin": [-8, 0, -8],
              "size": [16, 8, 16],
              "uv": {
                "north": { "uv": [16, 0], "uv_size": [16, 8] },
                "east": { "uv": [16, 8], "uv_size": [16, 8] },
                "south": { "uv": [16, 0], "uv_size": [16, 8] },
                "west": { "uv": [16, 8], "uv_size": [16, 8] },
                "up": { "uv": [0, 0], "uv_size": [16, 16] },
                "down": { "uv": [0, 32], "uv_size": [16, -16] }
              }
            },
            {
              "origin": [-8, -0.15, -8],
              "size": [16, 8, 16],
              "inflate": -0.1,
              "uv": {
                "north": { "uv": [16, 0], "uv_size": [16, 8] },
                "east": { "uv": [16, 0], "uv_size": [16, 8] },
                "south": { "uv": [16, 0], "uv_size": [16, 8] },
                "west": { "uv": [16, 0], "uv_size": [16, 8] },
                "up": { "uv": [0, 0], "uv_size": [16, 16] },
                "down": { "uv": [0, 32], "uv_size": [16, -16] }
              }
            },
            {
              "origin": [-8, -1.95, -8],
              "size": [16, 2, 16],
              "inflate": -0.1,
              "uv": {
                "north": { "uv": [16, 16], "uv_size": [16, 2] },
                "east": { "uv": [16, 16], "uv_size": [16, 2] },
                "south": { "uv": [16, 16], "uv_size": [16, 2] },
                "west": { "uv": [16, 16], "uv_size": [16, 2] },
                "up": { "uv": [0, 16], "uv_size": [16, 16] },
                "down": { "uv": [0, 32], "uv_size": [16, -16] }
              }
            }
          ]
        }
      ]
    }
  ]
}
