{
  "format_version": "1.20.51",
  "minecraft:item": {
    "description": {
      "identifier": "4ks_wp:4kswp_demonic_helmet",
      "menu_category": {
        "category": "equipment",
        "group": "itemGroup.name.helmet"
      }
    },
    "components": {
      "minecraft:tags": {
        "tags": [
          "minecraft:trimmable_armors"
        ]
      },
      "minecraft:enchantable": {
        "value": 10,
        "slot": "armor_head"
      },
      "minecraft:wearable": {
        "dispensable": true,
        "slot": "slot.armor.head",
        "protection": 5
      },
      "minecraft:icon": {
        "texture": "4kswp_demonic_helmet"
      },
      "minecraft:display_name": {
        "value": "item.4ks_wp:demonic_helmet.name"
      },
      "minecraft:max_stack_size": 1,
      "minecraft:durability": {
        "damage_chance": {
          "min": 100,
          "max": 100
        },
        "max_durability": 700
      },
      "minecraft:repairable": {
        "repair_items": [
          {
            "items": [
              "4ks_wp:demonic_shard"
            ],
            "repair_amount": "q.max_durability"
          }
        ]
      }
    }
  }
}