{
  "format_version": "1.20.81",
  "render_controllers": {
    "controller.render.pod_farm.default_no_color": {
      "geometry": "Geometry.default",
      "textures": ["Texture.default"],
      "materials": [{ "*": "Material.default" }],
      "on_fire_color": {},
      "is_hurt_color": {}
    },
    "controller.render.pod_farm.default_no_lighting": {
      "geometry": "Geometry.default",
      "textures": ["Texture.default"],
      "materials": [{ "*": "Material.default" }],
      "on_fire_color": {},
      "is_hurt_color": {},
      "ignore_lighting": true
    },
    "controller.render.pod_farm.mix_color": {
      "geometry": "Geometry.default",
      "textures": ["Texture.default"],
      "materials": [{ "*": "Material.default" }],
      "overlay_color": {
        "r": "q.property('pod_farm:red')/255",
        "g": "q.property('pod_farm:green')/255",
        "b": "q.property('pod_farm:blue')/255",
        "a": 0.75
      },
      "on_fire_color": {},
      "is_hurt_color": {}
    }
  }
}
