{
  "format_version": "1.8.0",
  "render_controllers": {
    "controller.render.2_growth_stages.pod_farm": {
      "geometry": "Geometry.default",
      "materials": [
        {
          "*": "Material.default"
        }
      ],
      "textures": ["Texture.default"],
      "uv_anim": {
        "offset": [0.0, "query.property('pod_farm:growth') / 2"],
        "scale": [1.0, "1 / 2"]
      }
    },
    "controller.render.3_growth_stages.pod_farm": {
      "geometry": "Geometry.default",
      "materials": [
        {
          "*": "Material.default"
        }
      ],
      "textures": ["Texture.default"],
      "uv_anim": {
        "offset": [0.0, "query.property('pod_farm:growth') / 3"],
        "scale": [1.0, "1 / 3"]
      }
    },
    "controller.render.4_growth_stages.pod_farm": {
      "geometry": "Geometry.default",
      "materials": [
        {
          "*": "Material.default"
        }
      ],
      "textures": ["Texture.default"],
      "uv_anim": {
        "offset": [0.0, "query.property('pod_farm:growth') / 4"],
        "scale": [1.0, "1 / 4"]
      }
    },
    "controller.render.5_growth_stages.pod_farm": {
      "geometry": "Geometry.default",
      "materials": [
        {
          "*": "Material.default"
        }
      ],
      "textures": ["Texture.default"],
      "uv_anim": {
        "offset": [0.0, "query.property('pod_farm:growth') / 5"],
        "scale": [1.0, "1 / 5"]
      }
    },
    "controller.render.7_growth_stages.pod_farm": {
      "geometry": "Geometry.default",
      "materials": [
        {
          "*": "Material.default"
        }
      ],
      "textures": ["Texture.default"],
      "uv_anim": {
        "offset": [0.0, "query.property('pod_farm:growth') / 7"],
        "scale": [1.0, "1 / 7"]
      }
    }
  }
}
