{
  "format_version": "1.20.51",
  "minecraft:item": {
    "description": {
      "identifier": "4ks_wp:emerald_pickaxe",
      "menu_category": {
        "category": "equipment",
        "group": "itemGroup.name.pickaxe"
      }
    },
    "components": {
      "minecraft:enchantable": {
        "value": 10,
        "slot": "pickaxe"
      },
      "minecraft:icon": {
        "texture": "4ks_wp:emerald_pickaxe"
      },
      "minecraft:hand_equipped": true,
      "minecraft:display_name": {
        "value": "item.4ks_wp:emerald_pickaxe.name"
      },
      "minecraft:max_stack_size": 1,
      "minecraft:durability": {
        "damage_chance": {
          "min": 100,
          "max": 100
        },
        "max_durability": 1050
      },
      "minecraft:repairable": {
        "repair_items": [
          {
            "items": [
              "minecraft:emerald"
            ],
            "repair_amount": "q.max_durability"
          }
        ]
      },
      "minecraft:digger": {
        "use_efficiency": true,
        "destroy_speeds": [
          {
            "block": "minecraft:obsidian",
            "speed": 0
          },
          {
            "block": {
              "tags": "q.any_tag('4ks_wp_custom_block', 'stone', 'metal', 'diamond_pick_diggable', 'mob_spawner')"
            },
            "speed": 8
          },
          {
            "block": "minecraft:nether_brick",
            "speed": 8
          },
          {
            "block": "minecraft:respawn_anchor",
            "speed": 8
          },
          {
            "block": "minecraft:netherite_block",
            "speed": 8
          },
          {
            "block": "minecraft:ancient_debris",
            "speed": 8
          },
          {
            "block": "minecraft:ender_chest",
            "speed": 8
          },
          {
            "block": "minecraft:anvil",
            "speed": 8
          },
          {
            "block": "minecraft:bell",
            "speed": 8
          },
          {
            "block": "minecraft:coal_block",
            "speed": 8
          },
          {
            "block": "minecraft:diamond_block",
            "speed": 8
          },
          {
            "block": "minecraft:emerald_block",
            "speed": 8
          },
          {
            "block": "minecraft:iron_block",
            "speed": 8
          },
          {
            "block": "minecraft:redstone_block",
            "speed": 8
          },
          {"block": "minecraft:chain","speed": 8},
{"block": "minecraft:crafter", "speed": 8},
{"block": "minecraft:copper_bulb", "speed": 8},
{"block": "minecraft:copper_grate", "speed": 8},
{"block": "minecraft:chiseled_copper", "speed": 8},
{"block": "minecraft:copper_door", "speed": 8},
{"block": "minecraft:copper_trapdoor", "speed": 8},
{"block": "minecraft:exposed_copper_bulb", "speed": 8},
{"block": "minecraft:exposed_copper_grate", "speed": 8},
{"block": "minecraft:exposed_chiseled_copper", "speed": 8},
{"block": "minecraft:exposed_copper_door", "speed": 8},
{"block": "minecraft:exposed_copper_trapdoor", "speed": 8},
{"block": "minecraft:waxed_copper_bulb", "speed": 8},
{"block": "minecraft:waxed_copper_grate", "speed": 8},
{"block": "minecraft:waxed_chiseled_copper", "speed": 8},
{"block": "minecraft:waxed_copper_door", "speed": 8},
{"block": "minecraft:waxed_copper_trapdoor", "speed": 8},
{"block": "minecraft:oxidized_copper_bulb", "speed": 8},
{"block": "minecraft:oxidized_copper_grate", "speed": 8},
{"block": "minecraft:oxidized_chiseled_copper", "speed": 8},
{"block": "minecraft:oxidized_copper_door", "speed": 8},
{"block": "minecraft:oxidized_copper_trapdoor", "speed": 8},
{"block": "minecraft:weathered_copper_bulb", "speed": 8},
{"block": "minecraft:weathered_copper_grate", "speed": 8},
{"block": "minecraft:weathered_chiseled_copper", "speed": 8},
{"block": "minecraft:weathered_copper_door", "speed": 8},
{"block": "minecraft:weathered_copper_trapdoor", "speed": 8},
{"block": "minecraft:waxed_oxidized_copper_bulb", "speed": 8},
{"block": "minecraft:waxed_oxidized_copper_grate", "speed": 8},
{"block": "minecraft:waxed_oxidized_chiseled_copper", "speed": 8},
{"block": "minecraft:waxed_oxidized_copper_door", "speed": 8},
{"block": "minecraft:waxed_oxidized_copper_trapdoor", "speed": 8},
{"block": "minecraft:waxed_weathered_copper_bulb", "speed": 8},
{"block": "minecraft:waxed_weathered_copper_grate", "speed": 8},
{"block": "minecraft:waxed_weathered_chiseled_copper", "speed": 8},
{"block": "minecraft:waxed_weathered_copper_door", "speed": 8},
{"block": "minecraft:waxed_weathered_copper_trapdoor", "speed": 8},
{"block": "minecraft:tuff_brick_double_slab", "speed": 8},
{"block": "minecraft:tuff_brick_slab", "speed": 8},
{"block": "minecraft:tuff_brick_stairs", "speed": 8},
{"block": "minecraft:tuff_brick_wall", "speed": 8},
{"block": "minecraft:tuff_bricks", "speed": 8},
{"block": "minecraft:tuff_double_slab", "speed": 8},
{"block": "minecraft:tuff_slab", "speed": 8},
{"block": "minecraft:tuff_stairs", "speed": 8},
{"block": "minecraft:tuff_wall", "speed": 8},
{"block": "minecraft:chiseled_tuff", "speed": 8},
{"block": "minecraft:chiseled_tuff_bricks", "speed": 8},
{"block": "minecraft:polished_tuff", "speed": 8},
{"block": "minecraft:polished_tuff_double_slab", "speed": 8},
{"block": "minecraft:polished_tuff_slab", "speed": 8},
{"block": "minecraft:polished_tuff_stairs", "speed": 8},
{"block": "minecraft:polished_tuff_wall", "speed": 8},
{"block": "minecraft:black_shulker_box", "speed": 8},
{"block": "minecraft:blue_shulker_box", "speed": 8},
{"block": "minecraft:brown_shulker_box", "speed": 8},
{"block": "minecraft:cyan_shulker_box", "speed": 8},
{"block": "minecraft:gray_shulker_box", "speed": 8},
{"block": "minecraft:green_shulker_box", "speed": 8},
{"block": "minecraft:light_blue_shulker_box", "speed": 8},
{"block": "minecraft:light_gray_shulker_box", "speed": 8},
{"block": "minecraft:lime_shulker_box", "speed": 8},
{"block": "minecraft:magenta_shulker_box", "speed": 8},
{"block": "minecraft:orange_shulker_box", "speed": 8},
{"block": "minecraft:pink_shulker_box", "speed": 8},
{"block": "minecraft:purple_shulker_box", "speed": 8},
{"block": "minecraft:red_shulker_box", "speed": 8},
{"block": "minecraft:white_shulker_box", "speed": 8},
{"block": "minecraft:yellow_shulker_box", "speed": 8},
          {
            "block": "minecraft:enchanting_table",
            "speed": 8
          },
          {
            "block": "minecraft:iron_bars",
            "speed": 8
          },
          {
            "block": "minecraft:iron_door",
            "speed": 8
          },
          {
            "block": "minecraft:iron_trapdoor",
            "speed": 8
          },
          {
            "block": "minecraft:mob_spawner",
            "speed": 8
          },
          {
            "block": "minecraft:blast_furnace",
            "speed": 8
          },
          {
            "block": "minecraft:cobbled_deepslate",
            "speed": 8
          },
          {
            "block": "minecraft:deepslate_lapis_ore",
            "speed": 8
          },
          {
            "block": "copper_ore",
            "speed": 8
          },
          {
            "block": "deepslate",
            "speed": 8
          },
          {
            "block": "minecraft:cobbled_deepslate_slab",
            "speed": 8
          },
          {
            "block": "minecraft:cobbled_deepslate_stairs",
            "speed": 8
          },
          {
            "block": "minecraft:cobbled_deepslate_wall",
            "speed": 8
          },
          {
            "block": "minecraft:chiseled_deepslate",
            "speed": 8
          },
          {
            "block": "minecraft:polished_deepslate",
            "speed": 8
          },
          {
            "block": "minecraft:polished_deepslate_slab",
            "speed": 8
          },
          {
            "block": "minecraft:polished_deepslate_stairs",
            "speed": 8
          },
          {
            "block": "minecraft:polished_deepslate_wall",
            "speed": 8
          },
          {
            "block": "minecraft:dispenser",
            "speed": 8
          },
          {
            "block": "minecraft:dropper",
            "speed": 8
          },
          {
            "block": "minecraft:furnace",
            "speed": 8
          },
          {
            "block": "minecraft:lantern",
            "speed": 8
          },
          {
            "block": "minecraft:lodestone",
            "speed": 8
          },
          {
            "block": "minecraft:smoker",
            "speed": 8
          },
          {
            "block": "minecraft:stonecutter_block",
            "speed": 8
          },
          {
            "block": "minecraft:conduit",
            "speed": 8
          },
          {
            "block": "minecraft:gold_block",
            "speed": 8
          },
          {
            "block": "minecraft:lapis_block",
            "speed": 8
          },
          {
            "block": "minecraft:copper_block",
            "speed": 8
          },
          {
            "block": "minecraft:cut_copper",
            "speed": 8
          },
          {
            "block": "minecraft:cut_copper_slab",
            "speed": 8
          },
          {
            "block": "minecraft:cut_copper_stairs",
            "speed": 8
          },
          {
            "block": "minecraft:exposed_cut_copper",
            "speed": 8
          },
          {
            "block": "minecraft:exposed_cut_copper_slab",
            "speed": 8
          },
          {
            "block": "minecraft:exposed_cut_copper_stairs",
            "speed": 8
          },
          {
            "block": "minecraft:oxidized_cut_copper",
            "speed": 8
          },
          {
            "block": "minecraft:oxidized_cut_copper_slab",
            "speed": 8
          },
          {
            "block": "minecraft:oxidized_cut_copper_stairs",
            "speed": 8
          },
          {
            "block": "minecraft:weathered_cut_copper",
            "speed": 8
          },
          {
            "block": "minecraft:weathered_cut_copper_slab",
            "speed": 8
          },
          {
            "block": "minecraft:weathered_cut_copper_stairs",
            "speed": 8
          },
          {
            "block": "minecraft:waxed_cut_copper",
            "speed": 8
          },
          {
            "block": "minecraft:waxed_cut_copper_slab",
            "speed": 8
          },
          {
            "block": "minecraft:waxed_cut_copper_stairs",
            "speed": 8
          },
          {
            "block": "minecraft:waxed_exposed_cut_copper",
            "speed": 8
          },
          {
            "block": "minecraft:waxed_exposed_cut_copper_slab",
            "speed": 8
          },
          {
            "block": "minecraft:waxed_exposed_cut_copper_stairs",
            "speed": 8
          },
          {
            "block": "minecraft:waxed_oxidized_cut_copper",
            "speed": 8
          },
          {
            "block": "minecraft:waxed_oxidized_cut_copper_slab",
            "speed": 8
          },
          {
            "block": "minecraft:waxed_oxidized_cut_copper_stairs",
            "speed": 8
          },
          {
            "block": "minecraft:waxed_cut_copper",
            "speed": 8
          },
          {
            "block": "minecraft:waxed_cut_copper_slab",
            "speed": 8
          },
          {
            "block": "minecraft:waxed_cut_copper_stairs",
            "speed": 8
          },
          {
            "block": "minecraft:dragon_egg",
            "speed": 8
          },
          {
            "block": "minecraft:hopper",
            "speed": 8
          },
          {
            "block": "minecraft:lightning_rod",
            "speed": 8
          },
          {
            "block": "minecraft:observer",
            "speed": 8
          },
          {
            "block": "minecraft:blue_ice",
            "speed": 8
          },
          {
            "block": "minecraft:grindstone",
            "speed": 8
          },
          {
            "block": "minecraft:cauldron",
            "speed": 8
          },
          {
            "block": "minecraft:cobblestone_wall",
            "speed": 8
          },
          {
            "block": "minecraft:mossy_cobblestone_stairs",
            "speed": 8
          },
          {
            "block": "minecraft:smooth_stone",
            "speed": 8
          },
          {
            "block": "minecraft:shulker_box",
            "speed": 8
          },
          {
            "block": "minecraft:dark_prismarine_stairs",
            "speed": 8
          },
          {
            "block": "minecraft:dripstone_block",
            "speed": 8
          },
          {
            "block": "minecraft:pointed_dripstone",
            "speed": 8
          },
          {
            "block": "minecraft:tuff",
            "speed": 8
          },
          {
            "block": "minecraft:amethyst_block",
            "speed": 8
          },
          {
            "block": "minecraft:amethyst_cluster",
            "speed": 8
          },
          {
            "block": "minecraft:large_amethyst_bud",
            "speed": 8
          },
          {
            "block": "minecraft:medium_amethyst_bud",
            "speed": 8
          },
          {
            "block": "minecraft:small_amethyst_bud",
            "speed": 8
          },
          {
            "block": "minecraft:basalt",
            "speed": 8
          },
          {
            "block": "minecraft:polished_basalt",
            "speed": 8
          },
          {
            "block": "minecraft:smooth_basalt",
            "speed": 8
          },
          {
            "block": "minecraft:mud_brick_slab",
            "speed": 8
          },
          {
            "block": "minecraft:mud_brick_stairs",
            "speed": 8
          },
          {
            "block": "minecraft:mud_brick_wall",
            "speed": 8
          },
          {
            "block": "minecraft:mud_bricks",
            "speed": 8
          },
          {
            "block": "minecraft:packed_mud",
            "speed": 8
          },
          {
            "block": "minecraft:quartz_block",
            "speed": 8
          },
          {
            "block": "minecraft:quartz_bricks",
            "speed": 8
          },
          {
            "block": "minecraft:quartz_stairs",
            "speed": 8
          },
          {
            "block": "minecraft:smooth_quartz_stairs",
            "speed": 8
          },
          {
            "block": "minecraft:sandstone",
            "speed": 8
          },
          {
            "block": "minecraft:sandstone_stairs",
            "speed": 8
          },
          {
            "block": "minecraft:red_sandstone",
            "speed": 8
          },
          {
            "block": "minecraft:red_sandstone_stairs",
            "speed": 8
          },
          {
            "block": "minecraft:smooth_sandstone_stairs",
            "speed": 8
          },
          {
            "block": "minecraft:smooth_red_sandstone_stairs",
            "speed": 8
          },
          {
            "block": "minecraft:calcite",
            "speed": 8
          },
          {
            "block": "minecraft:rail",
            "speed": 8
          },
          {
            "block": "minecraft:activator_rail",
            "speed": 8
          },
          {
            "block": "minecraft:detector_rail",
            "speed": 8
          },
          {
            "block": "minecraft:golden_rail",
            "speed": 8
          },
          {
            "block": "minecraft:brewing_stand",
            "speed": 8
          },
          {
            "block": "minecraft:magma",
            "speed": 8
          },
          {
            "block": "minecraft:crimson_nylium",
            "speed": 8
          },
          {
            "block": "minecraft:warped_nylium",
            "speed": 8
          },
          {
            "block": "minecraft:nether_brick_stairs",
            "speed": 8
          },
          {
            "block": "minecraft:netherite_block",
            "speed": 8
          },
          {
            "block": "minecraft:netherrack",
            "speed": 8
          },
          {
            "block": "minecraft:nether_gold_ore",
            "speed": 8
          },
          {
            "block": "minecraft:end_stone",
            "speed": 8
          },
          {
            "block": "minecraft:end_bricks",
            "speed": 8
          },
          {
            "block": "minecraft:end_brick_stairs",
            "speed": 8
          },
          {
            "block": "minecraft:quartz_ore",
            "speed": 8
          },
          {
            "block": "minecraft:blackstone",
            "speed": 8
          },
          {
            "block": "minecraft:blackstone_double_slab",
            "speed": 8
          },
          {
            "block": "minecraft:blackstone_slab",
            "speed": 8
          },
          {
            "block": "minecraft:blackstone_stairs",
            "speed": 8
          },
          {
            "block": "minecraft:blackstone_wall",
            "speed": 8
          },
          {
            "block": "minecraft:chiseled_polished_blackstone",
            "speed": 8
          },
          {
            "block": "minecraft:cracked_polished_blackstone_bricks",
            "speed": 8
          },
          {
            "block": "minecraft:gilded_blackstone",
            "speed": 8
          },
          {
            "block": "minecraft:polished_blackstone",
            "speed": 8
          },
          {
            "block": "minecraft:polished_blackstone_brick_double_slab",
            "speed": 8
          },
          {
            "block": "minecraft:polished_blackstone_brick_slab",
            "speed": 8
          },
          {
            "block": "minecraft:polished_blackstone_brick_stairs",
            "speed": 8
          },
          {
            "block": "minecraft:polished_blackstone_brick_wall",
            "speed": 8
          },
          {
            "block": "minecraft:polished_blackstone_bricks",
            "speed": 8
          },
          {
            "block": "minecraft:polished_blackstone_button",
            "speed": 8
          },
          {
            "block": "minecraft:polished_blackstone_double_slab",
            "speed": 8
          },
          {
            "block": "minecraft:polished_blackstone_pressure_plate",
            "speed": 8
          },
          {
            "block": "minecraft:polished_blackstone_slab",
            "speed": 8
          },
          {
            "block": "minecraft:polished_blackstone_stairs",
            "speed": 8
          },
          {
            "block": "minecraft:polished_blackstone_wall",
            "speed": 8
          },
          {
            "block": "minecraft:magma",
            "speed": 8
          },
          {
            "block": "minecraft:basalt",
            "speed": 8
          },
          {
            "block": "minecraft:polished_basalt",
            "speed": 8
          },
          {
            "block": "minecraft:smooth_basalt",
            "speed": 8
          },
          {
            "block": "minecraft:purpur_block",
            "speed": 8
          },
          {
            "block": "minecraft:purpur_stairs",
            "speed": 8
          }
        ]
      }
    }
  }
}