{
  "format_version": "1.20.51",
  "minecraft:item": {
    "description": {
      "identifier": "4ks_wp:glowstone_sword_special",
      "menu_category": {
        "category": "equipment",
        "group": "itemGroup.name.sword"
      }
    },
    "components": {
      "minecraft:enchantable": {
        "value": 10,
        "slot": "sword"
      },
      "minecraft:icon": {
        "texture": "4ks_wp:glowstone_sword_special"
      },
      "minecraft:hand_equipped": true,
      "minecraft:display_name": {
        "value": "item.4ks_wp:glowstone_sword_special.name"
      },
      
      "minecraft:max_stack_size": 1,
      "minecraft:durability": {
        "damage_chance": {
          "min": 100,
          "max": 100
        },
        "max_durability": 3000
      }
    }
  }
}