{
  "format_version": "1.10.0",
  "animations": {
    "animation.4ks_wp.misc.fix_face.direction_north": {
      "timeline": {
        "0.0": "/tp ~ ~+0.01 ~ 180 ~",
        "0.2": "/tp ~ ~-0.01 ~"
      },
      "animation_length": 0.4
    },
    "animation.4ks_wp.misc.fix_face.direction_west": {
      "timeline": {
        "0.0": "/tp ~ ~+0.01 ~ 90 ~",
        "0.2": "/tp ~ ~-0.01 ~"
      },
      "animation_length": 0.4
    },
    "animation.4ks_wp.misc.fix_face.direction_south": {
      "timeline": {
        "0.0": "/tp ~ ~+0.01 ~ 0 ~",
        "0.2": "/tp ~ ~-0.01 ~"
      },
      "animation_length": 0.4
    },
    "animation.4ks_wp.misc.fix_face.direction_east": {
      "timeline": {
        "0.0": "/tp ~ ~+0.01 ~ -90 ~",
        "0.2": "/tp ~ ~-0.01 ~"
      },
      "animation_length": 0.4
    }
  }
}