{
  "format_version": "1.21.20",
  "minecraft:block": {
    "description": {
      "identifier": "pod_farm:lemon_tree_sapling",
      "menu_category": {
        "category": "none"
      }
    },
    "components": {
      "tag:pod_farm:compostable": {},
      "tag:pod_farm:sapling": {},
      "tag:pod_farm:break_on_piston_impact": {},
      "minecraft:geometry": {
        "identifier": "geometry.pod_farm.bush"
      },
      "minecraft:material_instances": {
        "*": {
          "texture": "pod_farm:lemon_tree_sapling",
          "render_method": "alpha_test"
        }
      },
      "minecraft:selection_box": {
        "origin": [-6, 0, -6],
        "size": [12, 12, 12]
      },
      "minecraft:collision_box": false,
      "minecraft:destructible_by_mining": {
        "seconds_to_destroy": 0
      },
      "minecraft:placement_filter": {
        "conditions": [
          {
            "allowed_faces": ["up"],
            "block_filter": [
              "minecraft:grass_block",
              "minecraft:dirt",
              "minecraft:podzol",
              "minecraft:farmland"
            ]
          }
        ]
      },
      "minecraft:loot": "loot_tables/pod_farm_saplings/lemon.json",
      "minecraft:custom_components": [
        "pod_farm:sapling_grow",
        "pod_farm:sapling_bone_meal"
      ]
    }
  }
}
