{
  "format_version": "1.13.0",
  "minecraft:entity": {
    "description": {
      "identifier": "pod_farm:coconut",
      "is_spawnable": false,
      "is_summonable": false,
      "is_experimental": false
    },
    "component_groups": {
      "pod_farm:break": {
        "minecraft:spawn_entity": {
          "entities": [
            {
              "single_use": true,
              "min_wait_time": 0,
              "max_wait_time": 0,
              "num_to_spawn": 2,
              "spawn_item": "pod_farm:cracked_coconut"
            }
          ]
        },
        "minecraft:instant_despawn": {}
      },
      "pod_farm:despawn": {
        "minecraft:instant_despawn": {}
      }
    },
    "components": {
      "minecraft:knockback_resistance": {
        "value": 1
      },
      "minecraft:type_family": {
        "family": ["pod_farm_crop"]
      },
      "minecraft:despawn": {
        "despawn_from_chance": true,
        "despawn_from_distance": {
          "min_distance": 32,
          "max_distance": 64
        },
        "despawn_from_simulation_edge": true,
        "min_range_random_chance": 800,
        "remove_child_entities": false
      },
      "minecraft:collision_box": {
        "width": 0,
        "height": 0
      },
      "minecraft:custom_hit_test": {
        "hitboxes": [
          {
            "width": 0.45,
            "height": 0.45,
            "pivot": [0, 0.225, 0]
          }
        ]
      },
      "minecraft:physics": {
        "has_gravity": true,
        "has_collision": true
      },
      "minecraft:damage_sensor": {
        "triggers": [
          {
            "on_damage": {
              "filters": [
                {
                  "any_of": [
                    {
                      "test": "is_family",
                      "subject": "damager",
                      "value": "pod_farm_crow"
                    },
                    {
                      "all_of": [
                        {
                          "test": "has_damage",
                          "value": "attack"
                        },
                        {
                          "test": "has_damage",
                          "operator": "!=",
                          "value": "projectile"
                        },
                        {
                          "test": "is_family",
                          "subject": "other",
                          "value": "player"
                        }
                      ]
                    }
                  ]
                }
              ],
              "target": "self",
              "event": "pod_farm:break"
            },
            "deals_damage": false
          },
          {
            "deals_damage": false
          }
        ]
      }
    },
    "events": {
      "pod_farm:break": {
        "add": {
          "component_groups": ["pod_farm:break"]
        }
      },
      "pod_farm:despawn": {
        "add": {
          "component_groups": ["pod_farm:despawn"]
        }
      }
    }
  }
}
