{
  "format_version": "1.20.10",
  "minecraft:entity": {
    "description": {
      "identifier": "pod_farm:vanilla",
      "is_spawnable": false,
      "is_summonable": false,
      "is_experimental": false,
      "properties": {
        "pod_farm:effects": {
          "client_sync": true,
          "values": ["none", "bone_meal", "break", "place"],
          "default": "none",
          "type": "enum"
        },
        "pod_farm:growth": {
          "client_sync": true,
          "type": "int",
          "default": 0,
          "range": [0, 6]
        }
      },
      "animations": {
        "effects": "controller.animation.pod_farm.effects"
      },
      "scripts": {
        "animate": ["effects"]
      }
    },
    "component_groups": {
      "pod_farm:make_persistent": {
        "minecraft:persistent": {},
        "minecraft:despawn": {
          "despawn_from_chance": false,
          "despawn_from_distance": {},
          "despawn_from_inactivity": false,
          "despawn_from_simulation_edge": false,
          "min_range_inactivity_timer": 30,
          "min_range_random_chance": 800,
          "remove_child_entities": false
        }
      },
      "pod_farm:despawn": {
        "minecraft:instant_despawn": {}
      },
      "pod_farm:break": {
        "minecraft:spawn_entity": {
          "entities": [
            {
              "single_use": true,
              "min_wait_time": 0,
              "max_wait_time": 0,
              "spawn_item": "pod_farm:vanilla_seeds"
            }
          ]
        }
      },
      "pod_farm:break_and_drop": {
        "minecraft:spawn_entity": {
          "entities": [
            {
              "single_use": true,
              "min_wait_time": 0,
              "max_wait_time": 0,
              "num_to_spawn": 2,
              "spawn_item": "pod_farm:vanilla_seeds"
            },
            {
              "single_use": true,
              "min_wait_time": 0,
              "max_wait_time": 0,
              "spawn_item": "pod_farm:vanilla"
            }
          ]
        }
      },
      "pod_farm:drop": {
        "minecraft:spawn_entity": {
          "entities": [
            {
              "single_use": true,
              "min_wait_time": 0,
              "max_wait_time": 0,
              "spawn_item": "pod_farm:vanilla"
            }
          ]
        }
      },
      "growth_collision_stage_0": {
        "minecraft:custom_hit_test": {
          "hitboxes": [
            {
              "width": 1,
              "height": 0.2,
              "pivot": [0, 0.1, 0]
            }
          ]
        }
      },
      "growth_collision_stage_1": {
        "minecraft:custom_hit_test": {
          "hitboxes": [
            {
              "width": 1,
              "height": 0.5,
              "pivot": [0, 0.25, 0]
            }
          ]
        }
      },
      "growth_collision_stage_2": {
        "minecraft:custom_hit_test": {
          "hitboxes": [
            {
              "width": 1,
              "height": 0.7,
              "pivot": [0, 0.35, 0]
            }
          ]
        }
      },
      "growth_collision_stage_3": {
        "minecraft:custom_hit_test": {
          "hitboxes": [
            {
              "width": 1,
              "height": 1.1,
              "pivot": [0, 0.55, 0]
            }
          ]
        }
      },
      "growth_collision_stage_4": {
        "minecraft:custom_hit_test": {
          "hitboxes": [
            {
              "width": 1,
              "height": 1.1,
              "pivot": [0, 0.7, 0]
            }
          ]
        }
      },
      "growth_collision_stage_5": {
        "minecraft:custom_hit_test": {
          "hitboxes": [
            {
              "width": 1,
              "height": 1.7,
              "pivot": [0, 0.85, 0]
            }
          ]
        }
      },
      "growth_collision_stage_6": {
        "minecraft:custom_hit_test": {
          "hitboxes": [
            {
              "width": 1,
              "height": 1.8,
              "pivot": [0, 0.9, 0]
            }
          ]
        }
      }
    },
    "components": {
      "minecraft:knockback_resistance": {
        "value": 1
      },
      "minecraft:pushable": {
        "is_pushable": false,
        "is_pushable_by_piston": false
      },
      "minecraft:push_through": {
        "value": 1
      },
      "minecraft:type_family": {
        "family": ["pod_farm_crop"]
      },
      "minecraft:despawn": {
        "despawn_from_chance": true,
        "despawn_from_distance": {
          "min_distance": 32,
          "max_distance": 64
        },
        "despawn_from_simulation_edge": true,
        "min_range_random_chance": 800,
        "remove_child_entities": false
      },
      "minecraft:collision_box": {
        "width": 0,
        "height": 0
      },
      "minecraft:custom_hit_test": {
        "hitboxes": [
          {
            "width": 1,
            "height": 0.2,
            "pivot": [0, 0.1, 0]
          }
        ]
      },
      "minecraft:physics": {
        "has_gravity": false,
        "has_collision": false
      },
      "minecraft:damage_sensor": {
        "triggers": [
          {
            "on_damage": {
              "filters": [
                {
                  "any_of": [
                    {
                      "test": "is_family",
                      "subject": "damager",
                      "value": "pod_farm_crow"
                    },
                    {
                      "all_of": [
                        {
                          "test": "has_damage",
                          "value": "attack"
                        },
                        {
                          "test": "has_damage",
                          "operator": "!=",
                          "value": "projectile"
                        },
                        {
                          "test": "is_family",
                          "subject": "other",
                          "value": "player"
                        }
                      ]
                    }
                  ]
                }
              ],
              "target": "self",
              "event": "pod_farm:break"
            },
            "deals_damage": false
          },
          {
            "cause": "all",
            "deals_damage": false
          }
        ]
      }
    },
    "events": {
      "minecraft:entity_spawned": {
        "set_property": {
          "pod_farm:effects": "place"
        },
        "add": {
          "component_groups": ["pod_farm:make_persistent"]
        }
      },
      "pod_farm:drop": {
        "sequence": [
          {
            "filters": {
              "test": "int_property",
              "domain": "pod_farm:growth",
              "value": 6
            },
            "set_property": {
              "pod_farm:growth": 3
            },
            "add": {
              "component_groups": ["pod_farm:drop"]
            }
          }
        ]
      },
      "pod_farm:break": {
        "sequence": [
          {
            "filters": [
              {
                "test": "int_property",
                "domain": "pod_farm:growth",
                "operator": "<",
                "value": 6
              },
              {
                "test": "enum_property",
                "domain": "pod_farm:effects",
                "operator": "!=",
                "value": "break"
              }
            ],
            "add": {
              "component_groups": ["pod_farm:break"]
            }
          },
          {
            "filters": [
              {
                "test": "int_property",
                "domain": "pod_farm:growth",
                "value": 6
              },
              {
                "test": "enum_property",
                "domain": "pod_farm:effects",
                "operator": "!=",
                "value": "break"
              }
            ],
            "add": {
              "component_groups": ["pod_farm:break_and_drop"]
            }
          },
          {
            "set_property": {
              "pod_farm:effects": "break"
            }
          }
        ]
      },
      "pod_farm:bone_mealed": {
        "sequence": [
          {
            "set_property": {
              "pod_farm:effects": "bone_meal"
            }
          },
          {
            "set_property": {
              "pod_farm:growth": "math.min(6, q.property('pod_farm:growth')+math.random(1,4))"
            }
          }
        ]
      },
      "pod_farm:reset_effect": {
        "set_property": {
          "pod_farm:effects": "none"
        }
      },
      "pod_farm:grow": {
        "sequence": [
          {
            "filters": [
              {
                "test": "light_level",
                "operator": "!=",
                "value": 0
              },
              {
                "test": "int_property",
                "domain": "pod_farm:growth",
                "operator": "<",
                "value": 6
              }
            ],
            "set_property": {
              "pod_farm:growth": "query.property('pod_farm:growth') + 1"
            }
          },
          {
            "filters": {
              "test": "light_level",
              "value": 0
            },
            "trigger": "pod_farm:break"
          }
        ]
      },
      "pod_farm:despawn": {
        "add": {
          "component_groups": ["pod_farm:despawn"]
        }
      },
      "pod_farm:update_hit_test": {
        "sequence": [
          {
            "filters": {
              "test": "int_property",
              "domain": "pod_farm:growth",
              "value": 0
            },
            "remove": {
              "component_groups": [
                "growth_collision_stage_1",
                "growth_collision_stage_2",
                "growth_collision_stage_3",
                "growth_collision_stage_4",
                "growth_collision_stage_5",
                "growth_collision_stage_6"
              ]
            },
            "add": {
              "component_groups": ["growth_collision_stage_0"]
            }
          },
          {
            "filters": {
              "test": "int_property",
              "domain": "pod_farm:growth",
              "value": 1
            },
            "remove": {
              "component_groups": [
                "growth_collision_stage_0",
                "growth_collision_stage_2",
                "growth_collision_stage_3",
                "growth_collision_stage_4",
                "growth_collision_stage_5",
                "growth_collision_stage_6"
              ]
            },
            "add": {
              "component_groups": ["growth_collision_stage_1"]
            }
          },
          {
            "filters": {
              "test": "int_property",
              "domain": "pod_farm:growth",
              "value": 2
            },
            "remove": {
              "component_groups": [
                "growth_collision_stage_0",
                "growth_collision_stage_1",
                "growth_collision_stage_3",
                "growth_collision_stage_4",
                "growth_collision_stage_5",
                "growth_collision_stage_6"
              ]
            },
            "add": {
              "component_groups": ["growth_collision_stage_2"]
            }
          },
          {
            "filters": {
              "test": "int_property",
              "domain": "pod_farm:growth",
              "value": 3
            },
            "remove": {
              "component_groups": [
                "growth_collision_stage_0",
                "growth_collision_stage_1",
                "growth_collision_stage_2",
                "growth_collision_stage_4",
                "growth_collision_stage_5",
                "growth_collision_stage_6"
              ]
            },
            "add": {
              "component_groups": ["growth_collision_stage_3"]
            }
          },
          {
            "filters": {
              "test": "int_property",
              "domain": "pod_farm:growth",
              "value": 4
            },
            "remove": {
              "component_groups": [
                "growth_collision_stage_0",
                "growth_collision_stage_1",
                "growth_collision_stage_2",
                "growth_collision_stage_3",
                "growth_collision_stage_5",
                "growth_collision_stage_6"
              ]
            },
            "add": {
              "component_groups": ["growth_collision_stage_4"]
            }
          },
          {
            "filters": {
              "test": "int_property",
              "domain": "pod_farm:growth",
              "value": 5
            },
            "remove": {
              "component_groups": [
                "growth_collision_stage_0",
                "growth_collision_stage_1",
                "growth_collision_stage_2",
                "growth_collision_stage_3",
                "growth_collision_stage_4",
                "growth_collision_stage_6"
              ]
            },
            "add": {
              "component_groups": ["growth_collision_stage_5"]
            }
          },
          {
            "filters": {
              "test": "int_property",
              "domain": "pod_farm:growth",
              "value": 6
            },
            "remove": {
              "component_groups": [
                "growth_collision_stage_0",
                "growth_collision_stage_1",
                "growth_collision_stage_2",
                "growth_collision_stage_3",
                "growth_collision_stage_4",
                "growth_collision_stage_5"
              ]
            },
            "add": {
              "component_groups": ["growth_collision_stage_6"]
            }
          }
        ]
      }
    }
  }
}
