{
  "format_version": "1.20.50",
  "minecraft:block": {
    "description": {
      "identifier": "xp_furniture:carpet_white",
      "menu_category": { "category": "construction" }
    },
    "components": {
      "minecraft:map_color": "#F0F0F0",
      "minecraft:destructible_by_mining": {
        "seconds_to_destroy": 0.4
      },
      "minecraft:flammable": true,
      "minecraft:geometry": "geometry.xp_furniture.carpet",
      "minecraft:material_instances": {
        "*": {
          "texture": "xp_furniture:carpet_white",
          "render_method": "alpha_test",
          "ambient_occlusion": false
        }
      },
      "minecraft:collision_box": {
        "origin": [-8, 0, -8],
        "size": [16, 2, 16]
      },
      "minecraft:selection_box": {
        "origin": [-8, 0, -8],
        "size": [16, 2, 16]
      }
    }
  }
}
