{
  "format_version": "1.20.50",
  "minecraft:block": {
    "description": {
      "identifier": "xp_furniture:plant_monstera",
      "menu_category": {
        "category": "nature",
        "group": "itemGroup.name.grass"
      },
      "traits": {
        "minecraft:placement_direction": {
          "y_rotation_offset": 180,
          "enabled_states": ["minecraft:cardinal_direction"]
        }
      }
    },
    "components": {
      "minecraft:map_color": "#639C22",
      "minecraft:destructible_by_mining": {
        "seconds_to_destroy": 0.4
      },
      "minecraft:collision_box": false,
      "minecraft:selection_box": {
        "origin": [-4, 0, -4],
        "size": [8, 14, 8]
      },
      "minecraft:geometry": "geometry.xp_furniture.plant_monstera",
      "minecraft:material_instances": {
        "*": {
          "texture": "xp_furniture:plant_monstera",
          "render_method": "alpha_test",
          "ambient_occlusion": false
        }
      },
      "minecraft:placement_filter": {
        "conditions": [
          {
            "allowed_faces": ["up"],
            "block_filter": [
              {
                "tags": "query.any_tag('grass')"
              },
              "minecraft:podzol",
              "minecraft:dirt_with_roots",
              "minecraft:moss_block",
              "xp_furniture:wet_dirt",
              "xp_furniture:overgrown_grass"
            ]
          }
        ]
      }
    },
    "permutations": [
      {
        "condition": "query.block_state('minecraft:cardinal_direction') == 'north'",
        "components": { "minecraft:transformation": { "rotation": [0, 0, 0] } }
      },
      {
        "condition": "query.block_state('minecraft:cardinal_direction') == 'east'",
        "components": {
          "minecraft:transformation": { "rotation": [0, 270, 0] }
        }
      },
      {
        "condition": "query.block_state('minecraft:cardinal_direction') == 'south'",
        "components": {
          "minecraft:transformation": { "rotation": [0, 180, 0] }
        }
      },
      {
        "condition": "query.block_state('minecraft:cardinal_direction') == 'west'",
        "components": { "minecraft:transformation": { "rotation": [0, 90, 0] } }
      }
    ]
  }
}
