{
	"format_version": "1.10.0",
	"minecraft:attachable": {
		"description": {
			"identifier": "mbl_fiah:casting_net",
			"render_controllers": ["controller.render.item_default"],
			"materials": {
				"default": "entity_alphatest",
				"enchanted": "entity_alphatest_glint"
			},
			"textures": {
				"default": "textures/mobblocks/fish/entity/attachable/casting_net",
				"enchanted": "textures/misc/enchanted_item_glint"
			},
			"geometry": {
				"default": "geometry.casting_net"
			},
			"animations": {
				"first_person_hold": "animation.casting_net.first_person_hold",
				"third_person_hold": "animation.casting_net.third_person_hold"
			},
			"scripts": {
				"animate": [
					{
						"first_person_hold": "c.is_first_person"
					},
					{
						"third_person_hold": "!c.is_first_person"
					}
				]
			}
		}
	}
}