{
	"format_version": "1.10.0",
	"particle_effect": {
		"description": {
			"identifier": "xp_furniture:merchant.candle.flame",
			"basic_render_parameters": {
				"material": "particles_add",
				"texture": "textures/particle/particles"
			}
		},
		"components": {
			"minecraft:emitter_local_space": {
				"position": true,
				"rotation": false
			},
			"minecraft:emitter_rate_steady": {
				"spawn_rate": 2,
				"max_particles": 100
			},
			"minecraft:emitter_lifetime_expression": {},
			"minecraft:emitter_shape_sphere": {
				"offset": [0, -0.065, 0],
				"radius": 0.025,
				"direction": "outwards"
			},
			"minecraft:particle_lifetime_expression": {
				"max_lifetime": "Math.random(0.5, 2)"
			},
			"minecraft:particle_appearance_billboard": {
				"size": ["0.015 + 0.025 * variable.particle_random_2 + 0.05 * math.sin(variable.particle_age / variable.particle_lifetime * 180)", "0.015 + 0.025 * variable.particle_random_2 + 0.05 * math.sin(variable.particle_age / variable.particle_lifetime * 180)"],
				"facing_camera_mode": "lookat_xyz",
				"uv": {
					"texture_width": 128,
					"texture_height": 128,
					"uv": [0, 24],
					"uv_size": [8, 8]
				}
			},
			"minecraft:particle_appearance_tinting": {
				"color": [1, 1, 1, 0.54902]
			}
		}
	}
}