{"version":1,"content":[{"path":"entities/alligator_g.behavior.json","key":"fR1IAyi3xU0WxvmLrGe0Oqj6lxoPotnj"},{"path":"entities/anchovy.behavior.json","key":"pY8r3YixMAaPqqYLTTGj9LjEBBzniVui"},{"path":"entities/arctic_char.behavior.json","key":"tN1kPj3V6Om5v1KcuQ0S2En9dMFMrcbF"},{"path":"entities/barracuda.behavior.json","key":"kW2KMl1Gm7yXEdyInatSQMxB5XmL7kAQ"},{"path":"entities/barramundi.behavior.json","key":"uH54tjuXsEoIhoGYZYsGIXIc75Nu8NJd"},{"path":"entities/black_crappie.behavior.json","key":"gK7f1swRVmJOsvRuKtON2WF6ei0lEHiI"},{"path":"entities/bluefin_t.behavior.json","key":"nY1JKIhv85WN996wYitku8qkMvJx8xVC"},{"path":"entities/bluegill.behavior.json","key":"hC1cqYvpau22E12SA4p0rmBGbOMGyvPb"},{"path":"entities/blue_marlin.behavior.json","key":"fX1xGAFRQtlKgIq5rKlqKPif3LxCx5kG"},{"path":"entities/bowfin.behavior.json","key":"fX9BjlzXdXQ1PeEAuQJV2rNIvBq6IraN"},{"path":"entities/bream.behavior.json","key":"vN49MqfaiCgYX7JiMZpOVPNcX1dOFcG2"},{"path":"entities/brown_trout.behavior.json","key":"fT8qlQKxKK5xAabAiqnfe8byYgJaKcV1"},{"path":"entities/burbot.behavior.json","key":"pY82Uh05OVN5WHV7enuuGhUJv6sJV19I"},{"path":"entities/casting_net_real.behavior.json","key":"cB5rtWXp23ggPRQd123PbQKWcCjfA9mt"},{"path":"entities/catfish.behavior.json","key":"cM0r4vQHNdP5g48aIT8nVm1XjzIHsJ2Z"},{"path":"entities/chub.behavior.json","key":"aZ9M6cL7aM0sFIQx402g19iiU4A4h9SN"},{"path":"entities/cobia.behavior.json","key":"iW74jABW7v1q0XLrPI1rRTBf6hgOPGyN"},{"path":"entities/coelacanth.behavior.json","key":"rF7BZTPkwUGwlBjwkVsOPrHOC6IgmOYI"},{"path":"entities/common_carp.behavior.json","key":"oY7IjRTQcV3KpJKcgrgHEWgRzdrXiTBr"},{"path":"entities/common_mol.behavior.json","key":"eV5tENcccbpfVf0lWwryqeUmbKsnkcra"},{"path":"entities/croaker.behavior.json","key":"uF2rM7WX15rRXMqH1yl5tkSiFuJmOt4G"},{"path":"entities/crucian_c.behavior.json","key":"oO0PtgdjsHAnb1thZemAfjXAQInZhGw7"},{"path":"entities/eel.behavior.json","key":"lX7NnEkC9xk3SqhA1zuk2PBd8K6I6Lmd"},{"path":"entities/escolar.behavior.json","key":"iU7SQ7ffIOmkssBQyEzLbHaqLWQWFi4E"},{"path":"entities/goby.behavior.json","key":"zZ1mX9Zz1oCEgQjSn4f9iYrrgdhMskTG"},{"path":"entities/goldfish.behavior.json","key":"rW2uOwNr411VziI1FGZSapCzQLzZfnq6"},{"path":"entities/grass_carp.behavior.json","key":"dH7FQIH8v4xNfL1hmcybIbqZ2KvCUxrT"},{"path":"entities/grayling.behavior.json","key":"rN3fjdlvBt0yAPCdrZZ4M100jdP2oKng"},{"path":"entities/grouper.behavior.json","key":"jL5QMqkegHMqBSCBSpFWwcoUj963kAmC"},{"path":"entities/gudgeon.behavior.json","key":"sC6sow73CvsgfNKMekOSsnBVhv0xF3tS"},{"path":"entities/guppy.behavior.json","key":"rZ3aVPJgdpXQlSxtfCvKXwrYmGa3CLbY"},{"path":"entities/haddock.behavior.json","key":"zQ844VoOJePm2R4cFUS03RiwEnUvl93r"},{"path":"entities/halibut.behavior.json","key":"yR2RJ2UK4oW4CAXXn1oRHy15kfIuUkXT"},{"path":"entities/herring.behavior.json","key":"jX0cjCLPfKJyva0oQJQukOuXQKTnGxLI"},{"path":"entities/large_bass.behavior.json","key":"uJ1OSHBab4k0LnT2olr1bJrEjk0wozij"},{"path":"entities/lingcod.behavior.json","key":"qY7ktFbhybuR1hWRHSFQx3yZu2Gs7pyS"},{"path":"entities/lionfish.behavior.json","key":"wF4li63pccdnrZf4YlWzTwGVft5feT1O"},{"path":"entities/mackerel.behavior.json","key":"lG2o9qjLmyJQvq2t2B52uPshT8AB1IkM"},{"path":"entities/mahi_mahi.behavior.json","key":"xV8doCsLo5OmM9C6rto8LpRqyo3GqgNS"},{"path":"entities/mbl_exp_book_fish.behavior.json","key":"qE3fqq5VL4dxPP2kloVknQ8WvGIcqUGZ"},{"path":"entities/milkfish.behavior.json","key":"bM0BYmEYOrp3glpFfEQJdnNudXha6bd5"},{"path":"entities/minnow.behavior.json","key":"oF17mrZu59urWYkOeZExymMdC5jQOZNB"},{"path":"entities/monkfish.behavior.json","key":"iZ2oTXuCjFVGSaUkPNkpyxTfumrOd8ao"},{"path":"entities/nile_perch.behavior.json","key":"wQ2PMKGzt2M9F5uAiETRng8OBxIUM87p"},{"path":"entities/north_pike.behavior.json","key":"zZ4bP1b4srb9tRYw4fJcQ1q06sPzndBn"},{"path":"entities/opah.behavior.json","key":"xR8gBrSUZiiH1KUimYQ2uIdR352ud5b1"},{"path":"entities/oscar.behavior.json","key":"mG3R2HCMuadlTSIOq6M2VQBVNpbuZ3bt"},{"path":"entities/perch.behavior.json","key":"hQ876nVknIUZKK7elkkjHCn6yrZgEtVC"},{"path":"entities/piranha.behavior.json","key":"dW2MdjlQKpzG0vs7GbOnJgcTO0qhnV3r"},{"path":"entities/pollock.behavior.json","key":"zL8umvTsUEsqEjnasPderyyS5SHaISUE"},{"path":"entities/pompano.behavior.json","key":"cB9dyjbzaxm3onMoS5PQA4fXA67aLClP"},{"path":"entities/pumkinseed.behavior.json","key":"yL5JwveEJhKMHsz7coVN9Tphw7JkLAOz"},{"path":"entities/rainbow_t.behavior.json","key":"sV1mzeiuM4s8z7zyx46hUrxCgXU7s22P"},{"path":"entities/red_drum.behavior.json","key":"uX2mdK6oBZsUXaYfE1IP86B2z50UUbtw"},{"path":"entities/red_snapper.behavior.json","key":"sW3pO9ib06pXsPmrMy3B1bT6XuMrxuny"},{"path":"entities/roach.behavior.json","key":"jH09q1u8IH0elQXxdMsWjQ5kJgQfBpWt"},{"path":"entities/roosterfish.behavior.json","key":"dN1CLpa1C8ZHGesS3Bp2paEinEpM8yfz"},{"path":"entities/rudd.behavior.json","key":"kV6y22l1Y9EcoCiIRczM3Mu1NbxSoFBR"},{"path":"entities/sailfish.behavior.json","key":"tJ8a7vIRKxjzl84S7d8zyvQ4IiPNG0wp"},{"path":"entities/sardine.behavior.json","key":"zM3RQ9iXEiSV53KduckEgK8e9B6cKmZx"},{"path":"entities/sea_bass.behavior.json","key":"dG2nxf8GbYOL2urN4Gv3tss1lng9AquT"},{"path":"entities/skipjack_t.behavior.json","key":"jO22QNtpr3EI5MAS9jKTeHn4JXrQXesl"},{"path":"entities/snapper.behavior.json","key":"oU5iOssjKJpHsrxAziFk7MJHEFZ2sXKk"},{"path":"entities/stickleback.behavior.json","key":"yZ0NWkkLwhxhU7cqrcvuGJ8TGpikm38v"},{"path":"entities/striped_b.behavior.json","key":"hZ5it4AZAWHCFXMK7BYqvu3sqUSR296i"},{"path":"entities/sturgeon.behavior.json","key":"yI9uOYdcr518AeJTilGbi0CVvHJNs9bt"},{"path":"entities/swordfish.behavior.json","key":"cL4r0yHWb3m9X7rjZ1kGNupagNGhGPNN"},{"path":"entities/tarpon.behavior.json","key":"zM6UdXFYvdldSxscfKAOoPufElWPWYwX"},{"path":"entities/tench.behavior.json","key":"yX6RClZcICmesHWnfVFuwItZwU5GaCgU"},{"path":"entities/tilapia.behavior.json","key":"dE7lZcy0vi78O9h9eIM0TwNCB525uLHm"},{"path":"entities/tilefish.behavior.json","key":"dU2bUgj4TKBe2PvTmeIEknSpsSiRkCYm"},{"path":"entities/toothfish.behavior.json","key":"aH3zZk1iZk1u9FIfH3oIyxn5aCOMvdZu"},{"path":"entities/wahoo.behavior.json","key":"fO86MrwJmfG6ORPySsP35zGXg455cajr"},{"path":"entities/walleye.behavior.json","key":"hU4t38d54aO0tpZsNakzn88oKOmCY1Oo"},{"path":"entities/whitefish.behavior.json","key":"rK0QIyHsPTR9f8psYg5RZknsghhiH2My"},{"path":"entities/white_bass.behavior.json","key":"oU0o2C6MsBp1gAQs4YK93qfplNMod9O4"},{"path":"entities/yellowfin_t.behavior.json","key":"mH5vWjlhHFnEP2fpy43dgktY7eeu4GT9"},{"path":"entities/zander.behavior.json","key":"cF5R7ihWcb1I5NS7Lr0Bz8xQbV5Qk1vO"},{"path":"functions/mobblocks/fish/mbl_fish_catC.mcfunction","key":"xN4zuCY2zK4AIqVOfFIoja1AOxj2iKqv"},{"path":"functions/mobblocks/fish/mbl_fish_catR.mcfunction","key":"jK8KNbVO0MVwzmfFi4aJcFXTEnPKkAWk"},{"path":"functions/mobblocks/fish/mbl_fish_catUC.mcfunction","key":"fG153uZXXMnHpaxk54tpKFAosPrGqLPs"},{"path":"items/alligator_gar.item.json","key":"fS1NFFXYinzJUzwJPa0YgJ0N3PT4BvGy"},{"path":"items/alligator_gar_bo.item.json","key":"eI3UMZaHfRa63pMczJ0rnJNLpSCz6EoK"},{"path":"items/alligator_gar_co.item.json","key":"kZ1ocSxx9zzTU3fYlZvkRMWRC7hjunTH"},{"path":"items/anchovy.item.json","key":"bQ4PqoiwAGOb8qz6Gowk3Nt1hxsFiTNC"},{"path":"items/anchovy_bo.item.json","key":"qR7esT96yUiecFtIISwdO7nwGYppWMlv"},{"path":"items/anchovy_co.item.json","key":"aS4QfNqZWkbb2Mmza9e7CnfKCXepkGwd"},{"path":"items/arctic_char.item.json","key":"gW4RE1EaR1tMAtv4rOQC7TBFGMpegBQu"},{"path":"items/arctic_char_bo.item.json","key":"gY32mL1d9nWYEHmOTybppXPYPLo8aHKd"},{"path":"items/arctic_char_co.item.json","key":"cL1SACaEUbaHPvFBJIZot52krLCV677I"},{"path":"items/barracuda.item.json","key":"jV0RK658dvUNdONl7yslB1zwziwTH1c7"},{"path":"items/barracuda_bo.item.json","key":"oK5L7xsOLsfkGiSCNe5Wh7biiItGTtYf"},{"path":"items/barracuda_co.item.json","key":"vR4HzFGe4WXBwEemAZ98FsB8GdUYeufZ"},{"path":"items/barramundi.item.json","key":"hA3mUBZahTwtqgBEjeL4mZ1JhzeJyx3K"},{"path":"items/barramundi_bo.item.json","key":"iY1UukrxQwXM4Kj6oZ1F4ZyfSgywb5es"},{"path":"items/barramundi_co.item.json","key":"vG1CgyjOzNaxGoOWcyI4HNr2OUVuieT9"},{"path":"items/black_crappie.item.json","key":"vE9bsiWr9F6XYqKHicst2HijVRGj6gfR"},{"path":"items/black_crappie_bo.item.json","key":"eZ0EomjrpSauU6BG18Lx8RSEKUZHjowm"},{"path":"items/black_crappie_co.item.json","key":"iN9BkNkRHhScnZE6VOm5nst75PHyOT03"},{"path":"items/bluefin_tuna.item.json","key":"nF2cZdiPMJeAdKHY2b40hrXJmnYM4Qsl"},{"path":"items/bluefin_tuna_bo.item.json","key":"dW6IGWwmezQVkVMBh5fnngjobbwKwpZJ"},{"path":"items/bluefin_tuna_co.item.json","key":"mE9xYGO1a5W0YW2BSIbOg1etXy3qKtaw"},{"path":"items/bluegill.item.json","key":"xV2NzgsiF6k7heSKnW9yGzoeGeUeZJhg"},{"path":"items/bluegill_bo.item.json","key":"nT5GpB8ZKdaSIvqcsXN6gJdfFB7AWQUA"},{"path":"items/bluegill_co.item.json","key":"fY8fShjAw0hEXgwZsXkTtyE4MQlbSEZz"},{"path":"items/blue_marlin.item.json","key":"mT4M5hJmxGHnMJiw9AhbitRZSp5t93hJ"},{"path":"items/blue_marlin_bo.item.json","key":"eC2xhmTBEWG1v0fuZBkg5RexXi1HUS7V"},{"path":"items/blue_marlin_co.item.json","key":"kM7HWreLRI2IZOfe1MKpGLXiXt2XcBbI"},{"path":"items/bowfin.item.json","key":"dN1AhoShYErALpEnOC4pxifCHjkyBGoT"},{"path":"items/bowfin_bo.item.json","key":"cZ6lwFt41hwVRgikjn5l5O5kwIpNlX86"},{"path":"items/bowfin_co.item.json","key":"eL3FYdjSOsYkxqVNk8NK5IXnQPdoaTBv"},{"path":"items/bream.item.json","key":"jY6Sg9NnM4R6A4hS4fjQCfK8wNtVLIMY"},{"path":"items/bream_bo.item.json","key":"jS8IfsZwV0nQS8TiLIJTVVaao2l3t9am"},{"path":"items/bream_co.item.json","key":"lF97FsXyQRPieWO2WlxpuReF4yj3GHZO"},{"path":"items/brown_trout.item.json","key":"pA7lLOIcrxuxs3BSHgeoe6ijlSdFcpzw"},{"path":"items/brown_trout_bo.item.json","key":"yC1MawjejkjWqMgpYy2NTZQ0JExQ1w0c"},{"path":"items/brown_trout_co.item.json","key":"aM5YExJjflAzFh9KO0GssBu18KI3Mpq1"},{"path":"items/burbot.item.json","key":"sV2vNmB7zFBBjVmNUGdN1ywGxiwRWabF"},{"path":"items/burbot_bo.item.json","key":"aX9yacxTC5HAj2VW44Zlbg6h7Z4Hz4Cq"},{"path":"items/burbot_co.item.json","key":"eH5SuyuKEj01o1aQq40U59xkUtRB6EiK"},{"path":"items/casting_net.item.json","key":"zG4FOgzVdO4vxx4LWKmY2wKi9X5M9nl3"},{"path":"items/channel_catfish.item.json","key":"bJ09irbUysIJMUnSGJMxpmYSlanzyu1q"},{"path":"items/channel_catfish_bo.item.json","key":"kZ4KkP70o5V1V1Y4EIkzxJmRmFYvO7Nu"},{"path":"items/channel_catfish_co.item.json","key":"vM0Y1E9qYEIFIHITMtl7srq1A6Qc02Ou"},{"path":"items/chub.item.json","key":"wS6S9sTWiz18Eyno9In6djmcnst3ziRt"},{"path":"items/chub_bo.item.json","key":"hM5CnEtwcKbwMUz1HqCdMcwP6c0h7ZqN"},{"path":"items/chub_co.item.json","key":"xK172aiE3Np2e2zxMyBfukHYmajKPTKz"},{"path":"items/cobia.item.json","key":"nW422x3jyssVGofreqH4b50Ohf2QvNHO"},{"path":"items/cobia_bo.item.json","key":"nV7HjwqtgXeeULodE5H4ljLWuXmgsH79"},{"path":"items/cobia_co.item.json","key":"uP62ORJf9lhGQwGwqgxrVa9CNPlaW56v"},{"path":"items/coelacanth.item.json","key":"zU0HmgIh8n84vU2p9bidYhLmrdMx6fug"},{"path":"items/coelacanth_bo.item.json","key":"oO52BSlU3x7InFVpSqiB2txFWIW0eO44"},{"path":"items/coelacanth_co.item.json","key":"uB6FYk97oTr3ZxbE4dvQqHdiMnQejKwg"},{"path":"items/common_carp.item.json","key":"mK8sGCGTVKbmQ8HEvgcYbi9O2whRBLHq"},{"path":"items/common_carp_bo.item.json","key":"kF0996BIAqIelllOFjrWnnlYaqpMkvOi"},{"path":"items/common_carp_co.item.json","key":"tZ7B44EaOpUoqUNWu6aTKwQiNbwi8T8A"},{"path":"items/common_molly.item.json","key":"kU8lOjHkmmNkZFrleBMHqx8J7UrTqN6l"},{"path":"items/common_molly_bo.item.json","key":"lM17sEPAV3VdtZuJVac8y9gkEPZfU5Y4"},{"path":"items/croaker.item.json","key":"hJ9SMlOdSt0bcN7u91buhCvsQPNpf9OE"},{"path":"items/croaker_bo.item.json","key":"dW7hxbAn8nCPYSFoKtPhdRd6Qfv40vwQ"},{"path":"items/croaker_co.item.json","key":"zF7LkQyZYphLOo96ek01ZHJaxK5v4UkS"},{"path":"items/crucian_carp.item.json","key":"vN3dJOOxWAKAiT1tzdO9OmsuHTajwHWH"},{"path":"items/crucian_carp_bo.item.json","key":"xJ1qQg6rjw6h8qbb6YqpBiqso3Ht0xep"},{"path":"items/crucian_carp_co.item.json","key":"gG1HA7t0iLSLa5OBQvWkNQOayzAPkLmn"},{"path":"items/custom_fish_1.item.json","key":"gQ6ZZ1m3CrcesWsMnQ4io1MqRx11mLiJ"},{"path":"items/eel.item.json","key":"nB8KYzaXWXSmN5t7rsNTYz8aAS73SLgz"},{"path":"items/eel_bo.item.json","key":"uN4UslA6MbEtJqlVzFdgR2JUtrYYOwZe"},{"path":"items/eel_co.item.json","key":"wQ1tmwlawplqwTBsqsugOVk4rFS2bAJn"},{"path":"items/escolar.item.json","key":"tG6bbImCjtvbUrAaGvAYeQE8FP6cTUUI"},{"path":"items/escolar_bo.item.json","key":"dK38IFR7JHVPyyhmCu19oivoH0o3dmEg"},{"path":"items/escolar_co.item.json","key":"mK1tmeSQCwUVrJt8Ye23BfZbfsRFWa7k"},{"path":"items/goby.item.json","key":"oT4FjI5rfJVbZ2loSwo4YSz3WblrpWkx"},{"path":"items/goby_bo.item.json","key":"vP2BeUQyw764OoukH7JzVjdEBn21BoeL"},{"path":"items/goby_co.item.json","key":"bH3wQPidWh5pEGQf9TjGBMVjCvlHKLGs"},{"path":"items/goldfish.item.json","key":"aA2bmsKowHa9bQ3lUSjkkcyFx7g50vNE"},{"path":"items/goldfish_bo.item.json","key":"fF0yiIyxqlHtfjPBJoo2v7sA0bJLNPly"},{"path":"items/grass_carp.item.json","key":"uH13oopZ6xpuCUwB3kM2JSfjrwIGl9Au"},{"path":"items/grass_carp_bo.item.json","key":"hW2NuYKCHtCXmMov8bOnalGLZhTOdour"},{"path":"items/grass_carp_co.item.json","key":"hF5hN6CzRubTC2c4LvYt1Z5HbO2fyYAe"},{"path":"items/grayling.item.json","key":"wA5kIEfvISu60tPj1178k8mZVURsHii1"},{"path":"items/grayling_bo.item.json","key":"nV0wAvtzPPVSVebAlpJzkGb7Bnl5p8UX"},{"path":"items/grayling_co.item.json","key":"bH99jpCg13QYcqYIm6JdFUr1HpvHRiKO"},{"path":"items/grouper.item.json","key":"tC8PMEx9758nNRpsUEkGPYmJbPpu3iHN"},{"path":"items/grouper_bo.item.json","key":"jQ7lYSN38y9OnvYfjBkYUjUrF4zty0Vr"},{"path":"items/grouper_co.item.json","key":"rK0gdkN2OSzPaSyNy65k381cFAkEfxG0"},{"path":"items/gudgeon.item.json","key":"iU2YuPI4E4eKynwF7mrR6sBxMlWxClxr"},{"path":"items/gudgeon_bo.item.json","key":"lY0EU8uZaWOCcFyPR9OzcwmjxwWpEhUx"},{"path":"items/guppy.item.json","key":"xL0OZtmLhxciiiGUaN9oMzwbCvB1s5WY"},{"path":"items/guppy_bo.item.json","key":"aM4ckTOIFAjjx5UXGe0j7RHI6cIezJSn"},{"path":"items/haddock.item.json","key":"dU4tSZHByetJ8yi3JoWtosO4PtSvIIol"},{"path":"items/haddock_bo.item.json","key":"dB7O3TK6LbGFIjvIdj4IMKvQgC42657U"},{"path":"items/haddock_co.item.json","key":"uN3UxGrMSxO9BmOuaRNt4GvUPyLFvkQE"},{"path":"items/halibut.item.json","key":"hS8rSvgfhL1Vuh6mQaigf6VtrIjPWSdQ"},{"path":"items/halibut_bo.item.json","key":"mJ8oVs9YXCmkM0XfIPredrTypICxmyp7"},{"path":"items/halibut_co.item.json","key":"fB5edwcPPusHTJClCNASleRtac85JSnJ"},{"path":"items/herring.item.json","key":"vQ0KMTuSr4PyA9fO8jx5BXh0wbCt1b4y"},{"path":"items/herring_bo.item.json","key":"uG2j4X0CMV6a5cB8u4oXqRc02CfcKZlA"},{"path":"items/herring_co.item.json","key":"hH0WeFfUOBkl0FEhOvSGShVQbmo9V0At"},{"path":"items/large_mouth_bass.item.json","key":"tJ4HKMiIcRgylWZKVKwg8L2J6KlVyNAV"},{"path":"items/large_mouth_bass_bo.item.json","key":"mC82bKikmUuQ1U0We0OCdRuUZy1EXEHe"},{"path":"items/large_mouth_bass_co.item.json","key":"pA3EPJmtVpkeO4TOUQuqscSAFOGoKZSW"},{"path":"items/lingcod.item.json","key":"gO3L4YBHmxhGn90PoXXrydf7oEhyVB2w"},{"path":"items/lingcod_bo.item.json","key":"jL1TElppVM2CVRJEZre6EcKJ0ZuzFHxd"},{"path":"items/lingcod_co.item.json","key":"tB6Sfvay9xCcCaRRk6cYN6GxuwCRG0qj"},{"path":"items/lionfish.item.json","key":"zP7E28epK3TYYK1QLW5pyOc6exKVTdPJ"},{"path":"items/lionfish_bo.item.json","key":"bX9QjOTj6L2OQHR8YhlEUHVM3xR4arCB"},{"path":"items/mackerel.item.json","key":"dG53WAco5VaAddOnVOsmCU6H3FNf2Ghi"},{"path":"items/mackerel_bo.item.json","key":"aI43Y7tsNI7ggs39G5mVGYIlqkNrhcVW"},{"path":"items/mackerel_co.item.json","key":"kQ6cvBLmFCNTT4KaSrqY3ECH1mu2vfJ9"},{"path":"items/mahi_mahi.item.json","key":"vH5G5aQSMdgIANtkOPkuCLLdzE4ITwqz"},{"path":"items/mahi_mahi_bo.item.json","key":"gE4Rv28OPddlaS2H41t8dQKEAoqgYmPb"},{"path":"items/mahi_mahi_co.item.json","key":"qT7qtK8qMtCR0p2omaoiBRohZMJy1yrt"},{"path":"items/mbl_fish_exp_book.item.json","key":"pT90ow7sAAniHqMTTkGHOkPEr3ql3gp4"},{"path":"items/milkfish.item.json","key":"lK7zxsRGbi1lfIluyVSEE6Yeyo7W8Aqc"},{"path":"items/milkfish_bo.item.json","key":"mW8PlBhYPpMBonAn551HAJJwSseMFzU2"},{"path":"items/milkfish_co.item.json","key":"lR9l6CifNPYG0ohOOIbkIzjZwBkHCYK3"},{"path":"items/minnow.item.json","key":"wW9uvSNYcPlNuGKINVUabObWNZzv3QTa"},{"path":"items/minnow_bo.item.json","key":"zO23lrUKmaIyhRZYjzHmZmXhJWeJSiq1"},{"path":"items/monkfish.item.json","key":"zL6cUPq1BE8pH7c9ibYmo1dSMX4kJCRY"},{"path":"items/monkfish_bo.item.json","key":"bV0tIwOp2dccutlItRANKlpx82R9GrzU"},{"path":"items/monkfish_co.item.json","key":"jL4nEKqIW9yyiH3FjeTL4Zn9k78Wmq8X"},{"path":"items/nile_perch.item.json","key":"bG76jn8UluB9EwLuQMrsvUe73spxegZZ"},{"path":"items/nile_perch_bo.item.json","key":"rI2IAHP8W1ZhQTTsLn93BaHhqZPdG9Nq"},{"path":"items/nile_perch_co.item.json","key":"aG0jLU5klsYBJBP3AuJYZkd8EshOV5wL"},{"path":"items/northern_pike.item.json","key":"eS8QUMqUABwEl8eJIOuyP3M99uKCIFWl"},{"path":"items/northern_pike_bo.item.json","key":"oZ7hs1pgmaEfeEKTIEiIk6M5XuiuYIR6"},{"path":"items/northern_pike_co.item.json","key":"dT02GX9ytErrYyY3po29ISJfTWy2udmm"},{"path":"items/opah.item.json","key":"oF5dwcCCYIJzcVjhjFrxbLKzSN6O23u2"},{"path":"items/opah_bo.item.json","key":"aP1tK2HVxB7XlrnV4QT3reHcBiPNoo3f"},{"path":"items/opah_co.item.json","key":"dA3Ly0L9oYJjdXIlle8ymycvYUYsg3nP"},{"path":"items/oscar.item.json","key":"hE8HCwnU1V0yLgQSQ7ocaapYE4EfmPSu"},{"path":"items/oscar_bo.item.json","key":"tV1xsFG8ZIFouNkKuZJEcZeLYvemnEGR"},{"path":"items/oscar_co.item.json","key":"lZ1uWi6UvFjAQ9bYQgjHbCGzXlUZd7MT"},{"path":"items/patagonian_toothfish.item.json","key":"wP5cZENna41oAfIwEVG0PbuJifKOYULV"},{"path":"items/patagonian_toothfish_bo.item.json","key":"eF00Sa1BzUoWlHjxs9Qo572Ksx1HdXnv"},{"path":"items/patagonian_toothfish_co.item.json","key":"iH79Fwv5pNr7AkGFxj6xMNIY7uItSYVN"},{"path":"items/perch.item.json","key":"oS0XFmpgtNEtEFf6COOiAmCCcNomn1ai"},{"path":"items/perch_bo.item.json","key":"mE8GsfLNVA4V5827mufMAj9KSWNsAyNP"},{"path":"items/perch_co.item.json","key":"cY1mTMJjKbs58Lr2w6rICt2Bh2rBdGzr"},{"path":"items/piranha.item.json","key":"oY0kQEs2hdwnwAwUUvmZpHgt1RQGlmak"},{"path":"items/piranha_bo.item.json","key":"kR107Wbw6ENmtxLWH4mqGN1EjTKG3THy"},{"path":"items/piranha_co.item.json","key":"cI0hknEgwWnTXqourSBeMNKT0ZhRaqw3"},{"path":"items/pollock.item.json","key":"dS4jOyMNf38iS7YWj2EXzqtMR75IXZI2"},{"path":"items/pollock_bo.item.json","key":"fI4nUUby8Y1r6POtzkvOWL3aK4NwZ4Za"},{"path":"items/pollock_co.item.json","key":"oI1hiNz87Xyx5vg6r9B18d9vCeTNTpll"},{"path":"items/pompano.item.json","key":"kV97wvsSdumspY0ZwW7NeLeIsQOvovgZ"},{"path":"items/pompano_bo.item.json","key":"bW1dKHLMHgfHsU7uAPYReI4JmgA3reTV"},{"path":"items/pompano_co.item.json","key":"gH9ZVKNpJ83jl7PBtp3RCtrAMOPMtLWx"},{"path":"items/pumkinseed.item.json","key":"fI5EHoOttkxPRkVOGCPQGa7FPbLUwHxA"},{"path":"items/pumkinseed_bo.item.json","key":"kI0sxBoGwbCdBuueXCnThYXTnljpG6pt"},{"path":"items/pumkinseed_co.item.json","key":"hV91BhRzwuNjtEB5c5gonuomfZGB3Lua"},{"path":"items/rainbow_trout.item.json","key":"aM4R05XwJNqNhhaEan2cZXScoGMyJ6cP"},{"path":"items/rainbow_trout_bo.item.json","key":"vF9ToaiMbTF08UMEsGYXeROLmLp7xwUy"},{"path":"items/rainbow_trout_co.item.json","key":"rW3WT8Z62gElw7FkJXWtsVJUl6XdQxKH"},{"path":"items/red_drum.item.json","key":"nS7wHB57szj2hlrnXLBhghvANJ1dJiZP"},{"path":"items/red_drum_bo.item.json","key":"nS53AVlC5BA0wpxN9vvvsCoI26th1Hs9"},{"path":"items/red_drum_co.item.json","key":"jA0VLLGXLKx2WiQ5Lwow94cJKUHvthKG"},{"path":"items/red_snapper.item.json","key":"fS2MIbokL9biFwpwxKU9hoqqvEG2wiJ7"},{"path":"items/red_snapper_bo.item.json","key":"eA63mOc4VYrZ2lvqLFVkwz6cASER84Zh"},{"path":"items/red_snapper_co.item.json","key":"gC6XAds4zWBiyxsmHnauFr3tdc6Rlq41"},{"path":"items/roach.item.json","key":"iV0UHPrCik98s2ghFCzMeydcVpSBch6y"},{"path":"items/roach_bo.item.json","key":"yJ1BWA6KMkqW7Kjza8CAwaiRQ5YrFzeF"},{"path":"items/roach_co.item.json","key":"iK1NObw1fZ7eKdjLF5EN1i7Bm2MXRLqL"},{"path":"items/roosterfish.item.json","key":"tV9JgVF2hablbg4N0FA1jPq3Jl7BnUrN"},{"path":"items/roosterfish_bo.item.json","key":"sV1KAsYPmlybaBIPLCWvhNR6hnYV5Uc1"},{"path":"items/roosterfish_co.item.json","key":"vU4V3eqzGigFeOajdkIhWs7wUgzhpxaU"},{"path":"items/rudd.item.json","key":"eA0EU8QMSklCtyp2PVOILqM9NAS4rqah"},{"path":"items/rudd_bo.item.json","key":"rU479zcJlLjRUngSQIfcHvCam2CXI9de"},{"path":"items/rudd_co.item.json","key":"eN3ZEqRglSXlMrobF58bBj0KSR38GT2a"},{"path":"items/sailfish.item.json","key":"eT6JQRCI1O3uNMigvtdxLnkMoER33fyX"},{"path":"items/sailfish_bo.item.json","key":"cH1IndnwlNPsOijezFhlCajeBoZ2tC4t"},{"path":"items/sailfish_co.item.json","key":"fC8qYAXOAQJUBU4uGrg3Wh01GWru3UrC"},{"path":"items/sardine.item.json","key":"bV1V62ogeTCG2iRtz2B55d9QA3r4qskz"},{"path":"items/sardine_bo.item.json","key":"kV6ssVpRSfujPbBig7bPLiQCXJPcCWRi"},{"path":"items/sardine_co.item.json","key":"oF3banrzYf8yVSTQS353LE7TY2WZnWIr"},{"path":"items/sea_bass.item.json","key":"lN3VlXQ7XaCnnLwK0fG23eKfopTfeSyL"},{"path":"items/sea_bass_bo.item.json","key":"kU3IW2upMsvRffjSLyQEbn1bQC6QbjYB"},{"path":"items/sea_bass_co.item.json","key":"xM19PkQ0G8bx2yHLT3Ag30UqJbxdE4ih"},{"path":"items/skipjack_tuna.item.json","key":"nR8iT7Q89tENPiWAE3C8K6IORf5FsY2B"},{"path":"items/skipjack_tuna_bo.item.json","key":"vY7cLqNZgWLXNwYlAtMqrIiNHi1gICY8"},{"path":"items/skipjack_tuna_co.item.json","key":"wX9oXb2XPPtA3EwAXMbgSyws13Ptjvzw"},{"path":"items/snapper.item.json","key":"lG0One7ZpaKnn6TgntSSq5xgtYeMX8aP"},{"path":"items/snapper_bo.item.json","key":"bY0Nyr0BFF6e3FcqaSClo5pWhQAQT8AM"},{"path":"items/snapper_co.item.json","key":"cY5ZtmimTC8MOowcLphxKpF92bNxkioE"},{"path":"items/stickleback.item.json","key":"xB9ZaI1lFjKWk7TNeeaRjapAlc6nI18x"},{"path":"items/stickleback_bo.item.json","key":"rL475RLq3IbFUWFOy02NjpnqgpQiTlSe"},{"path":"items/striped_bass.item.json","key":"kO0juI34Yv9TwKCvoMRwySQK8ie7Ao2v"},{"path":"items/striped_bass_bo.item.json","key":"xT7vjJGsHJkry35FYTS6xjxus1EWVRF5"},{"path":"items/striped_bass_co.item.json","key":"nT6vqvQcwhqGQZe2bTcRQsB8bq3w09BG"},{"path":"items/sturgeon.item.json","key":"zE2OtNk1nWBYlbRZaBlzuMHBxCE2ltXK"},{"path":"items/sturgeon_bo.item.json","key":"iY909vAkFwhsdKYNVPCWRp5CPn4n37sx"},{"path":"items/sturgeon_co.item.json","key":"mN4uXFawbqTo24wUg4WjNTXdEaBMC4LF"},{"path":"items/swordfish.item.json","key":"tA2VehbBvaBabEN4wuoeLO0kUfyr1bTo"},{"path":"items/swordfish_bo.item.json","key":"yW57Rmbv9AY3lOtqUHIqmVTG3uqyoFlH"},{"path":"items/swordfish_co.item.json","key":"zO8OdQ6HXh2nEaMX2FIvlMgpL4JWhzWX"},{"path":"items/tarpon.item.json","key":"eZ5yAugtMx6WPXLSxgg3bzryfuSxH3z2"},{"path":"items/tarpon_bo.item.json","key":"fN5i9aSk4CmYYjZAAznyuA4xroskMmYJ"},{"path":"items/tarpon_co.item.json","key":"yM0HOVHH6Hu0LhwocPSUycpuKwUSrICr"},{"path":"items/tench.item.json","key":"aF8ksOwrvAs5EPT23i3Bq6tUFBs9z8PL"},{"path":"items/tench_bo.item.json","key":"tF4g1tnTOAOmmzWTQS1d36qyPn8SRk8l"},{"path":"items/tench_co.item.json","key":"dT0cxyqLwWVkQmRE0lj1vAddA7dF6Qwz"},{"path":"items/tilapia.item.json","key":"dJ8VAM6NNB9nmI2WXM4WY64pS52ZxPVO"},{"path":"items/tilapia_bo.item.json","key":"cM4uN6ZXi9I6Ja17u6pURaeA41guKPEo"},{"path":"items/tilapia_co.item.json","key":"fN0MYktoZlk238TQoNtqytZHtGAy40ci"},{"path":"items/tilefish.item.json","key":"mR1VPhdpHkkjNfwCllLJsOGzyqNg5g4o"},{"path":"items/tilefish_bo.item.json","key":"eJ1z5B7uxO8OMAVwAef0QGNOAdIS6Sda"},{"path":"items/tilefish_co.item.json","key":"rE5dIGsYTGuE9ja5NKZgH6T8jmlsk5mt"},{"path":"items/wahoo.item.json","key":"jZ5UsmZkdSo0URV3mjt71wkqYq3bI0Re"},{"path":"items/wahoo_bo.item.json","key":"fH9bhPyAZvMGZ0ja0J5FBUQbn9Sk6sSW"},{"path":"items/wahoo_co.item.json","key":"uQ4MIgS5nURvKewgwgzshfwUFgAZcUhY"},{"path":"items/walleye.item.json","key":"fR1JxGYllL8xGb2xTAZ8MPNCgi1AEZcA"},{"path":"items/walleye_bo.item.json","key":"eW4U1AaBlGmTYtzbOuJMsY1zHQGLGCRZ"},{"path":"items/walleye_co.item.json","key":"sA93fQAHlOx9zEfJeIKL6QvWLHn1gilK"},{"path":"items/whitefish.item.json","key":"vR0U12U9yBC6vAxjKWYCcAMR7o8aVtGe"},{"path":"items/whitefish_bo.item.json","key":"lM2SNbiV1LaBXMA2m4cUNCTsONfqg3CZ"},{"path":"items/whitefish_co.item.json","key":"nE18tkYFonG9cftAR0srUMgeXtTpKfIS"},{"path":"items/white_bass.item.json","key":"hO4n45C3rgFA943XKMdbMUQyPXoCPO6i"},{"path":"items/white_bass_bo.item.json","key":"nG6Ihpm060OAR84gg37v0XUIkPVNoOtb"},{"path":"items/white_bass_co.item.json","key":"xB8QMaoktC2ZkyORLb4fawRjmNpdGYg2"},{"path":"items/yellowfin_tuna.item.json","key":"vV8mrB0IpHfMPHhWHr7Y8u3J4h3cj8Ks"},{"path":"items/yellowfin_tuna_bo.item.json","key":"wE79Fz2bZwb3wNtLagjBCos9NMNTpZLk"},{"path":"items/yellowfin_tuna_co.item.json","key":"kK8JEhMIzS8CL08Ttqt2yeolhrVlWiLP"},{"path":"items/zander.item.json","key":"vV4pyRAG4sIXR7qT4vLgSv4lSTaaKChr"},{"path":"items/zander_bo.item.json","key":"xH7aVnegs5NATXsyJJ5BRZKpgP8gTJWy"},{"path":"items/zander_co.item.json","key":"qT4WuIYsu7q43eEoPZHp0sxIFPbcpOFQ"},{"path":"loot_tables/gameplay/fishing/mbl_fish_fish_c.json","key":"eU1OOuVSVSfgO9vRtCgB2Schk1IH0wwr"},{"path":"loot_tables/gameplay/fishing/mbl_fish_fish_r.json","key":"oX8S2mWbTdxogVafwpCXbRVvvunhytFe"},{"path":"loot_tables/gameplay/fishing/mbl_fish_fish_uc.json","key":"cH3NaqTg0ZRCmrs2gIHMftpKYmZyzIE7"},{"path":"loot_tables/gameplay/fishing/mbl_fish_net_c.json","key":"gR8Q6FhqLngxsUP5Unsev10vSpdV5un3"},{"path":"loot_tables/gameplay/fishing/mbl_fish_net_r.json","key":"zE0k2Rfkr3yXW4EIgu22PL0Y44EpJzly"},{"path":"loot_tables/gameplay/fishing/mbl_fish_net_uc.json","key":"xC7xWV26yNvMTOpoZTU1Xs84eJ9Smg6y"},{"path":"loot_tables/mobblocks/fish/entities/alligator_g.json","key":"aU3cyhc0cCzfTsTJAMUfViwYymihpVNh"},{"path":"loot_tables/mobblocks/fish/entities/anchovy.json","key":"sQ9GO1UyzUFpfRqsYLATrzpkGjemrUW3"},{"path":"loot_tables/mobblocks/fish/entities/arctic_char.json","key":"gW3wUQRjZgpwvAeqhY4dPS659XQWHZHk"},{"path":"loot_tables/mobblocks/fish/entities/barracuda.json","key":"sZ44GMgJuyojIfzOWcKwnLV6bCXkA0wz"},{"path":"loot_tables/mobblocks/fish/entities/barramundi.json","key":"aY95JfK3BMJ70oonSQXz4CyZeUlyTQsM"},{"path":"loot_tables/mobblocks/fish/entities/black_c.json","key":"qC0LKsfbzIjK78fTsFvyaUpILZrhu5fG"},{"path":"loot_tables/mobblocks/fish/entities/bluefin_t.json","key":"iT354HoPtJWYPN3JZQjNFmNN57QsXXaZ"},{"path":"loot_tables/mobblocks/fish/entities/bluegill.json","key":"oT3WgXN72d4BeLtatfO4k6T3IWNbqToz"},{"path":"loot_tables/mobblocks/fish/entities/blue_marlin.json","key":"nQ8ZKwAYRYw23NOClIzFu6EZdJ4ZzYry"},{"path":"loot_tables/mobblocks/fish/entities/bowfin.json","key":"fV7oeeZVHrcELjhSOSvXOpdQGqXOMAaS"},{"path":"loot_tables/mobblocks/fish/entities/bream.json","key":"hY4w5NzeAjSGCyGXnwCYI9PC5aFc5WXB"},{"path":"loot_tables/mobblocks/fish/entities/brown_trout.json","key":"yO4VYOo18wp4L1sjdB0wldhtmQTR3o9E"},{"path":"loot_tables/mobblocks/fish/entities/burbot.json","key":"rG8amlbR1jverngqxVeVUYyci5bwAzBy"},{"path":"loot_tables/mobblocks/fish/entities/catfish.json","key":"pM88Vdh1sQYiYrhL6LtgV6TAjLuk8BjY"},{"path":"loot_tables/mobblocks/fish/entities/chub.json","key":"pY7YbwgoYRjq1RNAwIAzfU3HEo7Yv8Lf"},{"path":"loot_tables/mobblocks/fish/entities/cobia.json","key":"nP6YEOJKJgoKaX7OXayPlo9p3xTS7jFA"},{"path":"loot_tables/mobblocks/fish/entities/coelacanth.json","key":"mS2KuuLaKXTXPhyPGE2MUtw2KedKb2yh"},{"path":"loot_tables/mobblocks/fish/entities/common_carp.json","key":"tE1benMUJlBBYiUqHg4R29Zx5gwTyy1A"},{"path":"loot_tables/mobblocks/fish/entities/common_mol.json","key":"eX7qEIvR97iip3KSyM8yKSgHqTBaxzeG"},{"path":"loot_tables/mobblocks/fish/entities/croaker.json","key":"wL3cff3W8MozFgewzQBTY9PXjTwyo52p"},{"path":"loot_tables/mobblocks/fish/entities/crucian_c.json","key":"hX8niZhz2pbvNzr5ZpsMKcyqYu4xBNhl"},{"path":"loot_tables/mobblocks/fish/entities/eel.json","key":"zG2yR3IPaPkIFYsuXnH8CFSov8hEOTyX"},{"path":"loot_tables/mobblocks/fish/entities/escolar.json","key":"zG8fVjNZ14RrbKkNUVwmJ691c22G2Rgi"},{"path":"loot_tables/mobblocks/fish/entities/goby.json","key":"oV5Z0Mje74S9kvxanM6W8arYYH0cuswZ"},{"path":"loot_tables/mobblocks/fish/entities/goldfish.json","key":"yI23CsL2mTAMSE9jVKBAMETP8Z4BRgwb"},{"path":"loot_tables/mobblocks/fish/entities/grass_carp.json","key":"tQ5LFNiEv0zXcBgnH0Ag5FSBRz7w9eB2"},{"path":"loot_tables/mobblocks/fish/entities/grayling.json","key":"mG6M8hM7wMAYRinMdzsKCT0OvXJulUYE"},{"path":"loot_tables/mobblocks/fish/entities/grouper.json","key":"uE9qUxRayzLp2XhCZRdWNV6S8XapGkzQ"},{"path":"loot_tables/mobblocks/fish/entities/gudgeon.json","key":"zG2G6QLuW9YOuWypNJMqVMWqJSMyVzRc"},{"path":"loot_tables/mobblocks/fish/entities/guppy.json","key":"tU8pY1Zbtz6YIzkPLhkv7oeCxtGZsMHY"},{"path":"loot_tables/mobblocks/fish/entities/haddock.json","key":"yZ01TrdBtvLQdjNrJ3k72vqOvIoukwhU"},{"path":"loot_tables/mobblocks/fish/entities/halibut.json","key":"fA5JaqBuSimpU3kX8obRck7F7M6sZ6Mx"},{"path":"loot_tables/mobblocks/fish/entities/herring.json","key":"eV8AIrMbCA8mYiojGmio1RONuHZv4XMv"},{"path":"loot_tables/mobblocks/fish/entities/large_bass.json","key":"tS3dgj4p7nlohnBGBEtpXFVyStXzIXgi"},{"path":"loot_tables/mobblocks/fish/entities/lingcod.json","key":"uK7gYMz2UrJAxrYgz0722NEyJSvO675A"},{"path":"loot_tables/mobblocks/fish/entities/lionfish.json","key":"xJ3QS5OPfw9LdsGdwzjl5RN95puW5yVm"},{"path":"loot_tables/mobblocks/fish/entities/mackerel.json","key":"bO7TYXSziuSceNHlwhLzf7jQQILMBTJi"},{"path":"loot_tables/mobblocks/fish/entities/mahi_mahi.json","key":"fO221sFAhvOxwgsmNQmrXIIoAdYOjeeM"},{"path":"loot_tables/mobblocks/fish/entities/mbl_r_e_b.json","key":"gQ4IYPAT7rLFmGSKgKzwlkC0z5EKxTsk"},{"path":"loot_tables/mobblocks/fish/entities/milkfish.json","key":"uS86Avw4aRKHUcx3hHk5Lg5MUT4fvKVm"},{"path":"loot_tables/mobblocks/fish/entities/minnow.json","key":"yK41BxYlMQsQLoGI8tnIEFfJjHeoA3Vf"},{"path":"loot_tables/mobblocks/fish/entities/monkfish.json","key":"hP7HaAplZWBHoXGx4xsV0RZ3CSLZ7AIc"},{"path":"loot_tables/mobblocks/fish/entities/nile_perch.json","key":"uS17S7lzUoNRLPQ2t8xXv9Mfjhq9S2cB"},{"path":"loot_tables/mobblocks/fish/entities/north_pike.json","key":"oA2EUcc7s1p3Ff1vhp8cncqgw4ps8Kkq"},{"path":"loot_tables/mobblocks/fish/entities/opah.json","key":"sI2Emj1uPL1Zwy5WjF66W3JwStrnzfH9"},{"path":"loot_tables/mobblocks/fish/entities/oscar.json","key":"zL3BJlB2WP2BrP1mBoaS5dCsQK91Jzzt"},{"path":"loot_tables/mobblocks/fish/entities/perch.json","key":"dN7hcPK38x7iwHwH6iSSO9Yjvy48uANw"},{"path":"loot_tables/mobblocks/fish/entities/piranha.json","key":"iT5MXHSqlPpk2wK0KeyVyKBCGbNq0UQW"},{"path":"loot_tables/mobblocks/fish/entities/pollock.json","key":"lS3BPwfxUnQaMM3OuT3puQpbTlrCMnb4"},{"path":"loot_tables/mobblocks/fish/entities/pompano.json","key":"sF8Eyk594gRdAX4KGmhixqW1kJOQ3605"},{"path":"loot_tables/mobblocks/fish/entities/pumkinseed.json","key":"hU00b5FJ3VwXVVsvQMk3VyoQk9UNlaZi"},{"path":"loot_tables/mobblocks/fish/entities/rainbow_t.json","key":"hG8HZ6OEKTmLZMJ8XWuTMu5vvABnqctR"},{"path":"loot_tables/mobblocks/fish/entities/red_drum.json","key":"lN2elfnBjug1PXKpbZT4CJ0ysbNQ5hff"},{"path":"loot_tables/mobblocks/fish/entities/red_snapper.json","key":"lA4jmhRe6yjWxMBixLPxHjmaLBeRwoWn"},{"path":"loot_tables/mobblocks/fish/entities/roach.json","key":"uI2P86UxI2ENR69KRZEdTQc0Md2Sqgkd"},{"path":"loot_tables/mobblocks/fish/entities/roosterfish.json","key":"zW2yn1583vl54QT62sfQ0d6Zx8sg0zh2"},{"path":"loot_tables/mobblocks/fish/entities/rudd.json","key":"gG4x96RAU2coW5iR86KHu9QbiF9ZtttV"},{"path":"loot_tables/mobblocks/fish/entities/sailfish.json","key":"kF31Q1rpqJbrU7al0uJ8NzwttoUVeGIF"},{"path":"loot_tables/mobblocks/fish/entities/sardine.json","key":"oL3Q5xqosiS6pRpYFqltqfhnqh8oK69P"},{"path":"loot_tables/mobblocks/fish/entities/sea_bass.json","key":"tH81NvyNdqrtf4oy15fqNsrSme9FbzpQ"},{"path":"loot_tables/mobblocks/fish/entities/sea_net.json","key":"vO7HOBlsjRRZ98y23PxTPycF65rLv6BU"},{"path":"loot_tables/mobblocks/fish/entities/skipjack_t.json","key":"fK4YJd7myzG3B1dxc1LXjmyICv8VyQ4u"},{"path":"loot_tables/mobblocks/fish/entities/snapper.json","key":"sW2R51GbB5qRv5v82KSLh6wHtAY30Cox"},{"path":"loot_tables/mobblocks/fish/entities/stickleback.json","key":"wG9A0vgVOFswGAy4Kdm9eenqw6MeN04u"},{"path":"loot_tables/mobblocks/fish/entities/striped_b.json","key":"dT9PXvgl6nXEcnB7BLFYbTCvVynatUIv"},{"path":"loot_tables/mobblocks/fish/entities/sturgeon.json","key":"sF4bc4AyzNvj6Xx3sfemCtOXjm645Jvs"},{"path":"loot_tables/mobblocks/fish/entities/swordfish.json","key":"kW37jj8IxwiBL2mxgS1jg1tr6zijCnJj"},{"path":"loot_tables/mobblocks/fish/entities/tarpon.json","key":"jL8oLKvcQ3YT2JsKsdwhTHe932Bcxg8I"},{"path":"loot_tables/mobblocks/fish/entities/tench.json","key":"cZ2A4Qw0QuA5SuFf4JuAAQH1jlCFwM4M"},{"path":"loot_tables/mobblocks/fish/entities/tilapia.json","key":"eX7BCqLOqgojE3ZjxLiP3kvL0CvW8z3q"},{"path":"loot_tables/mobblocks/fish/entities/tilefish.json","key":"yM2mJV6bBl5hk4Baiktsxd9crxZc3dyz"},{"path":"loot_tables/mobblocks/fish/entities/toothfish.json","key":"pX6enmXiQ6ehOZXRaHXjHhhG6rQQRvLR"},{"path":"loot_tables/mobblocks/fish/entities/wahoo.json","key":"cN5IOtLP21P0z9eRfIQiwG6kCyNtTvgm"},{"path":"loot_tables/mobblocks/fish/entities/walleye.json","key":"fR0rpM08SwAfiUoXFT5XHHSFGhw5hHIP"},{"path":"loot_tables/mobblocks/fish/entities/whitefish.json","key":"mP6Bex4UNP3WmCY8I890WV0bxEapNtTy"},{"path":"loot_tables/mobblocks/fish/entities/white_bass.json","key":"mQ2T8rV8KkIyJF4J3PyM0tztm3YdbhPK"},{"path":"loot_tables/mobblocks/fish/entities/yellowfin_t.json","key":"aK96XSmAUI3ahrI4Lg57VZVT5Exfhyow"},{"path":"loot_tables/mobblocks/fish/entities/zander.json","key":"uI8wIoOH5RYF3qpYldZyLeRI1K35ZMdp"},{"path":"manifest.json"},{"path":"pack_icon.png"},{"path":"recipes/mobblocks/fish/casting_net.json","key":"qW3v50mRRKMtuIl0SVzJLmVj7sOFMfZJ"},{"path":"recipes/mobblocks/fish/co_alligator_gar.json","key":"uU9jBXkp3X3XJFM4qzs7sXnqzyGktQWY"},{"path":"recipes/mobblocks/fish/co_anchovy.json","key":"kE0UUHoQWE684GV04eyhevQL3dKvZjve"},{"path":"recipes/mobblocks/fish/co_arctic_char.json","key":"sL4i31bwSVm8kEALCkRAFpKmx76HLOQN"},{"path":"recipes/mobblocks/fish/co_barracuda.json","key":"dP8MqbFIIMmtP1Sxy0T9G620zi8GPpSK"},{"path":"recipes/mobblocks/fish/co_barramundi.json","key":"lZ6pbzl2iZmnfBskcZrFCqPAu5sJkVml"},{"path":"recipes/mobblocks/fish/co_black_crappie.json","key":"jO5AujROieIHNIHbxiEvnu03lRpKj8vo"},{"path":"recipes/mobblocks/fish/co_bluefin_tuna.json","key":"iR955rvRXKWNzsU2kZ7UlxXdGZsQMXnz"},{"path":"recipes/mobblocks/fish/co_bluegill.json","key":"iR3fnCRrKkFS5o61O2MUhF1sAVVl0FCu"},{"path":"recipes/mobblocks/fish/co_blue_marlin.json","key":"iI5eVJJsRE7CMEBtbffu8oF2Ur0UVws3"},{"path":"recipes/mobblocks/fish/co_bowfin.json","key":"zX3aeC5Es03ziVJfepQ841LqmmrMkKRB"},{"path":"recipes/mobblocks/fish/co_bream.json","key":"uT3slV1web3wmhoQ1Sz07LPUEIjf8Hmr"},{"path":"recipes/mobblocks/fish/co_brown_trout.json","key":"gW52LcVAFomoxedSgCCNfKxxRhqZqT9u"},{"path":"recipes/mobblocks/fish/co_burbot.json","key":"lX5294olMzQQc0g1raMMU5iSquYzCWKK"},{"path":"recipes/mobblocks/fish/co_channel_catfish.json","key":"pM5xzQExp830MdPvQx5H5ybyl7Yo2scQ"},{"path":"recipes/mobblocks/fish/co_chub.json","key":"fS4pfzp8pgekcqlbsXu0ENzSS9wHaKa9"},{"path":"recipes/mobblocks/fish/co_cobia.json","key":"oM784eGCbmNeU5Sl8W0kdHt7czqkGVr1"},{"path":"recipes/mobblocks/fish/co_coelacanth.json","key":"tX0IvaegUv1zEWC1r7WGNctpAJFu6m67"},{"path":"recipes/mobblocks/fish/co_common_carp.json","key":"tT6FSo2v2n7VLboMe0ZNpCUyLVhZpFYC"},{"path":"recipes/mobblocks/fish/co_croaker.json","key":"uL9IrmQPx5KAnGYM7UcGs1GS81sbAerN"},{"path":"recipes/mobblocks/fish/co_crucian_carp.json","key":"aP42wIbs6TfeVxmdkoyOqWXkdG9r6M7q"},{"path":"recipes/mobblocks/fish/co_eel.json","key":"eK5op7BVapFHbwtN7VbT9wcCsnw4GMQE"},{"path":"recipes/mobblocks/fish/co_esoolar.json","key":"rY5ECQ5E7YGnk2vgY5KMwoznrbtNTSLh"},{"path":"recipes/mobblocks/fish/co_goby.json","key":"kF2z5wS59lRcnIohBbEqjW4rEQdPsSwF"},{"path":"recipes/mobblocks/fish/co_grass_carp.json","key":"eM7KWpJ5boFvtf4uPPCISy3c8zGuLzWw"},{"path":"recipes/mobblocks/fish/co_grayling.json","key":"dO4ca5Qg74OAQxnhvoFgniQC7oLvqx5U"},{"path":"recipes/mobblocks/fish/co_grouper.json","key":"gG3YN3x8BoO6I9iRShldCMYIhbM9oyRy"},{"path":"recipes/mobblocks/fish/co_haddock.json","key":"iS3ktFdMB2UCdMgf9AQwfu5adQ43ks2k"},{"path":"recipes/mobblocks/fish/co_halibut.json","key":"mE0WWNi7pTnpnSih55rvgOJpdbO7B3VK"},{"path":"recipes/mobblocks/fish/co_herring.json","key":"iE6qn6ai1fsw3zC2Z7YSX7qTMJ0qTAeX"},{"path":"recipes/mobblocks/fish/co_large_mouth_bass.json","key":"iS5WvJ8p2MbmYEGLYPrCejLN1rwMi22N"},{"path":"recipes/mobblocks/fish/co_lingcod.json","key":"dQ9KR5wRTIvukPGIdWqFuLapzWmxBaqJ"},{"path":"recipes/mobblocks/fish/co_mackerel.json","key":"aM56Pyp4NzaEmamtmXgjhBMMSc3CTqC2"},{"path":"recipes/mobblocks/fish/co_mahi_mahi.json","key":"uC2LniV5Rx5yL9wMMKqqI6wErL9snwHe"},{"path":"recipes/mobblocks/fish/co_milkfish.json","key":"eM11Vt6xvkQ6b9S0f9AqaGYkKN0rfMZW"},{"path":"recipes/mobblocks/fish/co_monkfish.json","key":"yA4T6zqnCU4mPpMqcj29suWCot3OJrsc"},{"path":"recipes/mobblocks/fish/co_nile_perch.json","key":"xO45uiP5NXhkZeeNUtnRWQ2EliQbIWVi"},{"path":"recipes/mobblocks/fish/co_northern_pike.json","key":"uK1L0RThdv1CWA6ZqdJsqASPuUXCLWSd"},{"path":"recipes/mobblocks/fish/co_opah.json","key":"tH3Vg52peGC4Xfbe81bdZmKKzAkx0jeU"},{"path":"recipes/mobblocks/fish/co_oscar.json","key":"gR6rb8tivBhaA2I3WA2MJFQcp1NYV7t6"},{"path":"recipes/mobblocks/fish/co_patagonian_toothfish.json","key":"fZ4u0LBynzxv8hTBgoYoQhYJVB7eXN0B"},{"path":"recipes/mobblocks/fish/co_perch.json","key":"nI2IGKj5GWEnVZ3fKei5hBu9lIEJ4FYa"},{"path":"recipes/mobblocks/fish/co_piranha.json","key":"aR4X3cbq51oxrJSoSUEPqxb7TbQwsgsm"},{"path":"recipes/mobblocks/fish/co_pollock.json","key":"jB7TkKzgyLxOWiKysjsruiV5X6b5nzmq"},{"path":"recipes/mobblocks/fish/co_pompano.json","key":"jQ0SKZrsWEVkquHoSuTVNBCkTs6Pjy68"},{"path":"recipes/mobblocks/fish/co_pumkinseed.json","key":"qQ1Qo0OeNEhbhUhnk4y7uuiXAx2RqETq"},{"path":"recipes/mobblocks/fish/co_rainbow_trout.json","key":"yC6OAk3Bx0rrcrBSs0JY9BQAvaEUktwW"},{"path":"recipes/mobblocks/fish/co_red_drum.json","key":"vV1FY3r8xbNOIFkMSrY67Sgo3r2xQYXx"},{"path":"recipes/mobblocks/fish/co_red_snapper.json","key":"dY1katjP8sF0FwCP3OfIaCzfIinMpIjF"},{"path":"recipes/mobblocks/fish/co_roach.json","key":"tH8B94fe7hImu8xnhEv6sxx4zWyZRw7V"},{"path":"recipes/mobblocks/fish/co_roosterfish.json","key":"kS1ooOuQuoam3gO3H5ENOFagqWIafkU6"},{"path":"recipes/mobblocks/fish/co_rudd.json","key":"eB2eZlQ0JTIHCA3KXmE9SOnaPXfeUhyx"},{"path":"recipes/mobblocks/fish/co_sailfish.json","key":"uV6LrHZUGras28aMhZ79BBypqrgWnaQq"},{"path":"recipes/mobblocks/fish/co_sardine.json","key":"sY8sOBZfMpOSYUozvS2NvSJM8jdWB9JJ"},{"path":"recipes/mobblocks/fish/co_sea_bass.json","key":"gT7rg4RZBHbSavVhHNrYtudsQ431SSGP"},{"path":"recipes/mobblocks/fish/co_skipjack_tuna.json","key":"zU2ScCFBXcVH2OSpqzto9QJjLUvO7QEQ"},{"path":"recipes/mobblocks/fish/co_snapper.json","key":"yJ8WpO7TVpuK5pkOJwCAaMNMkqtwONwL"},{"path":"recipes/mobblocks/fish/co_striped_bass.json","key":"xQ6f5ISwp4B00ja6sCwCtabv2aJo86Om"},{"path":"recipes/mobblocks/fish/co_sturgeon.json","key":"hS5Hn8GfgJoIm9ZczZPCgQA8vmVBO8J9"},{"path":"recipes/mobblocks/fish/co_swordfish.json","key":"cZ7cEPb4qmXt68J99yeoZkGTkCWkhK3N"},{"path":"recipes/mobblocks/fish/co_tarpon.json","key":"sY7bSqMZHco797ra5Oew365F6atVAxO7"},{"path":"recipes/mobblocks/fish/co_tench.json","key":"iY6GyLmWBCqNQmhcRzzl98VQJMyoWK5w"},{"path":"recipes/mobblocks/fish/co_tilapia.json","key":"xN8egFivTO8HSpqbfPsW6uHUIgNee7G1"},{"path":"recipes/mobblocks/fish/co_tilefish.json","key":"fE4c3uooPtsu4SStgW3ExijKWmOCdaqd"},{"path":"recipes/mobblocks/fish/co_wahoo.json","key":"vZ1PZsGpveUvThvaRHtinugUwRE1QVGn"},{"path":"recipes/mobblocks/fish/co_walleye.json","key":"wU9xkkqBcyKjY3sXg4zqA6zf4ocWUJqy"},{"path":"recipes/mobblocks/fish/co_whitefish.json","key":"hT2cxl7mQjzxSLZfF08vi3RTIOCdvSZP"},{"path":"recipes/mobblocks/fish/co_white_bass.json","key":"zC2eMMOWMjolBexMt4ovIX4KkSY4rmtm"},{"path":"recipes/mobblocks/fish/co_yellowfin_tuna.json","key":"bK6fC89Y4ugPn5S464piBzrFbQofxQGT"},{"path":"recipes/mobblocks/fish/co_zander.json","key":"qF3MnddC11uGQeSlqrNZNNsO4YBWLfz0"},{"path":"recipes/mobblocks/fish/explainer_book.json","key":"fW5oPtyaqNuEXNmJWOhzHvPHfqiwGN9G"},{"path":"recipes/mobblocks/fish/fish_settings.json","key":"nA5u6ZuaKoYzO8RvbSVSd70TwqwGURuO"},{"path":"scripts/mbl_fish_main.js","key":"vO3mZAhNy0mfYuTnp4syhd6SRiA2nCdT"},{"path":"spawn_rules/alligator_gar.json","key":"xU8dbycqbdRMpRktgTJ8EO2I0yQLHiuO"},{"path":"spawn_rules/anchovy.json","key":"eT3TSAgB1cSPUuYbPnQOGpZMUiyIKRj0"},{"path":"spawn_rules/arctic_char.json","key":"lZ3CRu8msuiHlf9MUF6wSrP5UKlQb4ML"},{"path":"spawn_rules/barracuda.json","key":"sS1qFocBRJXeHBp4QrNavRmoBqI2HB6I"},{"path":"spawn_rules/barramundi.json","key":"cJ8OgZmefi36ntVGHNNAn5IyhwsMrVCV"},{"path":"spawn_rules/black_crappie.json","key":"nB7LGSmIaVd0my8itcM082wodHlmw9KB"},{"path":"spawn_rules/bluefin_tuna.json","key":"jK1KTNBEd3CKUCrCNXpFK9TkfSNlTHcB"},{"path":"spawn_rules/bluegill.json","key":"lU4N47t209OaJ1OXd8C4n1PuVhBmpfiV"},{"path":"spawn_rules/blue_marlin.json","key":"dH9OZPz0lQRU4gMRcXeWaAAv7YeJBX17"},{"path":"spawn_rules/bowfin.json","key":"cB27s7XSGNWVpgsCJZvwAOjhG0fKg77s"},{"path":"spawn_rules/bream.json","key":"jO20oJ8myR2gGj2pgFUCxWWyTAuh8xGP"},{"path":"spawn_rules/brown_trout.json","key":"kI3WuAebKvE5k7wQMQ57jjUZXgAMnq3s"},{"path":"spawn_rules/burbot.json","key":"mX0igXt2L2yAuF0Hb42O5Jf1fX8iOiOm"},{"path":"spawn_rules/channel_catfish.json","key":"eV7zNxTe9faZv99NWRRqw3qRVVBRJvtC"},{"path":"spawn_rules/chub.json","key":"zG6CxgAwyQN9h8MJj3VgHk13NN5NgJl9"},{"path":"spawn_rules/cobia.json","key":"cB9Zf6d1O2USdXdfsqT4imVtnVWVLUAs"},{"path":"spawn_rules/coelacanth.json","key":"vJ8dCtPLRJeuAbiE4YQlLAh7jGZWI9CR"},{"path":"spawn_rules/common_carp.json","key":"yY4TKUUVH1FC4lPmA6FuqVbBr7h7Gqqy"},{"path":"spawn_rules/common_molly.json","key":"cA3i5KSGAedxbqgNSCYxaCuLkCZz1s8j"},{"path":"spawn_rules/croaker.json","key":"tN3KNE6yYFyvb1RgwVevHfAN96TPTZ6X"},{"path":"spawn_rules/crucian_carp.json","key":"cO4S82899rUpdvPRn12I9GYNoOPFHsrW"},{"path":"spawn_rules/eel.json","key":"iK7jaNF3GYfVVnGLLle2nh3CUn1Py5Ti"},{"path":"spawn_rules/escolar.json","key":"kF9dwPIE3lUisMZ3pUQs8eEAAaf5S8BQ"},{"path":"spawn_rules/goby.json","key":"bZ0NawVYA0dEsegg9YVJqqFP32x6ZkNY"},{"path":"spawn_rules/goldfish.json","key":"tK4S9yy0QFA1mIfM8fUGLy9bIgP18JCo"},{"path":"spawn_rules/grass_carp.json","key":"pO4tfuYRBb3oL45T8najZ1WaX8trUmuC"},{"path":"spawn_rules/grayling.json","key":"sI6wOih4l8NPktWEj1v1dMhx9NRwiwbE"},{"path":"spawn_rules/grouper.json","key":"xS0Fih9svxe7bokvcbgpxEW3c5J9odem"},{"path":"spawn_rules/gudgeon.json","key":"hO1mHe0V7j8mAol9AQQKU2VZnhZcm87e"},{"path":"spawn_rules/guppy.json","key":"nT14v2vgcHTTrWmRuefQTuSBHOHXdLBM"},{"path":"spawn_rules/haddock.json","key":"iF62kqlKabmtgzwzN5Jzf4SrHV330FbL"},{"path":"spawn_rules/halibut.json","key":"xH992bIdC2IgXj7cmHWFh43S2ESNpVCJ"},{"path":"spawn_rules/herring.json","key":"qW3oOwV21gIX1SNLvXY0emcmsSxEalEO"},{"path":"spawn_rules/large_mouth_bass.json","key":"cZ0kQwSnXYngOF1qgQaVYcbJ65vpmiyO"},{"path":"spawn_rules/lingcod.json","key":"vN50JPafNZhW9W6FVHlaKPkHV3frLhxh"},{"path":"spawn_rules/lionfish.json","key":"rK7wQTH4qAyIGnY49YYXrWekcqirlfJz"},{"path":"spawn_rules/mackerel.json","key":"gW46mNKPW6yMciCtnuV0CJQwpoTqRzfw"},{"path":"spawn_rules/mahi_mahi.json","key":"lX1QxTlIVIgU4nxBjE3vflosS1AJKEsB"},{"path":"spawn_rules/milkfish.json","key":"iS3Ipqz4Efyw3CZ89vRuF4LhYtdWJVak"},{"path":"spawn_rules/minnow.json","key":"mH6e8HtVsgtxfXR5h6QRIjqMbf0fIiCL"},{"path":"spawn_rules/monkfish.json","key":"wW9ZbuNnuxcf2zMCSLZKLAhHVwzsr5TL"},{"path":"spawn_rules/nile_perch.json","key":"cN6HSxCu75Oyg2MljOuEjnpFgrKqHCLP"},{"path":"spawn_rules/northern_pike.json","key":"nM89R7drkwIv8wCiYGpm5F0aX1viJfpE"},{"path":"spawn_rules/opah.json","key":"zR9S7Jxm8Q1ANtNQxMFJ0y1HeyJwvrl9"},{"path":"spawn_rules/oscar.json","key":"dM1yVqUBuHZp09r2tOZHvEG5Nal33301"},{"path":"spawn_rules/patagonian_toothfish.json","key":"lU4FokZnL6GOYcapBhPvzslLKdRIWGfZ"},{"path":"spawn_rules/perch.json","key":"yZ7LNLAPHFR8lKEjq9I9b1IxhKz9C4zt"},{"path":"spawn_rules/piranha.json","key":"aF0mCJqIxFGK1g4grAOpnEeaZqthYfXw"},{"path":"spawn_rules/pollock.json","key":"jY14ihXmvjTpiyro73u0o6LTS5CC9aIW"},{"path":"spawn_rules/pompano.json","key":"qJ0BIcQgCJYAJmW9THVVQx4oYSnHTFd7"},{"path":"spawn_rules/pumkinseed.json","key":"bP5AwBzYbxKO8uoGFXiSrl7wpivuE8Ta"},{"path":"spawn_rules/rainbow_trout.json","key":"xR6PWtFPhWpGchwY1vFvm5iaey78omQ6"},{"path":"spawn_rules/red_drum.json","key":"uR4f4m5a6G7PbA38lrdNKlOMmWeSwb8Z"},{"path":"spawn_rules/red_snapper.json","key":"kW5dQsLvqNFoLmeQqZVoT9LAt1xOzXyN"},{"path":"spawn_rules/roach.json","key":"oF3PrAdvM4KCXXqn0YUwZK4v69ifzK0J"},{"path":"spawn_rules/roosterfish.json","key":"rS91Pqrn9UvNp1sF16YLIvglEASWVqrg"},{"path":"spawn_rules/rudd.json","key":"gC5vIjoj3g3kWdYqtEZg1IIiggeQEpUN"},{"path":"spawn_rules/sailfish.json","key":"lI91C7UTyNbBsvfB7qFNwpEYUtROv4WA"},{"path":"spawn_rules/sardine.json","key":"wT5abYRBXSCtYkCAsCXpiU0UAeHnfrTY"},{"path":"spawn_rules/sea_bass.json","key":"nK5m754Lb1pzbFvlQYm2GqytkKZjRem2"},{"path":"spawn_rules/skipjack_tuna.json","key":"uO8AmnxeNf0Ve6MTtSoUNBuOhRMZAaQU"},{"path":"spawn_rules/snapper.json","key":"nT9k4TOTCP5aYl4eRees1lh0gIMUM3Hy"},{"path":"spawn_rules/stickleback.json","key":"fW3Q6kljrKiT2eCpXtuYesgrdA9ZSJeg"},{"path":"spawn_rules/striped_bass.json","key":"dM2uMmX7KuBgkRPEbYn5OyMiwnqSy12R"},{"path":"spawn_rules/sturgeon.json","key":"qM7nRKj0P2FCC2khqSdvqioN7QZuZyPe"},{"path":"spawn_rules/swordfish.json","key":"mT5QNeSriSLKyn3B9eK1t7IUzCow4gZx"},{"path":"spawn_rules/tarpon.json","key":"pJ1hIBbkA3CGgXT0m3KJ6AF71ydHUAyi"},{"path":"spawn_rules/tench.json","key":"wE27Cc8yYQrP4twE2EycrhVLInm0UrcP"},{"path":"spawn_rules/tilapia.json","key":"qW6RofkPpvxTssa2cTWVpf83qsdEHwtO"},{"path":"spawn_rules/tilefish.json","key":"kT79owHme451hK0V78f4Bz2RwBAXXu5v"},{"path":"spawn_rules/wahoo.json","key":"yM6WNzmnXq2jwYAvM1UosRr7P8u543K7"},{"path":"spawn_rules/walleye.json","key":"nL3RZTOLQA5E9VW4JKOYBVj4IdhU498j"},{"path":"spawn_rules/whitefish.json","key":"bO9Tnc3p3VQOCKpgHniVmuSAhmqRFiuu"},{"path":"spawn_rules/white_bass.json","key":"zU0UPRuuoc9C5uj8HQp4EH98q8CVelJz"},{"path":"spawn_rules/yellowfin_tuna.json","key":"dE9NIOb6EzR3TisWwO5ObUIq6SEWCtht"},{"path":"spawn_rules/zander.json","key":"bL8eZ5C7HkqSUrqjadFdCx6vXUS2K4AV"},{"path":"texts/en_GB.lang"},{"path":"texts/en_US.lang"},{"path":"texts/languages.json"},{"path":"signatures.json","key":"dB9oFbd9QrtcKdEmetIWjcYEZ2r51hCV"},{"path":"entities/"},{"path":"functions/mobblocks/fish/"},{"path":"items/"},{"path":"loot_tables/gameplay/fishing/"},{"path":"loot_tables/mobblocks/fish/entities/"},{"path":"recipes/mobblocks/fish/"},{"path":"scripts/"},{"path":"spawn_rules/"},{"path":"texts/"}]}