{
	"format_version": "1.10.0",
	"particle_effect": {
		"description": {
			"identifier": "xp_furniture:lamp_light",
			"basic_render_parameters": {
				"material": "particles_add",
				"texture": "textures/xp/fpack/particle/xp_sprite"
			}
		},
		"curves": {
			"variable.size1": {
				"type": "bezier",
				"input": "v.particle_age",
				"horizontal_range": "v.particle_lifetime",
				"nodes": [0, 1.76, 2.26, 2]
			},
			"variable.colour": {
				"type": "linear",
				"input": "v.particle_age",
				"horizontal_range": "v.particle_lifetime",
				"nodes": [0, 1, 0]
			}
		},
		"components": {
			"minecraft:emitter_local_space": {
				"position": true,
				"rotation": true
			},
			"minecraft:emitter_rate_instant": {
				"num_particles": 1
			},
			"minecraft:emitter_lifetime_expression": {
				"activation_expression": 1
			},
			"minecraft:emitter_shape_point": {
				"offset": [0.3, 0.3, 0]
			},
			"minecraft:particle_lifetime_expression": {
				"max_lifetime": 9999999
			},
			"minecraft:particle_initial_spin": {
				"rotation": 180
			},
			"minecraft:particle_initial_speed": 0,
			"minecraft:particle_motion_dynamic": {},
			"minecraft:particle_appearance_billboard": {
				"size": [0.349, 0.35],
				"facing_camera_mode": "direction_y",
				"direction": {
					"mode": "custom",
					"custom_direction": [-0.5, 3, 0]
				},
				"uv": {
					"texture_width": 256,
					"texture_height": 256,
					"uv": [0, 128],
					"uv_size": [128, 64]
				}
			},
			"minecraft:particle_appearance_tinting": {
				"color": {
					"interpolant": "v.particle_age / v.particle_lifetime",
					"gradient": {
						"0.0": "#FFFFF3B8",
						"0.41": "#E0FFF3B8",
						"0.84": "#FFFFF3B8",
						"1.0": "#FFFFF3B8"
					}
				}
			}
		}
	}
}