{
	"format_version": "1.12.0",
	"minecraft:geometry": [
		{
			"description": {
				"identifier": "geometry.pod_farm.bison",
				"texture_width": 256,
				"texture_height": 256,
				"visible_bounds_width": 6,
				"visible_bounds_height": 4,
				"visible_bounds_offset": [0, 1, 0]
			},
			"bones": [
				{
					"name": "body",
					"pivot": [0, 19, 2],
					"rotation": [90, 0, 0],
					"cubes": [
						{"origin": [-8, 8, -8], "size": [16, 14, 15], "uv": [1, 112]},
						{"origin": [-2, 8, -6], "size": [4, 0, 13], "pivot": [0, 8, 7], "rotation": [12.5, 0, 0], "uv": [3, 99]},
						{"origin": [-9, 22, -10], "size": [18, 11, 18], "uv": [0, 60]}
					]
				},
				{
					"name": "neck",
					"pivot": [0, 19, -12]
				},
				{
					"name": "head",
					"parent": "neck",
					"pivot": [0, 19, -12],
					"cubes": [
						{"origin": [-5, 14, -20], "size": [10, 8, 8], "uv": [33, 0]},
						{"origin": [-5, 16, -20.75], "size": [10, 6, 9], "inflate": 0.4, "uv": [32, 18]},
						{"origin": [-4, 10, -20], "size": [8, 4, 8], "uv": [63, 10]},
						{"origin": [0, 5, -17], "size": [0, 14, 9], "uv": [69, 17]},
						{"origin": [-1, 6, -16], "size": [0, 14, 9], "uv": [69, 17]},
						{"origin": [1, 6, -16], "size": [0, 14, 9], "uv": [69, 17]},
						{"origin": [-7, 16, -14.575], "size": [14, 3, 0], "uv": [67, 2]}
					],
					"locators": {
						"lead": [0, 14, -12]
					}
				},
				{
					"name": "horns",
					"parent": "head",
					"pivot": [0, 41.91907, -28.35511]
				},
				{
					"name": "hornright",
					"parent": "horns",
					"pivot": [0, 21, -11],
					"cubes": [
						{"origin": [-7, 19, -18], "size": [2, 4, 2], "uv": [21, 4]}
					]
				},
				{
					"name": "hornleft",
					"parent": "horns",
					"pivot": [0, 21, -11],
					"cubes": [
						{"origin": [5, 19, -18], "size": [2, 4, 2], "uv": [21, 4], "mirror": true}
					]
				},
				{
					"name": "leg0",
					"pivot": [-5, 9, 10],
					"cubes": [
						{"origin": [-7, 0, 9], "size": [5, 12, 5], "uv": [0, 0]}
					]
				},
				{
					"name": "leg1",
					"pivot": [5, 9, 10],
					"cubes": [
						{"origin": [2, 0, 9], "size": [5, 12, 5], "uv": [0, 0], "mirror": true}
					]
				},
				{
					"name": "leg2",
					"pivot": [-5, 8, -8],
					"cubes": [
						{"origin": [-8, 0, -11], "size": [5, 12, 5], "uv": [0, 0]}
					]
				},
				{
					"name": "leg3",
					"pivot": [5, 8, -8],
					"cubes": [
						{"origin": [3, 0, -11], "size": [5, 12, 5], "uv": [0, 0], "mirror": true}
					]
				}
			]
		}
	]
}