{
	"format_version": "1.12.0",
	"minecraft:geometry": [
		{
			"description": {
				"identifier": "geometry.pod_farm.duck",
				"texture_width": 128,
				"texture_height": 128,
				"visible_bounds_width": 3,
				"visible_bounds_height": 2.5,
				"visible_bounds_offset": [0, 0.75, 0]
			},
			"bones": [
				{
					"name": "bone",
					"pivot": [0, 7, 0],
					"locators": {
						"lead": [0, 10.75, 0.5]
					}
				},
				{
					"name": "head",
					"parent": "bone",
					"pivot": [0, 12.5, -6],
					"cubes": [
						{"origin": [-3, 9.81036, -9.00475], "size": [6, 11, 5], "uv": [34, 19]},
						{"origin": [-2, 15.8, -13], "size": [4, 2, 4], "uv": [20, 18]}
					]
				},
				{
					"name": "body",
					"parent": "bone",
					"pivot": [0, 7, 0],
					"cubes": [
						{"origin": [-8, 5, -5], "size": [16, 8, 10], "pivot": [0, 5, 0], "rotation": [0, -90, 0], "uv": [0, 0]}
					]
				},
				{
					"name": "wings",
					"parent": "bone",
					"pivot": [0, 7, 0]
				},
				{
					"name": "wing1",
					"parent": "wings",
					"pivot": [5, 12.5, -5],
					"cubes": [
						{"origin": [3.89547, 6.44527, -6.43352], "size": [2, 7, 13], "pivot": [-1.74808, 7.54527, -12.43352], "rotation": [-10.10579, 4.5253, -2.8979], "uv": [0, 18], "mirror": true}
					]
				},
				{
					"name": "wing0",
					"parent": "wings",
					"pivot": [-5, 12.5, -5],
					"cubes": [
						{"origin": [-5.89547, 6.44527, -6.43352], "size": [2, 7, 13], "pivot": [1.74808, 7.54527, -12.43352], "rotation": [-10.10579, -4.5253, 2.8979], "uv": [0, 18]}
					]
				},
				{
					"name": "legs",
					"parent": "bone",
					"pivot": [0, 5, 0]
				},
				{
					"name": "leg0",
					"parent": "legs",
					"pivot": [-2, 5, 0],
					"cubes": [
						{"origin": [-4, 0.075, -5], "size": [3, 5, 5], "uv": [-1, 51]}
					]
				},
				{
					"name": "leg1",
					"parent": "legs",
					"pivot": [2, 5, 0],
					"cubes": [
						{"origin": [1, 0.075, -5], "size": [3, 5, 5], "uv": [-1, 51], "mirror": true}
					]
				},
				{
					"name": "tail",
					"parent": "bone",
					"pivot": [0, 0, 0],
					"rotation": [0, -90, 0],
					"cubes": [
						{"origin": [8, 10, -4], "size": [0, 8, 8], "pivot": [8, 13, 0], "rotation": [0, 0, 32.5], "uv": [58, -8]},
						{"origin": [9.0746, 8.31322, -4], "size": [0, 8, 8], "pivot": [8, 13, 0], "rotation": [0, 0, 32.5], "uv": [58, -8]}
					]
				}
			]
		}
	]
}