{
	"format_version": "1.12.0",
	"minecraft:geometry": [
		{
			"description": {
				"identifier": "geometry.pod_farm.goose",
				"texture_width": 64,
				"texture_height": 64,
				"visible_bounds_width": 3,
				"visible_bounds_height": 3.5,
				"visible_bounds_offset": [0, 1.25, 0]
			},
			"bones": [
				{
					"name": "bone",
					"pivot": [0, 3.4, 0],
					"locators": {
						"lead": [0, 9.15, -6.5]
					}
				},
				{
					"name": "body",
					"parent": "bone",
					"pivot": [0, 3.4, 0],
					"cubes": [
						{"origin": [-7, 3, -4.5], "size": [11, 7, 8], "pivot": [-0.5, 2, 0], "rotation": [0, -90, 0], "uv": [0, 17]},
						{"origin": [-0.5, 10, -0.5], "size": [6, 0, 8], "pivot": [-0.5, 10, 4], "rotation": [90, -55, -90], "uv": [-8, 56]},
						{"origin": [-0.5, 9, -0.5], "size": [6, 0, 8], "pivot": [-0.5, 9, 4], "rotation": [90, -55, -90], "uv": [-8, 56]}
					]
				},
				{
					"name": "wings",
					"parent": "bone",
					"pivot": [0, 3.4, 0]
				},
				{
					"name": "wing0",
					"parent": "wings",
					"pivot": [-3.25, 8.9, -4.75],
					"cubes": [
						{"origin": [-5.21942, 2.6307, -6.87374], "size": [2, 6.5, 11], "pivot": [-3.5, 10, -6], "rotation": [12.45392, -1.08089, 4.88206], "uv": [15, 39], "mirror": true}
					]
				},
				{
					"name": "wing1",
					"parent": "wings",
					"pivot": [3.25, 8.9, -4.75],
					"cubes": [
						{"origin": [3.21942, 2.6307, -6.87374], "size": [2, 6.5, 11], "pivot": [3.5, 10, -6], "rotation": [12.45392, 1.08089, -4.88206], "uv": [15, 39]}
					]
				},
				{
					"name": "neck",
					"parent": "bone",
					"pivot": [0, 3.4, 0],
					"cubes": [
						{"origin": [-9, 5, -1.5], "size": [3, 13, 2], "pivot": [-0.5, 2, 0], "rotation": [0, -90, 0], "uv": [54, 49]}
					]
				},
				{
					"name": "head",
					"parent": "bone",
					"pivot": [0, 18.15, -7],
					"cubes": [
						{"origin": [-12, 18, -2.5], "size": [6, 4, 4], "pivot": [-0.5, 2, 0], "rotation": [0, -90, 0], "uv": [1, 1]},
						{"origin": [-1, 18, -14.5], "size": [2, 2, 3], "uv": [54, 29]}
					]
				},
				{
					"name": "legs",
					"parent": "bone",
					"pivot": [0, 3.4, 1]
				},
				{
					"name": "leg0",
					"parent": "legs",
					"pivot": [-2.5, 3.15, 0.5],
					"cubes": [
						{"origin": [-4, 0.15, -5.5], "size": [3, 3, 4], "uv": [50, 0]}
					]
				},
				{
					"name": "foot0",
					"parent": "leg0",
					"pivot": [-2.5, 1.9, 1]
				},
				{
					"name": "leg1",
					"parent": "legs",
					"pivot": [2.5, 3.15, 0.5],
					"cubes": [
						{"origin": [1, 0.15, -5.5], "size": [3, 3, 4], "uv": [50, 0], "mirror": true}
					]
				},
				{
					"name": "foot1",
					"parent": "leg1",
					"pivot": [2.5, 1.9, 1]
				}
			]
		}
	]
}