{
	"format_version": "1.12.0",
	"minecraft:geometry": [
		{
			"description": {
				"identifier": "geometry.pod_farm.yak",
				"texture_width": 128,
				"texture_height": 128,
				"visible_bounds_width": 6,
				"visible_bounds_height": 5,
				"visible_bounds_offset": [0, 1.5, 0]
			},
			"bones": [
				{
					"name": "body",
					"pivot": [0, 19, 2],
					"rotation": [90, 0, 0],
					"cubes": [
						{"origin": [-7, 10, -5], "size": [14, 11, 11], "uv": [49, 7]},
						{"origin": [-8, 21, -6], "size": [16, 11, 12], "uv": [4, 18]}
					]
				},
				{
					"name": "fur",
					"parent": "body",
					"pivot": [0, 20, 1],
					"cubes": [
						{"origin": [-7, 9.7, -10.125], "size": [14, 11, 16], "inflate": 0.3, "uv": [50, 29]},
						{"origin": [-8, 21.275, -12.1], "size": [16, 11, 18], "inflate": 0.3, "uv": [0, 41]}
					]
				},
				{
					"name": "neck",
					"pivot": [0, 19, -12]
				},
				{
					"name": "head",
					"parent": "neck",
					"pivot": [0, 19, -11],
					"cubes": [
						{"origin": [-4, 14, -17], "size": [8, 8, 6], "uv": [18, 4]},
						{"origin": [-4, 13.75, -17], "size": [8, 8, 6], "inflate": 0.3, "uv": [71, 56]},
						{"origin": [-3, 14, -19], "size": [6, 4, 2], "uv": [0, 16]},
						{"origin": [-7, 17, -15.075], "size": [14, 3, 0], "uv": [24, 0]}
					],
					"locators": {
						"lead": [0, 14, -12]
					}
				},
				{
					"name": "horns",
					"parent": "head",
					"pivot": [0, 41.91907, -28.35511]
				},
				{
					"name": "hornright",
					"parent": "horns",
					"pivot": [0, 21, -11],
					"cubes": [
						{"origin": [-8, 19, -15], "size": [4, 2, 2], "uv": [12, 0]},
						{"origin": [-8, 21, -15], "size": [2, 4, 2], "uv": [16, 4]}
					]
				},
				{
					"name": "hornleft",
					"parent": "horns",
					"pivot": [0, 21, -11],
					"cubes": [
						{"origin": [4, 19, -15], "size": [4, 2, 2], "uv": [12, 0], "mirror": true},
						{"origin": [6, 21, -15], "size": [2, 4, 2], "uv": [16, 4], "mirror": true}
					]
				},
				{
					"name": "leg0",
					"pivot": [-6, 12, 9],
					"cubes": [
						{"origin": [-6, 0, 7], "size": [4, 12, 4], "uv": [0, 0]}
					]
				},
				{
					"name": "leg1",
					"pivot": [5, 12, 9],
					"cubes": [
						{"origin": [2, 0, 7], "size": [4, 12, 4], "uv": [0, 0], "mirror": true}
					]
				},
				{
					"name": "leg2",
					"pivot": [-5, 12, -8],
					"cubes": [
						{"origin": [-7, 0, -10], "size": [4, 12, 4], "uv": [0, 0]}
					]
				},
				{
					"name": "leg3",
					"pivot": [5, 12, -8],
					"cubes": [
						{"origin": [3, 0, -10], "size": [4, 12, 4], "uv": [0, 0], "mirror": true}
					]
				}
			]
		}
	]
}