{
	"format_version": "1.10.0",
	"particle_effect": {
		"description": {
			"identifier": "xp_furniture:grow_lamp.top_glow",
			"basic_render_parameters": {
				"material": "particles_add",
				"texture": "textures/xp/fpack/particle/xp_sprite"
			}
		},
		"curves": {
			"variable.size": {
				"type": "bezier",
				"input": "v.particle_age",
				"horizontal_range": "v.particle_lifetime",
				"nodes": [0, 2.38, 1, 1]
			},
			"variable.color": {
				"type": "linear",
				"input": "v.particle_age",
				"horizontal_range": "v.particle_lifetime",
				"nodes": [0, 1]
			},
			"variable.size2": {
				"type": "linear",
				"input": "v.particle_age",
				"horizontal_range": "v.particle_lifetime",
				"nodes": [1, 1.275]
			}
		},
		"components": {
			"minecraft:emitter_local_space": {
				"position": true,
				"rotation": true
			},
			"minecraft:emitter_rate_instant": {
				"num_particles": 1
			},
			"minecraft:emitter_lifetime_expression": {
				"activation_expression": "q.is_alive",
				"expiration_expression": "!q.is_alive"
			},
			"minecraft:emitter_shape_point": {
				"offset": [0, 0.6075, 0]
			},
			"minecraft:particle_lifetime_expression": {
				"max_lifetime": 999999,
				"expiration_expression": "!q.is_alive"
			},
			"minecraft:particle_appearance_billboard": {
				"size": [0.75, 0.75],
				"facing_camera_mode": "direction_z",
				"direction": {
					"mode": "custom",
					"custom_direction": [0, 1, 0]
				},
				"uv": {
					"texture_width": 256,
					"texture_height": 256,
					"uv": [128, 192],
					"uv_size": [64, 64]
				}
			},
			"minecraft:particle_appearance_tinting": {
				"color": {
					"interpolant": "1+math.sin(v.particle_age)",
					"gradient": {
						"0.0": "#CFFFC661",
						"0.46": "#FFFFBD3F",
						"1.0": "#CFFFC661"
					}
				}
			}
		}
	}
}