{
  "resource_pack_name": "pod_farm",
  "texture_name": "atlas.terrain",
  "padding": 8,
  "num_mip_levels": 4,
  "texture_data": {
    "pod_farm:juicer_apple": {
      "textures": "textures/podcrash/farm/blocks/juicer/juicer_apple.png"
    },
    "pod_farm:juicer_blackberry": {
      "textures": "textures/podcrash/farm/blocks/juicer/juicer_blackberry.png"
    },
    "pod_farm:juicer_blueberry": {
      "textures": "textures/podcrash/farm/blocks/juicer/juicer_blueberry.png"
    },
    "pod_farm:juicer_cranberry": {
      "textures": "textures/podcrash/farm/blocks/juicer/juicer_cranberry.png"
    },
    "pod_farm:juicer_grape": {
      "textures": "textures/podcrash/farm/blocks/juicer/juicer_grape.png"
    },
    "pod_farm:juicer_orange": {
      "textures": "textures/podcrash/farm/blocks/juicer/juicer_orange.png"
    },
    "pod_farm:juicer_pear": {
      "textures": "textures/podcrash/farm/blocks/juicer/juicer_pear.png"
    },
    "pod_farm:juicer_pineapple": {
      "textures": "textures/podcrash/farm/blocks/juicer/juicer_pineapple.png"
    },
    "pod_farm:juicer_raspberry": {
      "textures": "textures/podcrash/farm/blocks/juicer/juicer_raspberry.png"
    },
    "pod_farm:juicer_strawberry": {
      "textures": "textures/podcrash/farm/blocks/juicer/juicer_strawberry.png"
    },
    "pod_farm:juicer_tomato": {
      "textures": "textures/podcrash/farm/blocks/juicer/juicer_tomato.png"
    },
    "pod_farm:juicer_carrot": {
      "textures": "textures/podcrash/farm/blocks/juicer/juicer_carrot.png"
    },
    "pod_farm:juicer_golden_apple": {
      "textures": "textures/podcrash/farm/blocks/juicer/juicer_golden_apple.png"
    },
    "pod_farm:juicer_lemon": {
      "textures": "textures/podcrash/farm/blocks/juicer/juicer_lemon.png"
    },
    "pod_farm:drink_glass": {
      "textures": "textures/podcrash/farm/blocks/drink_glass.png"
    },
    "pod_farm:cup": {
      "textures": "textures/podcrash/farm/blocks/cup.png"
    },
    "pod_farm:tin_can_empty": {
      "textures": "textures/podcrash/farm/blocks/tin_can/empty.png"
    },
    "pod_farm:tin_can_beans": {
      "textures": "textures/podcrash/farm/blocks/tin_can/beans.png"
    },
    "pod_farm:tin_can_corn": {
      "textures": "textures/podcrash/farm/blocks/tin_can/corn.png"
    },
    "pod_farm:tin_can_cranberries": {
      "textures": "textures/podcrash/farm/blocks/tin_can/cranberries.png"
    },
    "pod_farm:tin_can_lemons": {
      "textures": "textures/podcrash/farm/blocks/tin_can/lemons.png"
    },
    "pod_farm:tin_can_peaches": {
      "textures": "textures/podcrash/farm/blocks/tin_can/peaches.png"
    },
    "pod_farm:tin_can_pears": {
      "textures": "textures/podcrash/farm/blocks/tin_can/pears.png"
    },
    "pod_farm:tin_can_peas": {
      "textures": "textures/podcrash/farm/blocks/tin_can/peas.png"
    },
    "pod_farm:tin_can_pineapples": {
      "textures": "textures/podcrash/farm/blocks/tin_can/pineapples.png"
    },
    "pod_farm:tin_can_raspberries": {
      "textures": "textures/podcrash/farm/blocks/tin_can/raspberries.png"
    },
    "pod_farm:tin_can_tomatoes": {
      "textures": "textures/podcrash/farm/blocks/tin_can/tomatoes.png"
    },
    "pod_farm:grill": {
      "textures": "textures/podcrash/farm/blocks/grill.png"
    },
    "pod_farm:oven": {
      "textures": "textures/podcrash/farm/blocks/oven.png"
    },
    "pod_farm:toaster": {
      "textures": "textures/podcrash/farm/blocks/toaster.png"
    },
    "pod_farm:blender": {
      "textures": "textures/podcrash/farm/blocks/blender.png"
    },
    "pod_farm:stove_top_iron": {
      "textures": "textures/podcrash/farm/blocks/stove_top_iron.png"
    },
    "pod_farm:stove_top_copper": {
      "textures": "textures/podcrash/farm/blocks/stove_top_copper.png"
    },
    "pod_farm:fridge_item": {
      "textures": "textures/podcrash/farm/entity/fridge.png"
    },
    "pod_farm:iron_pot": {
      "textures": "textures/podcrash/farm/blocks/iron_pot.png"
    },
    "pod_farm:iron_kettle": {
      "textures": "textures/podcrash/farm/blocks/iron_kettle.png"
    },
    "pod_farm:iron_pan": {
      "textures": "textures/podcrash/farm/blocks/iron_pan.png"
    },
    "pod_farm:copper_pot": {
      "textures": "textures/podcrash/farm/blocks/copper_pot.png"
    },
    "pod_farm:copper_kettle": {
      "textures": "textures/podcrash/farm/blocks/copper_kettle.png"
    },
    "pod_farm:copper_pan": {
      "textures": "textures/podcrash/farm/blocks/copper_pan.png"
    },
    "pod_farm:collision_block": {
      "textures": "textures/podcrash/farm/blocks/collision_block.png"
    },
    "pod_farm:jam_jar_blackberry": {
      "textures": "textures/podcrash/farm/blocks/jar/jam_blackberry.png"
    },
    "pod_farm:jam_jar_blueberry": {
      "textures": "textures/podcrash/farm/blocks/jar/jam_blueberry.png"
    },
    "pod_farm:jam_jar_chili": {
      "textures": "textures/podcrash/farm/blocks/jar/jam_chili.png"
    },
    "pod_farm:jam_jar_grape": {
      "textures": "textures/podcrash/farm/blocks/jar/jam_grape.png"
    },
    "pod_farm:jam_jar_marmalade": {
      "textures": "textures/podcrash/farm/blocks/jar/jam_marmalade.png"
    },
    "pod_farm:jam_jar_peach": {
      "textures": "textures/podcrash/farm/blocks/jar/jam_peach.png"
    },
    "pod_farm:jam_jar_raspberry": {
      "textures": "textures/podcrash/farm/blocks/jar/jam_raspberry.png"
    },
    "pod_farm:jam_jar_strawberry": {
      "textures": "textures/podcrash/farm/blocks/jar/jam_strawberry.png"
    },
    "pod_farm:jar_peanut_butter": {
      "textures": "textures/podcrash/farm/blocks/jar/peanut_butter.png"
    },

    "pod_farm:pineapple_plant_1": {
      "textures": "textures/podcrash/farm/blocks/crops/pineapple/growth_1.png"
    },
    "pod_farm:pineapple_plant_2": {
      "textures": "textures/podcrash/farm/blocks/crops/pineapple/growth_2.png"
    },
    "pod_farm:pineapple_plant_3": {
      "textures": "textures/podcrash/farm/blocks/crops/pineapple/growth_3.png"
    },
    "pod_farm:pineapple_plant_4": {
      "textures": "textures/podcrash/farm/blocks/crops/pineapple/growth_4.png"
    },
    "pod_farm:pineapple_plant_5": {
      "textures": "textures/podcrash/farm/blocks/crops/pineapple/growth_5.png"
    },
    "pod_farm:tea_plant_1": {
      "textures": "textures/podcrash/farm/blocks/crops/tea/growth_1.png"
    },
    "pod_farm:tea_plant_2": {
      "textures": "textures/podcrash/farm/blocks/crops/tea/growth_2.png"
    },
    "pod_farm:tea_plant_3": {
      "textures": "textures/podcrash/farm/blocks/crops/tea/growth_3.png"
    },
    "pod_farm:tea_plant_4": {
      "textures": "textures/podcrash/farm/blocks/crops/tea/growth_4.png"
    },
    "pod_farm:tea_plant_5": {
      "textures": "textures/podcrash/farm/blocks/crops/tea/growth_5.png"
    },
    "pod_farm:grape_vine_1": {
      "textures": "textures/podcrash/farm/blocks/crops/grape_vine/growth_1.png"
    },
    "pod_farm:grape_vine_2": {
      "textures": "textures/podcrash/farm/blocks/crops/grape_vine/growth_2.png"
    },
    "pod_farm:grape_vine_3": {
      "textures": "textures/podcrash/farm/blocks/crops/grape_vine/growth_3.png"
    },
    "pod_farm:grape_vine_4": {
      "textures": "textures/podcrash/farm/blocks/crops/grape_vine/growth_4.png"
    },
    "pod_farm:grape_vine_5": {
      "textures": "textures/podcrash/farm/blocks/crops/grape_vine/growth_5.png"
    },
    "pod_farm:grape_vine_6": {
      "textures": "textures/podcrash/farm/blocks/crops/grape_vine/growth_6.png"
    },
    "pod_farm:grape_vine_7": {
      "textures": "textures/podcrash/farm/blocks/crops/grape_vine/growth_7.png"
    },
    "pod_farm:bean_1": {
      "textures": "textures/podcrash/farm/blocks/crops/farmland/bean/growth_1.png"
    },
    "pod_farm:bean_2": {
      "textures": "textures/podcrash/farm/blocks/crops/farmland/bean/growth_2.png"
    },
    "pod_farm:bean_3": {
      "textures": "textures/podcrash/farm/blocks/crops/farmland/bean/growth_3.png"
    },
    "pod_farm:bean_4": {
      "textures": "textures/podcrash/farm/blocks/crops/farmland/bean/growth_4.png"
    },
    "pod_farm:bean_5": {
      "textures": "textures/podcrash/farm/blocks/crops/farmland/bean/growth_5.png"
    },
    "pod_farm:bean_6": {
      "textures": "textures/podcrash/farm/blocks/crops/farmland/bean/growth_6.png"
    },
    "pod_farm:bean_7": {
      "textures": "textures/podcrash/farm/blocks/crops/farmland/bean/growth_7.png"
    },
    "pod_farm:bell_pepper_1": {
      "textures": "textures/podcrash/farm/blocks/crops/farmland/bell_pepper/growth_1.png"
    },
    "pod_farm:bell_pepper_2": {
      "textures": "textures/podcrash/farm/blocks/crops/farmland/bell_pepper/growth_2.png"
    },
    "pod_farm:bell_pepper_3": {
      "textures": "textures/podcrash/farm/blocks/crops/farmland/bell_pepper/growth_3.png"
    },
    "pod_farm:bell_pepper_4": {
      "textures": "textures/podcrash/farm/blocks/crops/farmland/bell_pepper/growth_4.png"
    },
    "pod_farm:bell_pepper_5": {
      "textures": "textures/podcrash/farm/blocks/crops/farmland/bell_pepper/growth_5.png"
    },
    "pod_farm:bell_pepper_6": {
      "textures": "textures/podcrash/farm/blocks/crops/farmland/bell_pepper/growth_6.png"
    },
    "pod_farm:bell_pepper_7": {
      "textures": "textures/podcrash/farm/blocks/crops/farmland/bell_pepper/growth_7.png"
    },
    "pod_farm:chili_1": {
      "textures": "textures/podcrash/farm/blocks/crops/farmland/chili/growth_1.png"
    },
    "pod_farm:chili_2": {
      "textures": "textures/podcrash/farm/blocks/crops/farmland/chili/growth_2.png"
    },
    "pod_farm:chili_3": {
      "textures": "textures/podcrash/farm/blocks/crops/farmland/chili/growth_3.png"
    },
    "pod_farm:chili_4": {
      "textures": "textures/podcrash/farm/blocks/crops/farmland/chili/growth_4.png"
    },
    "pod_farm:chili_5": {
      "textures": "textures/podcrash/farm/blocks/crops/farmland/chili/growth_5.png"
    },
    "pod_farm:chili_6": {
      "textures": "textures/podcrash/farm/blocks/crops/farmland/chili/growth_6.png"
    },
    "pod_farm:chili_7": {
      "textures": "textures/podcrash/farm/blocks/crops/farmland/chili/growth_7.png"
    },
    "pod_farm:cucumber_1": {
      "textures": "textures/podcrash/farm/blocks/crops/farmland/cucumber/growth_1.png"
    },
    "pod_farm:cucumber_2": {
      "textures": "textures/podcrash/farm/blocks/crops/farmland/cucumber/growth_2.png"
    },
    "pod_farm:cucumber_3": {
      "textures": "textures/podcrash/farm/blocks/crops/farmland/cucumber/growth_3.png"
    },
    "pod_farm:cucumber_4": {
      "textures": "textures/podcrash/farm/blocks/crops/farmland/cucumber/growth_4.png"
    },
    "pod_farm:cucumber_5": {
      "textures": "textures/podcrash/farm/blocks/crops/farmland/cucumber/growth_5.png"
    },
    "pod_farm:cucumber_6": {
      "textures": "textures/podcrash/farm/blocks/crops/farmland/cucumber/growth_6.png"
    },
    "pod_farm:cucumber_7": {
      "textures": "textures/podcrash/farm/blocks/crops/farmland/cucumber/growth_7.png"
    },
    "pod_farm:tomato_1": {
      "textures": "textures/podcrash/farm/blocks/crops/farmland/tomato/growth_1.png"
    },
    "pod_farm:tomato_2": {
      "textures": "textures/podcrash/farm/blocks/crops/farmland/tomato/growth_2.png"
    },
    "pod_farm:tomato_3": {
      "textures": "textures/podcrash/farm/blocks/crops/farmland/tomato/growth_3.png"
    },
    "pod_farm:tomato_4": {
      "textures": "textures/podcrash/farm/blocks/crops/farmland/tomato/growth_4.png"
    },
    "pod_farm:tomato_5": {
      "textures": "textures/podcrash/farm/blocks/crops/farmland/tomato/growth_5.png"
    },
    "pod_farm:tomato_6": {
      "textures": "textures/podcrash/farm/blocks/crops/farmland/tomato/growth_6.png"
    },
    "pod_farm:tomato_7": {
      "textures": "textures/podcrash/farm/blocks/crops/farmland/tomato/growth_7.png"
    },
    "pod_farm:vanilla_1": {
      "textures": "textures/podcrash/farm/blocks/crops/farmland/vanilla/growth_1.png"
    },
    "pod_farm:vanilla_2": {
      "textures": "textures/podcrash/farm/blocks/crops/farmland/vanilla/growth_2.png"
    },
    "pod_farm:vanilla_3": {
      "textures": "textures/podcrash/farm/blocks/crops/farmland/vanilla/growth_3.png"
    },
    "pod_farm:vanilla_4": {
      "textures": "textures/podcrash/farm/blocks/crops/farmland/vanilla/growth_4.png"
    },
    "pod_farm:vanilla_5": {
      "textures": "textures/podcrash/farm/blocks/crops/farmland/vanilla/growth_5.png"
    },
    "pod_farm:vanilla_6": {
      "textures": "textures/podcrash/farm/blocks/crops/farmland/vanilla/growth_6.png"
    },
    "pod_farm:vanilla_7": {
      "textures": "textures/podcrash/farm/blocks/crops/farmland/vanilla/growth_7.png"
    },
    "pod_farm:broccoli_1": {
      "textures": "textures/podcrash/farm/blocks/crops/farmland/broccoli/growth_1.png"
    },
    "pod_farm:broccoli_2": {
      "textures": "textures/podcrash/farm/blocks/crops/farmland/broccoli/growth_2.png"
    },
    "pod_farm:broccoli_3": {
      "textures": "textures/podcrash/farm/blocks/crops/farmland/broccoli/growth_3.png"
    },
    "pod_farm:broccoli_4": {
      "textures": "textures/podcrash/farm/blocks/crops/farmland/broccoli/growth_4.png"
    },
    "pod_farm:broccoli_5": {
      "textures": "textures/podcrash/farm/blocks/crops/farmland/broccoli/growth_5.png"
    },
    "pod_farm:broccoli_6": {
      "textures": "textures/podcrash/farm/blocks/crops/farmland/broccoli/growth_6.png"
    },
    "pod_farm:broccoli_7": {
      "textures": "textures/podcrash/farm/blocks/crops/farmland/broccoli/growth_7.png"
    },
    "pod_farm:cauliflower_1": {
      "textures": "textures/podcrash/farm/blocks/crops/farmland/cauliflower/growth_1.png"
    },
    "pod_farm:cauliflower_2": {
      "textures": "textures/podcrash/farm/blocks/crops/farmland/cauliflower/growth_2.png"
    },
    "pod_farm:cauliflower_3": {
      "textures": "textures/podcrash/farm/blocks/crops/farmland/cauliflower/growth_3.png"
    },
    "pod_farm:cauliflower_4": {
      "textures": "textures/podcrash/farm/blocks/crops/farmland/cauliflower/growth_4.png"
    },
    "pod_farm:cauliflower_5": {
      "textures": "textures/podcrash/farm/blocks/crops/farmland/cauliflower/growth_5.png"
    },
    "pod_farm:cauliflower_6": {
      "textures": "textures/podcrash/farm/blocks/crops/farmland/cauliflower/growth_6.png"
    },
    "pod_farm:cauliflower_7": {
      "textures": "textures/podcrash/farm/blocks/crops/farmland/cauliflower/growth_7.png"
    },
    "pod_farm:cotton_1": {
      "textures": "textures/podcrash/farm/blocks/crops/farmland/cotton/growth_1.png"
    },
    "pod_farm:cotton_2": {
      "textures": "textures/podcrash/farm/blocks/crops/farmland/cotton/growth_2.png"
    },
    "pod_farm:cotton_3": {
      "textures": "textures/podcrash/farm/blocks/crops/farmland/cotton/growth_3.png"
    },
    "pod_farm:cotton_4": {
      "textures": "textures/podcrash/farm/blocks/crops/farmland/cotton/growth_4.png"
    },
    "pod_farm:cotton_5": {
      "textures": "textures/podcrash/farm/blocks/crops/farmland/cotton/growth_5.png"
    },
    "pod_farm:cotton_6": {
      "textures": "textures/podcrash/farm/blocks/crops/farmland/cotton/growth_6.png"
    },
    "pod_farm:cotton_7": {
      "textures": "textures/podcrash/farm/blocks/crops/farmland/cotton/growth_7.png"
    },
    "pod_farm:ginger_1": {
      "textures": "textures/podcrash/farm/blocks/crops/farmland/ginger/growth_1.png"
    },
    "pod_farm:ginger_2": {
      "textures": "textures/podcrash/farm/blocks/crops/farmland/ginger/growth_2.png"
    },
    "pod_farm:ginger_3": {
      "textures": "textures/podcrash/farm/blocks/crops/farmland/ginger/growth_3.png"
    },
    "pod_farm:ginger_4": {
      "textures": "textures/podcrash/farm/blocks/crops/farmland/ginger/growth_4.png"
    },
    "pod_farm:ginger_5": {
      "textures": "textures/podcrash/farm/blocks/crops/farmland/ginger/growth_5.png"
    },
    "pod_farm:ginger_6": {
      "textures": "textures/podcrash/farm/blocks/crops/farmland/ginger/growth_6.png"
    },
    "pod_farm:ginger_7": {
      "textures": "textures/podcrash/farm/blocks/crops/farmland/ginger/growth_7.png"
    },
    "pod_farm:kohlrabi_1": {
      "textures": "textures/podcrash/farm/blocks/crops/farmland/kohlrabi/growth_1.png"
    },
    "pod_farm:kohlrabi_2": {
      "textures": "textures/podcrash/farm/blocks/crops/farmland/kohlrabi/growth_2.png"
    },
    "pod_farm:kohlrabi_3": {
      "textures": "textures/podcrash/farm/blocks/crops/farmland/kohlrabi/growth_3.png"
    },
    "pod_farm:kohlrabi_4": {
      "textures": "textures/podcrash/farm/blocks/crops/farmland/kohlrabi/growth_4.png"
    },
    "pod_farm:kohlrabi_5": {
      "textures": "textures/podcrash/farm/blocks/crops/farmland/kohlrabi/growth_5.png"
    },
    "pod_farm:kohlrabi_6": {
      "textures": "textures/podcrash/farm/blocks/crops/farmland/kohlrabi/growth_6.png"
    },
    "pod_farm:kohlrabi_7": {
      "textures": "textures/podcrash/farm/blocks/crops/farmland/kohlrabi/growth_7.png"
    },
    "pod_farm:lettuce_1": {
      "textures": "textures/podcrash/farm/blocks/crops/farmland/lettuce/growth_1.png"
    },
    "pod_farm:lettuce_2": {
      "textures": "textures/podcrash/farm/blocks/crops/farmland/lettuce/growth_2.png"
    },
    "pod_farm:lettuce_3": {
      "textures": "textures/podcrash/farm/blocks/crops/farmland/lettuce/growth_3.png"
    },
    "pod_farm:lettuce_4": {
      "textures": "textures/podcrash/farm/blocks/crops/farmland/lettuce/growth_4.png"
    },
    "pod_farm:lettuce_5": {
      "textures": "textures/podcrash/farm/blocks/crops/farmland/lettuce/growth_5.png"
    },
    "pod_farm:lettuce_6": {
      "textures": "textures/podcrash/farm/blocks/crops/farmland/lettuce/growth_6.png"
    },
    "pod_farm:lettuce_7": {
      "textures": "textures/podcrash/farm/blocks/crops/farmland/lettuce/growth_7.png"
    },
    "pod_farm:oat_1": {
      "textures": "textures/podcrash/farm/blocks/crops/farmland/oat/growth_1.png"
    },
    "pod_farm:oat_2": {
      "textures": "textures/podcrash/farm/blocks/crops/farmland/oat/growth_2.png"
    },
    "pod_farm:oat_3": {
      "textures": "textures/podcrash/farm/blocks/crops/farmland/oat/growth_3.png"
    },
    "pod_farm:oat_4": {
      "textures": "textures/podcrash/farm/blocks/crops/farmland/oat/growth_4.png"
    },
    "pod_farm:oat_5": {
      "textures": "textures/podcrash/farm/blocks/crops/farmland/oat/growth_5.png"
    },
    "pod_farm:oat_6": {
      "textures": "textures/podcrash/farm/blocks/crops/farmland/oat/growth_6.png"
    },
    "pod_farm:oat_7": {
      "textures": "textures/podcrash/farm/blocks/crops/farmland/oat/growth_7.png"
    },
    "pod_farm:onion_1": {
      "textures": "textures/podcrash/farm/blocks/crops/farmland/onion/growth_1.png"
    },
    "pod_farm:onion_2": {
      "textures": "textures/podcrash/farm/blocks/crops/farmland/onion/growth_2.png"
    },
    "pod_farm:onion_3": {
      "textures": "textures/podcrash/farm/blocks/crops/farmland/onion/growth_3.png"
    },
    "pod_farm:onion_4": {
      "textures": "textures/podcrash/farm/blocks/crops/farmland/onion/growth_4.png"
    },
    "pod_farm:onion_5": {
      "textures": "textures/podcrash/farm/blocks/crops/farmland/onion/growth_5.png"
    },
    "pod_farm:onion_6": {
      "textures": "textures/podcrash/farm/blocks/crops/farmland/onion/growth_6.png"
    },
    "pod_farm:onion_7": {
      "textures": "textures/podcrash/farm/blocks/crops/farmland/onion/growth_7.png"
    },
    "pod_farm:pea_1": {
      "textures": "textures/podcrash/farm/blocks/crops/farmland/pea/growth_1.png"
    },
    "pod_farm:pea_2": {
      "textures": "textures/podcrash/farm/blocks/crops/farmland/pea/growth_2.png"
    },
    "pod_farm:pea_3": {
      "textures": "textures/podcrash/farm/blocks/crops/farmland/pea/growth_3.png"
    },
    "pod_farm:pea_4": {
      "textures": "textures/podcrash/farm/blocks/crops/farmland/pea/growth_4.png"
    },
    "pod_farm:pea_5": {
      "textures": "textures/podcrash/farm/blocks/crops/farmland/pea/growth_5.png"
    },
    "pod_farm:pea_6": {
      "textures": "textures/podcrash/farm/blocks/crops/farmland/pea/growth_6.png"
    },
    "pod_farm:pea_7": {
      "textures": "textures/podcrash/farm/blocks/crops/farmland/pea/growth_7.png"
    },
    "pod_farm:peanut_1": {
      "textures": "textures/podcrash/farm/blocks/crops/farmland/peanut/growth_1.png"
    },
    "pod_farm:peanut_2": {
      "textures": "textures/podcrash/farm/blocks/crops/farmland/peanut/growth_2.png"
    },
    "pod_farm:peanut_3": {
      "textures": "textures/podcrash/farm/blocks/crops/farmland/peanut/growth_3.png"
    },
    "pod_farm:peanut_4": {
      "textures": "textures/podcrash/farm/blocks/crops/farmland/peanut/growth_4.png"
    },
    "pod_farm:peanut_5": {
      "textures": "textures/podcrash/farm/blocks/crops/farmland/peanut/growth_5.png"
    },
    "pod_farm:peanut_6": {
      "textures": "textures/podcrash/farm/blocks/crops/farmland/peanut/growth_6.png"
    },
    "pod_farm:peanut_7": {
      "textures": "textures/podcrash/farm/blocks/crops/farmland/peanut/growth_7.png"
    },
    "pod_farm:rhubarb_1": {
      "textures": "textures/podcrash/farm/blocks/crops/farmland/rhubarb/growth_1.png"
    },
    "pod_farm:rhubarb_2": {
      "textures": "textures/podcrash/farm/blocks/crops/farmland/rhubarb/growth_2.png"
    },
    "pod_farm:rhubarb_3": {
      "textures": "textures/podcrash/farm/blocks/crops/farmland/rhubarb/growth_3.png"
    },
    "pod_farm:rhubarb_4": {
      "textures": "textures/podcrash/farm/blocks/crops/farmland/rhubarb/growth_4.png"
    },
    "pod_farm:rhubarb_5": {
      "textures": "textures/podcrash/farm/blocks/crops/farmland/rhubarb/growth_5.png"
    },
    "pod_farm:rhubarb_6": {
      "textures": "textures/podcrash/farm/blocks/crops/farmland/rhubarb/growth_6.png"
    },
    "pod_farm:rhubarb_7": {
      "textures": "textures/podcrash/farm/blocks/crops/farmland/rhubarb/growth_7.png"
    },
    "pod_farm:rice_1": {
      "textures": "textures/podcrash/farm/blocks/crops/farmland/rice/growth_1.png"
    },
    "pod_farm:rice_2": {
      "textures": "textures/podcrash/farm/blocks/crops/farmland/rice/growth_2.png"
    },
    "pod_farm:rice_3": {
      "textures": "textures/podcrash/farm/blocks/crops/farmland/rice/growth_3.png"
    },
    "pod_farm:rice_4": {
      "textures": "textures/podcrash/farm/blocks/crops/farmland/rice/growth_4.png"
    },
    "pod_farm:rice_5": {
      "textures": "textures/podcrash/farm/blocks/crops/farmland/rice/growth_5.png"
    },
    "pod_farm:rice_6": {
      "textures": "textures/podcrash/farm/blocks/crops/farmland/rice/growth_6.png"
    },
    "pod_farm:rice_7": {
      "textures": "textures/podcrash/farm/blocks/crops/farmland/rice/growth_7.png"
    },
    "pod_farm:spinach_1": {
      "textures": "textures/podcrash/farm/blocks/crops/farmland/spinach/growth_1.png"
    },
    "pod_farm:spinach_2": {
      "textures": "textures/podcrash/farm/blocks/crops/farmland/spinach/growth_2.png"
    },
    "pod_farm:spinach_3": {
      "textures": "textures/podcrash/farm/blocks/crops/farmland/spinach/growth_3.png"
    },
    "pod_farm:spinach_4": {
      "textures": "textures/podcrash/farm/blocks/crops/farmland/spinach/growth_4.png"
    },
    "pod_farm:spinach_5": {
      "textures": "textures/podcrash/farm/blocks/crops/farmland/spinach/growth_5.png"
    },
    "pod_farm:spinach_6": {
      "textures": "textures/podcrash/farm/blocks/crops/farmland/spinach/growth_6.png"
    },
    "pod_farm:spinach_7": {
      "textures": "textures/podcrash/farm/blocks/crops/farmland/spinach/growth_7.png"
    },
    "pod_farm:sweet_potato_1": {
      "textures": "textures/podcrash/farm/blocks/crops/farmland/sweet_potato/growth_1.png"
    },
    "pod_farm:sweet_potato_2": {
      "textures": "textures/podcrash/farm/blocks/crops/farmland/sweet_potato/growth_2.png"
    },
    "pod_farm:sweet_potato_3": {
      "textures": "textures/podcrash/farm/blocks/crops/farmland/sweet_potato/growth_3.png"
    },
    "pod_farm:sweet_potato_4": {
      "textures": "textures/podcrash/farm/blocks/crops/farmland/sweet_potato/growth_4.png"
    },
    "pod_farm:sweet_potato_5": {
      "textures": "textures/podcrash/farm/blocks/crops/farmland/sweet_potato/growth_5.png"
    },
    "pod_farm:sweet_potato_6": {
      "textures": "textures/podcrash/farm/blocks/crops/farmland/sweet_potato/growth_6.png"
    },
    "pod_farm:sweet_potato_7": {
      "textures": "textures/podcrash/farm/blocks/crops/farmland/sweet_potato/growth_7.png"
    },
    "pod_farm:blackberry_bush_1": {
      "textures": "textures/podcrash/farm/blocks/crops/blackberry_bush/growth_1.png"
    },
    "pod_farm:blackberry_bush_2": {
      "textures": "textures/podcrash/farm/blocks/crops/blackberry_bush/growth_2.png"
    },
    "pod_farm:blackberry_bush_3": {
      "textures": "textures/podcrash/farm/blocks/crops/blackberry_bush/growth_3.png"
    },
    "pod_farm:blueberry_bush_1": {
      "textures": "textures/podcrash/farm/blocks/crops/blueberry_bush/growth_1.png"
    },
    "pod_farm:blueberry_bush_2": {
      "textures": "textures/podcrash/farm/blocks/crops/blueberry_bush/growth_2.png"
    },
    "pod_farm:blueberry_bush_3": {
      "textures": "textures/podcrash/farm/blocks/crops/blueberry_bush/growth_3.png"
    },
    "pod_farm:coffee_plant_1": {
      "textures": "textures/podcrash/farm/blocks/crops/coffee_plant/growth_1.png"
    },
    "pod_farm:coffee_plant_2": {
      "textures": "textures/podcrash/farm/blocks/crops/coffee_plant/growth_2.png"
    },
    "pod_farm:coffee_plant_3": {
      "textures": "textures/podcrash/farm/blocks/crops/coffee_plant/growth_3.png"
    },
    "pod_farm:coffee_plant_4": {
      "textures": "textures/podcrash/farm/blocks/crops/coffee_plant/growth_4.png"
    },
    "pod_farm:coffee_plant_5": {
      "textures": "textures/podcrash/farm/blocks/crops/coffee_plant/growth_5.png"
    },
    "pod_farm:cranberry_bush_1": {
      "textures": "textures/podcrash/farm/blocks/crops/cranberry_bush/growth_1.png"
    },
    "pod_farm:cranberry_bush_2": {
      "textures": "textures/podcrash/farm/blocks/crops/cranberry_bush/growth_2.png"
    },
    "pod_farm:cranberry_bush_3": {
      "textures": "textures/podcrash/farm/blocks/crops/cranberry_bush/growth_3.png"
    },
    "pod_farm:raspberry_bush_1": {
      "textures": "textures/podcrash/farm/blocks/crops/raspberry_bush/growth_1.png"
    },
    "pod_farm:raspberry_bush_2": {
      "textures": "textures/podcrash/farm/blocks/crops/raspberry_bush/growth_2.png"
    },
    "pod_farm:raspberry_bush_3": {
      "textures": "textures/podcrash/farm/blocks/crops/raspberry_bush/growth_3.png"
    },
    "pod_farm:strawberry_bush_1": {
      "textures": "textures/podcrash/farm/blocks/crops/strawberry_bush/growth_1.png"
    },
    "pod_farm:strawberry_bush_2": {
      "textures": "textures/podcrash/farm/blocks/crops/strawberry_bush/growth_2.png"
    },
    "pod_farm:strawberry_bush_3": {
      "textures": "textures/podcrash/farm/blocks/crops/strawberry_bush/growth_3.png"
    },
    "pod_farm:corn_1": {
      "textures": "textures/podcrash/farm/blocks/crops/farmland/corn/growth_1.png"
    },
    "pod_farm:corn_2": {
      "textures": "textures/podcrash/farm/blocks/crops/farmland/corn/growth_2.png"
    },
    "pod_farm:corn_3": {
      "textures": "textures/podcrash/farm/blocks/crops/farmland/corn/growth_3.png"
    },
    "pod_farm:corn_4": {
      "textures": "textures/podcrash/farm/blocks/crops/farmland/corn/growth_4.png"
    },
    "pod_farm:corn_5": {
      "textures": "textures/podcrash/farm/blocks/crops/farmland/corn/growth_5.png"
    },
    "pod_farm:corn_6": {
      "textures": "textures/podcrash/farm/blocks/crops/farmland/corn/growth_6.png"
    },
    "pod_farm:corn_7": {
      "textures": "textures/podcrash/farm/blocks/crops/farmland/corn/growth_7.png"
    },
    "pod_farm:coconut": {
      "textures": "textures/podcrash/farm/blocks/crops/coconut.png"
    },

    "pod_farm:apple_leaves": {
      "textures": "textures/podcrash/farm/blocks/trees/apple_leaves.png"
    },
    "pod_farm:apple_log": {
      "textures": "textures/podcrash/farm/blocks/trees/apple_log.png"
    },
    "pod_farm:stripped_apple_log": {
      "textures": "textures/podcrash/farm/blocks/trees/stripped_apple_log.png"
    },
    "pod_farm:apple_wood": {
      "textures": "textures/podcrash/farm/blocks/trees/apple_log.png"
    },
    "pod_farm:stripped_apple_wood": {
      "textures": "textures/podcrash/farm/blocks/trees/stripped_apple_log.png"
    },
    "pod_farm:lemon_leaves": {
      "textures": "textures/podcrash/farm/blocks/trees/lemon_leaves.png"
    },
    "pod_farm:lemon_log": {
      "textures": "textures/podcrash/farm/blocks/trees/lemon_log.png"
    },
    "pod_farm:stripped_lemon_log": {
      "textures": "textures/podcrash/farm/blocks/trees/stripped_lemon_log.png"
    },
    "pod_farm:lemon_wood": {
      "textures": "textures/podcrash/farm/blocks/trees/lemon_log.png"
    },
    "pod_farm:stripped_lemon_wood": {
      "textures": "textures/podcrash/farm/blocks/trees/stripped_lemon_log.png"
    },
    "pod_farm:orange_leaves": {
      "textures": "textures/podcrash/farm/blocks/trees/orange_leaves.png"
    },
    "pod_farm:orange_log": {
      "textures": "textures/podcrash/farm/blocks/trees/orange_log.png"
    },
    "pod_farm:stripped_orange_log": {
      "textures": "textures/podcrash/farm/blocks/trees/stripped_orange_log.png"
    },
    "pod_farm:orange_wood": {
      "textures": "textures/podcrash/farm/blocks/trees/orange_log.png"
    },
    "pod_farm:stripped_orange_wood": {
      "textures": "textures/podcrash/farm/blocks/trees/stripped_orange_log.png"
    },
    "pod_farm:pear_leaves": {
      "textures": "textures/podcrash/farm/blocks/trees/pear_leaves.png"
    },
    "pod_farm:pear_log": {
      "textures": "textures/podcrash/farm/blocks/trees/pear_log.png"
    },
    "pod_farm:stripped_pear_log": {
      "textures": "textures/podcrash/farm/blocks/trees/stripped_pear_log.png"
    },
    "pod_farm:pear_wood": {
      "textures": "textures/podcrash/farm/blocks/trees/pear_log.png"
    },
    "pod_farm:stripped_pear_wood": {
      "textures": "textures/podcrash/farm/blocks/trees/stripped_pear_log.png"
    },
    "pod_farm:avocado_leaves": {
      "textures": "textures/podcrash/farm/blocks/trees/avocado_leaves.png"
    },
    "pod_farm:avocado_log": {
      "textures": "textures/podcrash/farm/blocks/trees/avocado_log.png"
    },
    "pod_farm:stripped_avocado_log": {
      "textures": "textures/podcrash/farm/blocks/trees/stripped_avocado_log.png"
    },
    "pod_farm:avocado_wood": {
      "textures": "textures/podcrash/farm/blocks/trees/avocado_log.png"
    },
    "pod_farm:stripped_avocado_wood": {
      "textures": "textures/podcrash/farm/blocks/trees/stripped_avocado_log.png"
    },
    "pod_farm:peach_leaves": {
      "textures": "textures/podcrash/farm/blocks/trees/peach_leaves.png"
    },
    "pod_farm:peach_log": {
      "textures": "textures/podcrash/farm/blocks/trees/peach_log.png"
    },
    "pod_farm:stripped_peach_log": {
      "textures": "textures/podcrash/farm/blocks/trees/stripped_peach_log.png"
    },
    "pod_farm:peach_wood": {
      "textures": "textures/podcrash/farm/blocks/trees/peach_log.png"
    },
    "pod_farm:stripped_peach_wood": {
      "textures": "textures/podcrash/farm/blocks/trees/stripped_peach_log.png"
    },
    "pod_farm:banana_leaf": {
      "textures": "textures/podcrash/farm/blocks/trees/banana_leaf.png"
    },
    "pod_farm:stripped_banana_wood": {
      "textures": "textures/podcrash/farm/blocks/trees/stripped_banana_log.png"
    },
    "pod_farm:banana_wood": {
      "textures": "textures/podcrash/farm/blocks/trees/banana_log.png"
    },
    "pod_farm:stripped_banana_log": {
      "textures": "textures/podcrash/farm/blocks/trees/stripped_banana_log.png"
    },
    "pod_farm:banana_cluster": {
      "textures": "textures/podcrash/farm/blocks/trees/banana_cluster.png"
    },
    "pod_farm:banana_log": {
      "textures": "textures/podcrash/farm/blocks/trees/banana_log.png"
    },
    "pod_farm:apple_tree_sapling": {
      "textures": "textures/podcrash/farm/blocks/trees/apple_sapling.png"
    },
    "pod_farm:pear_tree_sapling": {
      "textures": "textures/podcrash/farm/blocks/trees/pear_sapling.png"
    },
    "pod_farm:peach_tree_sapling": {
      "textures": "textures/podcrash/farm/blocks/trees/peach_sapling.png"
    },
    "pod_farm:avocado_tree_sapling": {
      "textures": "textures/podcrash/farm/blocks/trees/avocado_sapling.png"
    },
    "pod_farm:lemon_tree_sapling": {
      "textures": "textures/podcrash/farm/blocks/trees/lemon_sapling.png"
    },
    "pod_farm:orange_tree_sapling": {
      "textures": "textures/podcrash/farm/blocks/trees/orange_sapling.png"
    },
    "pod_farm:banana_tree_sapling": {
      "textures": "textures/podcrash/farm/blocks/trees/banana_sapling.png"
    }
  }
}
